{
"type": "FeatureCollection",
"name": "lad_boundaries_filtered",
"crs": { "type": "name", "properties": { "name": "urn:ogc:def:crs:OGC:1.3:CRS84" } },
"features": [
{ "type": "Feature", "properties": { "lad_code": "E06000023", "lad_name": "Bristol, City of", "city": "bristol" }, "geometry": { "type": "Polygon", "coordinates": [ [ [ -2.665420030465096, 51.530967241407623 ], [ -2.658125281408835, 51.526687862190357 ], [ -2.651399366378218, 51.520705659890908 ], [ -2.651662233592264, 51.519931865498378 ], [ -2.652714614991618, 51.519649061618864 ], [ -2.653740363272699, 51.518611052136897 ], [ -2.653201281272943, 51.516090125675746 ], [ -2.654490757411769, 51.514963536283574 ], [ -2.653955027367465, 51.514484534648858 ], [ -2.654483107432725, 51.51372543392408 ], [ -2.651504875741253, 51.512845545497854 ], [ -2.647159118593287, 51.512167390059631 ], [ -2.638511532288221, 51.512063692679789 ], [ -2.626128035553512, 51.514730896271111 ], [ -2.622621466880566, 51.514490565804536 ], [ -2.620896816133301, 51.514837877785382 ], [ -2.611132140625492, 51.513449527717967 ], [ -2.602441236930368, 51.513784036791613 ], [ -2.587987700689637, 51.517063771602871 ], [ -2.58098663546594, 51.5174097770728 ], [ -2.583085584532174, 51.512944963407584 ], [ -2.585850346182348, 51.512672210349677 ], [ -2.589226405437039, 51.511536795038474 ], [ -2.591221242325533, 51.509683472292224 ], [ -2.590501514137811, 51.508406708624491 ], [ -2.588018865811273, 51.507731348370662 ], [ -2.588543368810878, 51.505611181041807 ], [ -2.587861896451021, 51.504942043553093 ], [ -2.587688503500837, 51.503450290782148 ], [ -2.58814845112141, 51.501236063591314 ], [ -2.585243046017349, 51.501157116130251 ], [ -2.585626402525019, 51.501845737164864 ], [ -2.584517161985804, 51.502642483448263 ], [ -2.579869336913486, 51.50068106413989 ], [ -2.575475929723964, 51.500753137524413 ], [ -2.569926485572457, 51.499247172762622 ], [ -2.569086105758611, 51.499550678541738 ], [ -2.565063980878022, 51.497582127714956 ], [ -2.565337700739232, 51.496186165789048 ], [ -2.564719115707453, 51.496136112099592 ], [ -2.564787832687205, 51.495517158495858 ], [ -2.5622397407221, 51.495293894556596 ], [ -2.560075855961248, 51.49644342688935 ], [ -2.554661223440053, 51.496349615422581 ], [ -2.556154598901838, 51.494062302815998 ], [ -2.555347027915974, 51.492687668778068 ], [ -2.551600792464078, 51.4922342419746 ], [ -2.542170447515997, 51.492951688965277 ], [ -2.542536588737506, 51.494551384493469 ], [ -2.541742620243236, 51.495741962006427 ], [ -2.538950899889258, 51.495003979159762 ], [ -2.537703386066888, 51.497074208126357 ], [ -2.534328646523583, 51.496746168441803 ], [ -2.531740755495912, 51.495698672817916 ], [ -2.530285081026983, 51.496372478429436 ], [ -2.529349748587074, 51.496210361684639 ], [ -2.52775325875966, 51.494923683523027 ], [ -2.528554515709301, 51.494086524843077 ], [ -2.527937832166327, 51.493824937391196 ], [ -2.527472072666991, 51.492655499373022 ], [ -2.525329534402325, 51.493227021412409 ], [ -2.523339917799361, 51.492441114128134 ], [ -2.520685565959954, 51.492583274377054 ], [ -2.515864590939291, 51.493868798003035 ], [ -2.515318360827418, 51.493076394532785 ], [ -2.515965292685092, 51.492574480725779 ], [ -2.510998616247406, 51.489987812570234 ], [ -2.516798854482131, 51.485156389654229 ], [ -2.51523933631798, 51.481467728989884 ], [ -2.511477143021166, 51.47483404997589 ], [ -2.511071960476702, 51.47284771788717 ], [ -2.510834800846049, 51.471596222841839 ], [ -2.51150768059833, 51.470231991437359 ], [ -2.512608064015167, 51.470401661394952 ], [ -2.5129226843509, 51.46905238166741 ], [ -2.512284196584381, 51.468607430565001 ], [ -2.513251658701273, 51.465662978813327 ], [ -2.511402282934577, 51.465213372629186 ], [ -2.512245618250292, 51.46233505825321 ], [ -2.514258014521407, 51.461438758914852 ], [ -2.515362341999938, 51.459933188423463 ], [ -2.518463064228692, 51.459079757410571 ], [ -2.519214635106445, 51.457574811476746 ], [ -2.518463217731957, 51.455659337792333 ], [ -2.518594280359054, 51.454272197774003 ], [ -2.519176743368573, 51.453734680595865 ], [ -2.518936662122755, 51.452612653059973 ], [ -2.522277928578625, 51.449805002261762 ], [ -2.529931315395574, 51.448233964562888 ], [ -2.531666126746615, 51.446444025811836 ], [ -2.534768089277622, 51.446531488203007 ], [ -2.535606413477799, 51.447342338466328 ], [ -2.537680375072011, 51.447014538233063 ], [ -2.53912168974295, 51.446296186239152 ], [ -2.539224439294243, 51.445552105215583 ], [ -2.538058986870718, 51.444823744582806 ], [ -2.53609940550318, 51.444717183048475 ], [ -2.530779987360585, 51.445594711639238 ], [ -2.528322120996813, 51.444956628812299 ], [ -2.526751265653376, 51.443866675150055 ], [ -2.526448412471692, 51.442558869214679 ], [ -2.527043444089456, 51.436252160718851 ], [ -2.525354513022229, 51.43412600818656 ], [ -2.521663123866122, 51.43172021373303 ], [ -2.510700442481735, 51.429271522267364 ], [ -2.510461965943908, 51.428784274271578 ], [ -2.521940530818638, 51.431449216208428 ], [ -2.524001536159571, 51.43255133705334 ], [ -2.526289907103001, 51.43477909207737 ], [ -2.527892806343399, 51.433834091346611 ], [ -2.52667932322053, 51.433867873905101 ], [ -2.525463202927637, 51.432941389714678 ], [ -2.527388550791075, 51.431500329861358 ], [ -2.523747017661552, 51.429918854808491 ], [ -2.523838969062104, 51.428273890445958 ], [ -2.523031998317917, 51.425632097050133 ], [ -2.526837516662895, 51.4257382880931 ], [ -2.53131260952941, 51.423310082786735 ], [ -2.531220326781164, 51.422418513325681 ], [ -2.529254057302057, 51.421280942513377 ], [ -2.532605786293108, 51.419367615509273 ], [ -2.534454838220284, 51.417491618752706 ], [ -2.533270395169917, 51.417158936006565 ], [ -2.533522834498923, 51.416610260043633 ], [ -2.534344448549501, 51.416657753862587 ], [ -2.534208702918851, 51.414709681522545 ], [ -2.534815991331749, 51.414122181750074 ], [ -2.534501516968174, 51.413850727396273 ], [ -2.535511909739213, 51.412708631086659 ], [ -2.536925969881593, 51.412025998544458 ], [ -2.536006887687057, 51.411139115621005 ], [ -2.538598539327475, 51.410707348282521 ], [ -2.54094013825511, 51.40955368343419 ], [ -2.542315135621707, 51.408750710147288 ], [ -2.542321626802162, 51.408077215688557 ], [ -2.54334456958654, 51.407410696902716 ], [ -2.545426692669988, 51.408641790204086 ], [ -2.547483301176542, 51.409057561977463 ], [ -2.548847819061296, 51.408825460614622 ], [ -2.549015872616138, 51.409286893988281 ], [ -2.552907059881772, 51.409094114818274 ], [ -2.553146165113119, 51.409614535081481 ], [ -2.555859545411267, 51.409279792360948 ], [ -2.556199427432159, 51.40885101604453 ], [ -2.556085081173609, 51.411277543689884 ], [ -2.559670730609427, 51.411245187194076 ], [ -2.559554831793978, 51.411646746133115 ], [ -2.560874300088588, 51.411723226015944 ], [ -2.563136451760345, 51.408603036096267 ], [ -2.562253173744192, 51.408322233489365 ], [ -2.565376167912535, 51.406014256383799 ], [ -2.564725602835144, 51.405136278942578 ], [ -2.566839777190722, 51.404742053377035 ], [ -2.566594792348448, 51.404341334304966 ], [ -2.567588470013777, 51.404017319431794 ], [ -2.567165622583878, 51.403649824266324 ], [ -2.567569844390027, 51.403326864329152 ], [ -2.566500740861607, 51.402783522245542 ], [ -2.567099753186483, 51.402512657572991 ], [ -2.567565565097524, 51.401354128626778 ], [ -2.56823288574362, 51.401375164084889 ], [ -2.570753734675211, 51.399371184995196 ], [ -2.571826415406715, 51.399624032318876 ], [ -2.571990180449841, 51.400428930232437 ], [ -2.573444764566007, 51.400870466972634 ], [ -2.574046947927226, 51.400290235097017 ], [ -2.57634600806815, 51.401125993441781 ], [ -2.578102009914684, 51.39936391818096 ], [ -2.582009736932307, 51.400894747893837 ], [ -2.583003593597164, 51.399685889328019 ], [ -2.584397249606005, 51.400427022340772 ], [ -2.584412604713349, 51.400051109783078 ], [ -2.58518549889936, 51.400126355295093 ], [ -2.585094458730362, 51.399521660847491 ], [ -2.589928469014112, 51.398170258803376 ], [ -2.590131760759423, 51.397547006499011 ], [ -2.592189472479743, 51.398195972457245 ], [ -2.591838617542634, 51.397674427014074 ], [ -2.592547898530766, 51.397256502653406 ], [ -2.593511081431601, 51.397983976022289 ], [ -2.595733994184934, 51.397930443368523 ], [ -2.597566502139161, 51.399012753576855 ], [ -2.597048072640777, 51.40015728864195 ], [ -2.600936000467731, 51.400223795625017 ], [ -2.600995920770867, 51.399532851628472 ], [ -2.602787735560609, 51.398822311372619 ], [ -2.604292907221399, 51.399378357180694 ], [ -2.604870408599292, 51.400443558244319 ], [ -2.606500251306339, 51.401395442836751 ], [ -2.607219186165284, 51.40098082455831 ], [ -2.608420253481081, 51.401360317453403 ], [ -2.611600540490883, 51.401174761627232 ], [ -2.612492611835521, 51.40134718689503 ], [ -2.612342532106853, 51.402267831596795 ], [ -2.613708158064393, 51.402697738495867 ], [ -2.614065719222507, 51.40234969230584 ], [ -2.617466243794293, 51.402399237877873 ], [ -2.617362721221838, 51.401753283450503 ], [ -2.619156484709223, 51.401945174259488 ], [ -2.619096801014682, 51.403914744093882 ], [ -2.619658122534351, 51.40438469549936 ], [ -2.621924295019869, 51.404318752194953 ], [ -2.622320081234747, 51.403707905009973 ], [ -2.623228533745515, 51.40412835315378 ], [ -2.625928526531154, 51.403819922996874 ], [ -2.625802945753424, 51.403156115727811 ], [ -2.627953136181882, 51.401862396282404 ], [ -2.63046508912402, 51.402113276400058 ], [ -2.633249436838899, 51.403444296818371 ], [ -2.633149715410059, 51.405286354343225 ], [ -2.634893571716244, 51.406010702554738 ], [ -2.635461987825356, 51.406978719623986 ], [ -2.633266267805956, 51.407476112447895 ], [ -2.63168886715843, 51.408501570716126 ], [ -2.630880069067583, 51.410113728159899 ], [ -2.632350869414135, 51.410317943488579 ], [ -2.631118512898029, 51.41166612899643 ], [ -2.629783089585924, 51.41472423089315 ], [ -2.629118748808044, 51.414720608385366 ], [ -2.628740831581056, 51.416003049921514 ], [ -2.631223602524384, 51.415954205715884 ], [ -2.632521373408485, 51.41756793719631 ], [ -2.630608706135875, 51.418709439239514 ], [ -2.632460509588634, 51.420347616854471 ], [ -2.636313779856077, 51.422144896705319 ], [ -2.637083592153053, 51.423201700831264 ], [ -2.634033717245697, 51.425843878219922 ], [ -2.633466459637403, 51.430272651270577 ], [ -2.633495638522081, 51.435810418196098 ], [ -2.629522078130534, 51.437373914122773 ], [ -2.630519317182479, 51.438227281631157 ], [ -2.630006431525203, 51.438488117448735 ], [ -2.630372932472642, 51.439613650010656 ], [ -2.634231304928903, 51.439279022217157 ], [ -2.64008303725892, 51.440443116955208 ], [ -2.639893010407415, 51.441360414955206 ], [ -2.637969279868719, 51.441978746044093 ], [ -2.636628313619952, 51.443217905124726 ], [ -2.636841553685805, 51.444270538371164 ], [ -2.633082561810038, 51.447238429871298 ], [ -2.629656993724484, 51.446138281513853 ], [ -2.62700220904975, 51.446670466356679 ], [ -2.626422420799422, 51.448353179151319 ], [ -2.625798989304064, 51.448756613569799 ], [ -2.627932992983648, 51.452629653863433 ], [ -2.628680756931845, 51.454890624322793 ], [ -2.631847482016743, 51.457738325001316 ], [ -2.632089601153803, 51.458693726589175 ], [ -2.631538647667623, 51.459969033660869 ], [ -2.631842853407321, 51.461567997085488 ], [ -2.634363963774976, 51.466803603770586 ], [ -2.637193990032626, 51.468233245763486 ], [ -2.641472717509825, 51.469070341523874 ], [ -2.646099896368299, 51.470505202346594 ], [ -2.648730560265812, 51.472048027958209 ], [ -2.6504302986951, 51.473521354641434 ], [ -2.651130534137661, 51.473659494514074 ], [ -2.651810344518275, 51.477510403637474 ], [ -2.652617864940658, 51.479204483199922 ], [ -2.658817082578414, 51.484099474201869 ], [ -2.661349330391431, 51.486379407599458 ], [ -2.66357996969255, 51.486709833129858 ], [ -2.664595770417987, 51.48608698417717 ], [ -2.66550824465678, 51.484031922061341 ], [ -2.667329195109913, 51.482974784584449 ], [ -2.665899790154329, 51.483852168951074 ], [ -2.66490093132611, 51.486281192048587 ], [ -2.663500747549843, 51.486942526944837 ], [ -2.660779670863323, 51.486306415825219 ], [ -2.657260380205589, 51.483013455239821 ], [ -2.652560027348802, 51.479793767449451 ], [ -2.651576278954538, 51.47805572264474 ], [ -2.651169201326804, 51.473912999355733 ], [ -2.649502135558324, 51.473148870422577 ], [ -2.648676757650604, 51.472113046597151 ], [ -2.645591395429686, 51.470381257939394 ], [ -2.636802733708631, 51.468256946533081 ], [ -2.633906322543238, 51.466610028646386 ], [ -2.631547467077514, 51.461441822275738 ], [ -2.631215223718472, 51.457742962703342 ], [ -2.628358100889824, 51.454656750801668 ], [ -2.627773432004222, 51.452537021484517 ], [ -2.626214246416395, 51.450370859666052 ], [ -2.625100527750234, 51.447446675308669 ], [ -2.621584555637448, 51.445608590322195 ], [ -2.61920992049515, 51.445367668094079 ], [ -2.6055433900454, 51.446471298010266 ], [ -2.597890400796465, 51.445537702411421 ], [ -2.592642751022073, 51.445768409519204 ], [ -2.587521806476318, 51.445004774031666 ], [ -2.584795663852713, 51.445723332569763 ], [ -2.580111886534658, 51.447995074752008 ], [ -2.577392176911962, 51.447181665591359 ], [ -2.577814464126993, 51.444732038564823 ], [ -2.57716811779662, 51.444025805759111 ], [ -2.570843949817842, 51.442841998700068 ], [ -2.566693526170094, 51.444168614958393 ], [ -2.560636249720868, 51.445024115376654 ], [ -2.557842583702988, 51.446378974981947 ], [ -2.557600524125515, 51.44717494035163 ], [ -2.558590784236918, 51.44873477145584 ], [ -2.55394650619248, 51.451063229835469 ], [ -2.555261852102795, 51.450941855585874 ], [ -2.558920860314824, 51.449249350071341 ], [ -2.559185167342051, 51.448265314866937 ], [ -2.558323366935692, 51.446742630798816 ], [ -2.560593918891211, 51.445442398756541 ], [ -2.566798607863911, 51.444520567655466 ], [ -2.571064351965889, 51.443211364705128 ], [ -2.576693655107717, 51.444163876846133 ], [ -2.577190177171636, 51.444975213646593 ], [ -2.576865276484003, 51.447284938053855 ], [ -2.578355914195699, 51.448298120452982 ], [ -2.580623271028589, 51.448252750617698 ], [ -2.585582076840036, 51.445784127568196 ], [ -2.587804255750429, 51.445371999279075 ], [ -2.593291384249455, 51.446191390431892 ], [ -2.598682815446152, 51.445947245327524 ], [ -2.604438922896351, 51.446738671248504 ], [ -2.617434299798415, 51.445899392737701 ], [ -2.620893524641259, 51.446110428538248 ], [ -2.623740303238621, 51.447423359937446 ], [ -2.624263098436183, 51.448296383199903 ], [ -2.623114919103856, 51.448311483371583 ], [ -2.623499212272418, 51.448528863039989 ], [ -2.623168936720378, 51.448679838095721 ], [ -2.62428317911296, 51.449029066995394 ], [ -2.624433236779374, 51.449478801039696 ], [ -2.623989673148777, 51.449562065087193 ], [ -2.625178338822776, 51.450364211833332 ], [ -2.626580691159467, 51.452555090660624 ], [ -2.627075694534211, 51.45475989187149 ], [ -2.629904695736449, 51.457752493151602 ], [ -2.630268480606992, 51.459188224841014 ], [ -2.630031994906739, 51.460724380261162 ], [ -2.632908022063811, 51.467393246652456 ], [ -2.635829220683082, 51.468960860725936 ], [ -2.64389230059324, 51.470771829994426 ], [ -2.648686437251571, 51.473707203489468 ], [ -2.649806851109604, 51.475043513438017 ], [ -2.649409046171745, 51.47704182825543 ], [ -2.650775966689776, 51.479799190971491 ], [ -2.648331481082145, 51.480863824947384 ], [ -2.649484766193682, 51.481050795118136 ], [ -2.651251226089907, 51.480514956371749 ], [ -2.659661335807377, 51.487124414138776 ], [ -2.661908778217094, 51.487863500760632 ], [ -2.663726370972016, 51.48786401102403 ], [ -2.666044691739103, 51.48703888303902 ], [ -2.667894340825502, 51.484010735596151 ], [ -2.6741591667504, 51.480999588530942 ], [ -2.677639922947036, 51.480727737220938 ], [ -2.679741514803061, 51.481249700405556 ], [ -2.685777756961731, 51.484580138940153 ], [ -2.692383306191728, 51.48996953501355 ], [ -2.696626133463376, 51.492776761812387 ], [ -2.697459904554961, 51.494180748976447 ], [ -2.698888082731691, 51.494313462302763 ], [ -2.708721825225292, 51.497733283797238 ], [ -2.709556559306893, 51.498702917903714 ], [ -2.710085160409498, 51.502219917295172 ], [ -2.710624763694286, 51.502819992760628 ], [ -2.714553616246825, 51.505213089596118 ], [ -2.718353040141265, 51.506224783096293 ], [ -2.714668905827898, 51.505679906748178 ], [ -2.713695944298305, 51.505929526198166 ], [ -2.717744229891584, 51.507738219906699 ], [ -2.71821333594063, 51.508241610255617 ], [ -2.716303918800791, 51.507127502657738 ], [ -2.715570355443952, 51.507303671855553 ], [ -2.71262582173825, 51.509834758087038 ], [ -2.711771504998227, 51.510027009156339 ], [ -2.711567306677966, 51.51089056570347 ], [ -2.71010497655882, 51.512570040992543 ], [ -2.706722767770193, 51.514708917289916 ], [ -2.702858698670686, 51.515330989544879 ], [ -2.7002883708195, 51.517346064461705 ], [ -2.698868275413381, 51.51919332824162 ], [ -2.687978154896099, 51.529422662883682 ], [ -2.687066566377759, 51.529389026700358 ], [ -2.686533902048978, 51.530881376342514 ], [ -2.682561829988722, 51.534801320997929 ], [ -2.681070465127956, 51.535716814214737 ], [ -2.678834441423697, 51.539106206493116 ], [ -2.673808750218508, 51.544432737433013 ], [ -2.663684062321213, 51.536997802973744 ], [ -2.664472870629656, 51.536014168298323 ], [ -2.663733938283414, 51.534870101558226 ], [ -2.665723384480712, 51.533681000485899 ], [ -2.664609444225039, 51.531533828634323 ], [ -2.665420030465096, 51.530967241407623 ] ] ] } },
{ "type": "Feature", "properties": { "lad_code": "E08000001", "lad_name": "Bolton", "city": "manchester" }, "geometry": { "type": "Polygon", "coordinates": [ [ [ -2.4386841024527, 53.646055982449866 ], [ -2.432843217255925, 53.641558942940755 ], [ -2.430655745529848, 53.638445675955374 ], [ -2.426145599531911, 53.634994153698706 ], [ -2.425884980558158, 53.62818732971828 ], [ -2.426356299759931, 53.626499481649006 ], [ -2.42585525819842, 53.625843331674439 ], [ -2.421698286771748, 53.62381946759529 ], [ -2.41624478137554, 53.623678621855099 ], [ -2.413833979198796, 53.624670292996214 ], [ -2.409823484090293, 53.625378875112133 ], [ -2.404228338900617, 53.624989931594605 ], [ -2.403449454049565, 53.624317451078014 ], [ -2.401211226814845, 53.624582912009231 ], [ -2.400013899980405, 53.628264052778967 ], [ -2.400259123830676, 53.628934644173839 ], [ -2.400795417652529, 53.629047057259072 ], [ -2.397847654440679, 53.632192006985399 ], [ -2.385950786424667, 53.632998537677892 ], [ -2.385017457804647, 53.631802494317689 ], [ -2.383832992176672, 53.631269674061507 ], [ -2.379128350165066, 53.630836239328303 ], [ -2.379045177842602, 53.627024552094269 ], [ -2.381181324751756, 53.627322469434752 ], [ -2.383457363701878, 53.625529197355007 ], [ -2.378022637488078, 53.623259903333441 ], [ -2.376361016248469, 53.622063394979982 ], [ -2.377298325811648, 53.62189959780995 ], [ -2.376815712599891, 53.621177500629415 ], [ -2.379677202939498, 53.620800846660224 ], [ -2.37943832802683, 53.620282050523976 ], [ -2.377647235868086, 53.620504364216991 ], [ -2.3760198480126, 53.618210317343156 ], [ -2.375355137663721, 53.618436149579566 ], [ -2.374926673637285, 53.618021365521727 ], [ -2.37630648886284, 53.617477709312105 ], [ -2.375023891583567, 53.617051232033035 ], [ -2.37419522683696, 53.616171161528435 ], [ -2.369420830041694, 53.615237740719124 ], [ -2.368570907351078, 53.615533386329119 ], [ -2.362996343703532, 53.61029046619354 ], [ -2.364545226629837, 53.60903098935168 ], [ -2.363642642384923, 53.607770883498183 ], [ -2.364039734638747, 53.606665060491679 ], [ -2.363677865623824, 53.606055850638796 ], [ -2.36514325166114, 53.604251903485995 ], [ -2.364615680135984, 53.602993354947756 ], [ -2.366322822883428, 53.601902391083591 ], [ -2.366806111129204, 53.600118499654634 ], [ -2.369456952194013, 53.597401229092362 ], [ -2.368393516972929, 53.596041013250016 ], [ -2.372928079918931, 53.594011814526418 ], [ -2.376885711319038, 53.593275379254088 ], [ -2.377059450846946, 53.592901338896866 ], [ -2.375892857387611, 53.591511861252165 ], [ -2.376103309472465, 53.59122446386781 ], [ -2.374611485958755, 53.590458798857767 ], [ -2.375052776979356, 53.589626052910141 ], [ -2.376495795556865, 53.588814327585276 ], [ -2.376626080236822, 53.587834200211631 ], [ -2.376146481703225, 53.587756635956168 ], [ -2.376002985907405, 53.586563418997564 ], [ -2.375305194419946, 53.585895992226561 ], [ -2.376009863572794, 53.582401820905247 ], [ -2.376639292377446, 53.582011565161466 ], [ -2.374496328469954, 53.580173877628546 ], [ -2.374813153451521, 53.577924824881713 ], [ -2.373516527137808, 53.576462045097337 ], [ -2.373237292753001, 53.573912035734388 ], [ -2.372508415318326, 53.57380099830042 ], [ -2.372616087668925, 53.572820943348745 ], [ -2.373859916614975, 53.572071060158741 ], [ -2.373648279595254, 53.570337825190855 ], [ -2.370959250933087, 53.570718301219195 ], [ -2.369546462655602, 53.570441421304658 ], [ -2.366350934143302, 53.568492625956864 ], [ -2.360991733057913, 53.568260023123827 ], [ -2.357316458214914, 53.563238486595289 ], [ -2.356016202015525, 53.560329173130306 ], [ -2.357287536799554, 53.557845480237432 ], [ -2.355917605600682, 53.556682042809001 ], [ -2.356658612647527, 53.556115345404102 ], [ -2.357071051071339, 53.55436943123253 ], [ -2.35829752348776, 53.55321710583614 ], [ -2.359712654751686, 53.552775965303113 ], [ -2.360976385485091, 53.553352817987893 ], [ -2.361477517842252, 53.555478871733214 ], [ -2.362187755543859, 53.556099617783566 ], [ -2.363927296305472, 53.555457060986285 ], [ -2.366716556941162, 53.553330850864413 ], [ -2.36820598483525, 53.553285835814542 ], [ -2.371772479670775, 53.554301244443323 ], [ -2.373590825679432, 53.553898312787581 ], [ -2.367222705677559, 53.55165029890302 ], [ -2.362329678780806, 53.551329073094728 ], [ -2.362430723820226, 53.550440699388417 ], [ -2.355861793144171, 53.549308997307755 ], [ -2.351280327887468, 53.547754077408428 ], [ -2.347547575629939, 53.547338074853656 ], [ -2.343855851278839, 53.545251735113915 ], [ -2.341482349777495, 53.545866160819109 ], [ -2.34178706780882, 53.54322543793355 ], [ -2.341362780595564, 53.541323814251491 ], [ -2.338671743100807, 53.538049759852555 ], [ -2.337312543019245, 53.537511579847184 ], [ -2.337219131619922, 53.537154117970225 ], [ -2.337741573228428, 53.537006173003732 ], [ -2.336992584204063, 53.535791247991682 ], [ -2.337097796931776, 53.535177039198835 ], [ -2.338195709554053, 53.533597374357953 ], [ -2.341891922234445, 53.536401126457051 ], [ -2.345930512423341, 53.537436622102263 ], [ -2.348611460288767, 53.537225750872118 ], [ -2.348834914753565, 53.536699248723032 ], [ -2.347986138824503, 53.53603569383786 ], [ -2.348634693106448, 53.535648221756567 ], [ -2.351425208164432, 53.535734399088163 ], [ -2.352186129141297, 53.535070621548748 ], [ -2.353697690824072, 53.535040098803364 ], [ -2.353767284660866, 53.534703732819594 ], [ -2.352127728286875, 53.534209682201315 ], [ -2.352685918042843, 53.533674097884244 ], [ -2.353870646819456, 53.533897128309036 ], [ -2.354654558103532, 53.532733474454453 ], [ -2.352759172451556, 53.532311269956274 ], [ -2.353251527599537, 53.531297740566345 ], [ -2.352759217551733, 53.531239888532681 ], [ -2.352954483165177, 53.530579481834671 ], [ -2.353538079494424, 53.530203855827352 ], [ -2.350775869938492, 53.529646607506869 ], [ -2.354390446917416, 53.526224018337857 ], [ -2.368067706812369, 53.529190142582891 ], [ -2.368595931370924, 53.528185424162565 ], [ -2.385382772202259, 53.531508536724047 ], [ -2.389893280839269, 53.533437184206825 ], [ -2.393662460580807, 53.536499285935662 ], [ -2.396137864389578, 53.537646553211843 ], [ -2.399838462814872, 53.538531286666569 ], [ -2.408774824249865, 53.53829258349262 ], [ -2.412897795000323, 53.538837419855405 ], [ -2.421442921538823, 53.540980999275924 ], [ -2.429651770261625, 53.54127445335363 ], [ -2.437149242001843, 53.542236967860894 ], [ -2.438102676307364, 53.540021340424296 ], [ -2.44098297441762, 53.538681381676561 ], [ -2.441964284038476, 53.536123257646643 ], [ -2.441250989066655, 53.535145267262394 ], [ -2.442010785079473, 53.533637777315263 ], [ -2.442468096525871, 53.53365315773322 ], [ -2.443110624999173, 53.532333989560676 ], [ -2.444608774924495, 53.530908299225388 ], [ -2.447808753779557, 53.529353028337361 ], [ -2.448128880455375, 53.52808985284026 ], [ -2.461517975884323, 53.530672477068237 ], [ -2.46607555976766, 53.530679051835769 ], [ -2.469437741499645, 53.531996161194826 ], [ -2.472418787668629, 53.531720140160814 ], [ -2.478387810250161, 53.533524663227077 ], [ -2.4822820308293, 53.533419154193872 ], [ -2.4896925760737, 53.534571922080879 ], [ -2.490164084631726, 53.535555110709979 ], [ -2.496470470879915, 53.53668322824803 ], [ -2.496347055072301, 53.537097180685201 ], [ -2.49921129819147, 53.538032632779249 ], [ -2.50218456015783, 53.537835877658701 ], [ -2.50517407532113, 53.538891161718531 ], [ -2.506888460289247, 53.538787665296859 ], [ -2.507972961879168, 53.536482945170114 ], [ -2.509076645485035, 53.535662061849628 ], [ -2.509264810283011, 53.534621323744538 ], [ -2.510165145977195, 53.534088935003787 ], [ -2.513014566947679, 53.536289782349712 ], [ -2.515534453739761, 53.53580700123343 ], [ -2.515336850883612, 53.534440740247554 ], [ -2.516229105696032, 53.533864309645473 ], [ -2.51537897301725, 53.53120105570445 ], [ -2.515815283118745, 53.52924330388776 ], [ -2.517186053143613, 53.528453630439877 ], [ -2.519686608409555, 53.52791692829549 ], [ -2.520539584172816, 53.527226514062896 ], [ -2.521192147083211, 53.527547252399039 ], [ -2.523154059744451, 53.52663802381155 ], [ -2.525404513926576, 53.526378253101655 ], [ -2.526639269621428, 53.525473958197708 ], [ -2.52772778834766, 53.525555511635304 ], [ -2.527450723909497, 53.524737849258656 ], [ -2.527910660902822, 53.524729528361433 ], [ -2.527795028168196, 53.52416195006537 ], [ -2.528618719206645, 53.523932672636789 ], [ -2.528207960540839, 53.523654937139824 ], [ -2.528918978788827, 53.52308813916359 ], [ -2.533747549091144, 53.522998436508146 ], [ -2.533760142763523, 53.523999770184794 ], [ -2.535009910389174, 53.524187378634075 ], [ -2.534617290174614, 53.524632320845669 ], [ -2.53531987757327, 53.526162621665399 ], [ -2.535973083009212, 53.526162389740172 ], [ -2.536100980895574, 53.526854809071253 ], [ -2.536701026713149, 53.527065980691283 ], [ -2.536213663178541, 53.527533818235995 ], [ -2.539801843147801, 53.528913536336518 ], [ -2.539739428813673, 53.529463036690863 ], [ -2.540707273473345, 53.529640267965455 ], [ -2.54152171330194, 53.530690896690459 ], [ -2.542495766441452, 53.530533718547737 ], [ -2.543781247729888, 53.532548447747516 ], [ -2.545310438473184, 53.532967502163238 ], [ -2.545215262297128, 53.533430890421236 ], [ -2.549142362624787, 53.534465431335242 ], [ -2.550379603905666, 53.535403529536197 ], [ -2.551072272469373, 53.535183777860048 ], [ -2.551517697155566, 53.535907065394873 ], [ -2.553701427602956, 53.536172027576612 ], [ -2.554392313694613, 53.537320189232844 ], [ -2.555469747077178, 53.537325969733743 ], [ -2.556831216245258, 53.538053154722427 ], [ -2.560323392129082, 53.537980224453186 ], [ -2.56183063211661, 53.538884499913202 ], [ -2.561748741218736, 53.540338353986016 ], [ -2.559151631382187, 53.542381073376575 ], [ -2.559411813884216, 53.543797291281685 ], [ -2.558131493874247, 53.544441453299392 ], [ -2.559352618367359, 53.546176852186328 ], [ -2.563053754264091, 53.547359362871767 ], [ -2.566245910583988, 53.54737852138333 ], [ -2.567512751207411, 53.547989126179083 ], [ -2.56922848285049, 53.547515319729456 ], [ -2.569540451413089, 53.547932666584138 ], [ -2.567844911605775, 53.549125431464844 ], [ -2.568026900626611, 53.54997490127321 ], [ -2.566764134832676, 53.550018635308419 ], [ -2.566951009216369, 53.550788019640578 ], [ -2.563985896826773, 53.55117603722946 ], [ -2.563786394028078, 53.551727004286271 ], [ -2.562539608911826, 53.551947729416213 ], [ -2.562652285779395, 53.552823592246121 ], [ -2.560990837527049, 53.553311335753541 ], [ -2.561131542414156, 53.554811766375096 ], [ -2.55982340444598, 53.555549618903783 ], [ -2.562281015092865, 53.557493952022377 ], [ -2.562752890081739, 53.559267789152791 ], [ -2.563351138252135, 53.559523855122883 ], [ -2.563165107220672, 53.560295988419675 ], [ -2.559646536766058, 53.561129505284271 ], [ -2.560136393675746, 53.562093461295341 ], [ -2.561299392164024, 53.562130331025301 ], [ -2.564395017436796, 53.563659889356927 ], [ -2.568535169372104, 53.564695574829784 ], [ -2.567726000884114, 53.5654849640555 ], [ -2.568045476776575, 53.565664152032724 ], [ -2.567232936405898, 53.567570855593161 ], [ -2.565645793210423, 53.568683904600078 ], [ -2.565781996437126, 53.570063936880445 ], [ -2.568474091174164, 53.571509932975623 ], [ -2.568434033986666, 53.572013510369011 ], [ -2.572048983810307, 53.57356115828199 ], [ -2.572286050234088, 53.574113732548554 ], [ -2.573274826774064, 53.57419705777734 ], [ -2.575163952967355, 53.576755064134296 ], [ -2.578400459562124, 53.57741536963357 ], [ -2.578985979315921, 53.578372494341878 ], [ -2.577671518828531, 53.57944403385342 ], [ -2.57760490186288, 53.580987674286014 ], [ -2.582013716225448, 53.582739656281817 ], [ -2.585075888619731, 53.585064448798519 ], [ -2.595360865361877, 53.588043718234069 ], [ -2.596143536495007, 53.588801998531892 ], [ -2.606155228377858, 53.588296903396994 ], [ -2.612353309058539, 53.590478274969648 ], [ -2.618009376042083, 53.591087358477786 ], [ -2.619749489471378, 53.590956057165585 ], [ -2.623787786387945, 53.589623668054763 ], [ -2.62751183999757, 53.589427076803737 ], [ -2.628611581565319, 53.590442454793795 ], [ -2.625937607822158, 53.593680456462302 ], [ -2.622870114924503, 53.593586956768071 ], [ -2.621435375206751, 53.594450117140205 ], [ -2.619928096497116, 53.594243295307585 ], [ -2.618797633987431, 53.595368926006763 ], [ -2.617380206654115, 53.595833491201603 ], [ -2.617817889974305, 53.596969613879928 ], [ -2.61621374779075, 53.598105934342861 ], [ -2.615258450732907, 53.599954464368693 ], [ -2.61582352835179, 53.600572655436082 ], [ -2.615222311861437, 53.601314596089921 ], [ -2.615140330130888, 53.602847900111314 ], [ -2.61217199683927, 53.603942005434057 ], [ -2.611242477108887, 53.604970177739276 ], [ -2.608520224458238, 53.606399549240798 ], [ -2.604911947038052, 53.606960299260599 ], [ -2.602841008836088, 53.608714411126208 ], [ -2.600747696127018, 53.608383293093397 ], [ -2.597582009433268, 53.609030852534154 ], [ -2.595939197487626, 53.610776052665464 ], [ -2.591682003151514, 53.609744680931243 ], [ -2.591189432193019, 53.609427130716895 ], [ -2.591470400156845, 53.608987054909157 ], [ -2.589901765925989, 53.608677511441222 ], [ -2.589700237144681, 53.608182182773945 ], [ -2.588528238355814, 53.608394417577543 ], [ -2.588561096367049, 53.607909872020166 ], [ -2.587457423964388, 53.607926892051545 ], [ -2.586796214304466, 53.607393077894692 ], [ -2.587374517080958, 53.606915698967022 ], [ -2.586733447986462, 53.606029878599259 ], [ -2.583066561607409, 53.60467971851061 ], [ -2.58290715983199, 53.604188881962187 ], [ -2.583424280786016, 53.603774630835304 ], [ -2.582420458584991, 53.60352791970621 ], [ -2.581950025164696, 53.603051984019942 ], [ -2.582221175926416, 53.60277291351327 ], [ -2.581427676852385, 53.602650971645701 ], [ -2.581769683981948, 53.602359875504256 ], [ -2.581074218618277, 53.602335400024671 ], [ -2.580734879153258, 53.601495706141435 ], [ -2.579954344633808, 53.601108519764978 ], [ -2.580434116914199, 53.601060365339194 ], [ -2.580886653012342, 53.600008265321058 ], [ -2.579506655307735, 53.598986712368756 ], [ -2.578507177952598, 53.598938533384668 ], [ -2.57838130591769, 53.59835218846024 ], [ -2.577874865434653, 53.598333969260672 ], [ -2.578125814519604, 53.597898651423769 ], [ -2.576742822027139, 53.597314779791269 ], [ -2.576553860597852, 53.596868915529015 ], [ -2.576905537768301, 53.596730635798451 ], [ -2.576158649727769, 53.596582285293167 ], [ -2.576261099573343, 53.596118932614374 ], [ -2.575528549754563, 53.596355282468991 ], [ -2.575954785647597, 53.59614826393608 ], [ -2.57519741321101, 53.595896621063858 ], [ -2.575351339699507, 53.59521457570753 ], [ -2.573954087696131, 53.594791676767095 ], [ -2.574004517328898, 53.594275468505302 ], [ -2.569198249908296, 53.595549808103733 ], [ -2.561631390375663, 53.598627518040033 ], [ -2.559521552964702, 53.598927011823278 ], [ -2.558950601235035, 53.600328543000899 ], [ -2.55778142235885, 53.600830069486115 ], [ -2.55726150330314, 53.601782679408466 ], [ -2.557291547338343, 53.603032824336033 ], [ -2.556615008581396, 53.603641797130308 ], [ -2.555787101707019, 53.604358400474659 ], [ -2.552647248296787, 53.604970682867261 ], [ -2.552218754093319, 53.607340149402901 ], [ -2.551701419408536, 53.607889052502543 ], [ -2.55024962427894, 53.607703354255818 ], [ -2.547392989779355, 53.608742997068227 ], [ -2.547286508303248, 53.609162311374909 ], [ -2.544933131791715, 53.609154184942476 ], [ -2.538050323299791, 53.611303919841042 ], [ -2.537153576598589, 53.612701104982868 ], [ -2.534451472626082, 53.614531569446648 ], [ -2.531115007099217, 53.615471334060771 ], [ -2.529403045590981, 53.617002171405133 ], [ -2.525089618684627, 53.618706338828311 ], [ -2.511324641854085, 53.6269789948091 ], [ -2.50793222054482, 53.62538814117044 ], [ -2.496804597539829, 53.622680503852976 ], [ -2.479187351872869, 53.616994449364057 ], [ -2.473035137897274, 53.616542934423848 ], [ -2.470494339745834, 53.619886161078284 ], [ -2.463468410053458, 53.622304136121905 ], [ -2.459701865853685, 53.620026677465546 ], [ -2.457525969290332, 53.620968816253395 ], [ -2.455024848838423, 53.621340660904792 ], [ -2.453782708593555, 53.621958385988975 ], [ -2.454349858228664, 53.622396624269314 ], [ -2.453180509281427, 53.622761477163202 ], [ -2.45355824470554, 53.623449430470465 ], [ -2.458291086740513, 53.624615173468506 ], [ -2.456818219825324, 53.625712931911693 ], [ -2.456222110999247, 53.626791068244621 ], [ -2.454918494306839, 53.62691104932081 ], [ -2.453405362275536, 53.627943322479013 ], [ -2.451902122914633, 53.627773698765253 ], [ -2.452117059288448, 53.62821687160195 ], [ -2.450655142363596, 53.627794498701363 ], [ -2.449251966363807, 53.63110399331665 ], [ -2.448393426107481, 53.631846018980426 ], [ -2.449681328238803, 53.633362017769258 ], [ -2.449243512466552, 53.635563993496099 ], [ -2.447969223799008, 53.636619470833558 ], [ -2.449172407390393, 53.637837375025221 ], [ -2.448616078919288, 53.637869115453228 ], [ -2.448879685607193, 53.639042019238545 ], [ -2.45027224656419, 53.641416021160325 ], [ -2.44884809247155, 53.64205504425901 ], [ -2.446745067299843, 53.641431938810889 ], [ -2.443079647217255, 53.642393828783973 ], [ -2.442287862863569, 53.64376653698082 ], [ -2.4386841024527, 53.646055982449866 ] ] ] } },
{ "type": "Feature", "properties": { "lad_code": "E08000002", "lad_name": "Bury", "city": "manchester" }, "geometry": { "type": "Polygon", "coordinates": [ [ [ -2.353340273755018, 53.658466818086602 ], [ -2.333403910378941, 53.65517049732469 ], [ -2.320434239932391, 53.655990613999762 ], [ -2.31847642856395, 53.655203081107409 ], [ -2.315584219551682, 53.65503924971329 ], [ -2.315648112608192, 53.65573306093102 ], [ -2.313426549735824, 53.657710123212887 ], [ -2.313554782472831, 53.658626116870963 ], [ -2.311979291069995, 53.659120721637656 ], [ -2.311767527823196, 53.659808152150127 ], [ -2.306973845781314, 53.661393751811275 ], [ -2.307027717798667, 53.661934613299209 ], [ -2.30603171826453, 53.663026624387882 ], [ -2.303894361298287, 53.663877052304237 ], [ -2.30403962969989, 53.664442310357444 ], [ -2.30021237961322, 53.667029068564389 ], [ -2.299007549174551, 53.666693680075177 ], [ -2.29579755413524, 53.66437534230549 ], [ -2.295893640585107, 53.662619163994599 ], [ -2.293793399734024, 53.657913984448903 ], [ -2.294294679206539, 53.657215717349175 ], [ -2.293864071053319, 53.656110867231476 ], [ -2.296417201476058, 53.654962527384214 ], [ -2.295575247044587, 53.65490519842664 ], [ -2.295569686420611, 53.653030271961725 ], [ -2.29716278157083, 53.652591296088332 ], [ -2.297703042726668, 53.651752251613189 ], [ -2.297339267461558, 53.65017419691646 ], [ -2.297581711338043, 53.64831815672639 ], [ -2.29576866449319, 53.641434259577458 ], [ -2.295126159307277, 53.640074489502794 ], [ -2.292377813594624, 53.638024911595146 ], [ -2.289948187789979, 53.635218767250926 ], [ -2.288788137476943, 53.63364017003088 ], [ -2.28886177928426, 53.632881668069935 ], [ -2.286981361616803, 53.631908038877015 ], [ -2.285910420583074, 53.630760078468143 ], [ -2.284868815242064, 53.628092112109464 ], [ -2.283514013232137, 53.626978142894629 ], [ -2.284498091306834, 53.625358833778414 ], [ -2.282459883450428, 53.623089659397877 ], [ -2.282425225224556, 53.621745932779731 ], [ -2.283166912744283, 53.620759977604457 ], [ -2.282855519657844, 53.620247158868835 ], [ -2.280729375110255, 53.620909585134847 ], [ -2.27824959249395, 53.620300903196437 ], [ -2.277694536137269, 53.618678644745287 ], [ -2.276019187290107, 53.618220653821076 ], [ -2.275809956645974, 53.618833928079141 ], [ -2.272552937565787, 53.618496255850637 ], [ -2.271768101918603, 53.614461969512341 ], [ -2.266620837307673, 53.609137554358327 ], [ -2.264413784112318, 53.607626119148321 ], [ -2.259407727649376, 53.606055153258978 ], [ -2.255728023223839, 53.606106211706184 ], [ -2.251005661395762, 53.607196659831331 ], [ -2.250467571699736, 53.604899426480266 ], [ -2.248970082350134, 53.603374536322526 ], [ -2.249114429301309, 53.602750447570408 ], [ -2.245061029223236, 53.601093325728911 ], [ -2.245569341062722, 53.599114888366614 ], [ -2.250475691531946, 53.599117288976352 ], [ -2.255552801056133, 53.597111176077192 ], [ -2.258258191273842, 53.595009264857225 ], [ -2.258384606944712, 53.593699413166782 ], [ -2.259224283527864, 53.592165978664156 ], [ -2.263985420551166, 53.592501599706615 ], [ -2.266294384519792, 53.591372005120419 ], [ -2.26997977609508, 53.591946193818998 ], [ -2.269320632766624, 53.589978368988774 ], [ -2.270135661448911, 53.589145080853626 ], [ -2.275467266538637, 53.591527430089144 ], [ -2.276642471441406, 53.591499556289037 ], [ -2.278642371660434, 53.589234296642893 ], [ -2.27879655198174, 53.588473550160707 ], [ -2.278059277249016, 53.587312244663039 ], [ -2.277991556433872, 53.585971281367073 ], [ -2.278584689275354, 53.585446840416466 ], [ -2.281855941153177, 53.586931163693819 ], [ -2.282440580692987, 53.586706937638368 ], [ -2.282445907289439, 53.584108340382791 ], [ -2.28144125833409, 53.582727444794429 ], [ -2.280722209396998, 53.582713859939147 ], [ -2.280394703505945, 53.582079156715011 ], [ -2.278955245912544, 53.582069046598818 ], [ -2.277634811606677, 53.580876657116185 ], [ -2.277638815424371, 53.580100998501145 ], [ -2.273600887955754, 53.579287844291926 ], [ -2.268487240997069, 53.580776246873185 ], [ -2.267795995915294, 53.582277876544552 ], [ -2.26799207831809, 53.583664386171371 ], [ -2.267613220808062, 53.584431898016618 ], [ -2.265498126215986, 53.585587147333804 ], [ -2.261065464263896, 53.58473131534781 ], [ -2.259242474427587, 53.585253939596804 ], [ -2.255122614740845, 53.582916808816336 ], [ -2.254583667207451, 53.582449711232613 ], [ -2.25449245380603, 53.580846400318094 ], [ -2.25068095139, 53.578418601504957 ], [ -2.250324164734472, 53.576583023392715 ], [ -2.246693228679811, 53.573667600648761 ], [ -2.243306718554222, 53.571688153355666 ], [ -2.244027170448728, 53.570143382293935 ], [ -2.245128615443028, 53.570248058566207 ], [ -2.245526602052833, 53.568587124054758 ], [ -2.243293356700317, 53.567780906790986 ], [ -2.245863300741342, 53.565466576753131 ], [ -2.247166388794982, 53.563410912128283 ], [ -2.248096600538234, 53.563170772038859 ], [ -2.247174041172971, 53.561863997515331 ], [ -2.24649288719644, 53.56156159516496 ], [ -2.244235602990531, 53.562030075961268 ], [ -2.241537932412975, 53.561288572944214 ], [ -2.240863149167203, 53.561550612055122 ], [ -2.240871546556835, 53.561166812958376 ], [ -2.239058403484902, 53.560894501473349 ], [ -2.236544343480015, 53.559212326561649 ], [ -2.241722605017203, 53.557135606512155 ], [ -2.237412928994001, 53.553645097585786 ], [ -2.236264925826169, 53.551069533719719 ], [ -2.235640724517395, 53.547380127047724 ], [ -2.234166669767842, 53.543348137615013 ], [ -2.234365780860218, 53.541711883951393 ], [ -2.236321629306095, 53.540663611583199 ], [ -2.237231991335364, 53.538844340367831 ], [ -2.238450691294892, 53.538775418920515 ], [ -2.23936030809925, 53.540064319677981 ], [ -2.248022911655578, 53.544143542127422 ], [ -2.251739411680991, 53.544592337425264 ], [ -2.253025998468445, 53.543970318621604 ], [ -2.258761363067732, 53.543138350449958 ], [ -2.267526865363838, 53.538028050400939 ], [ -2.268462535926334, 53.537085766390689 ], [ -2.268646649382676, 53.535906953557621 ], [ -2.267767154335349, 53.535220435120117 ], [ -2.268299648741499, 53.534955866510607 ], [ -2.267400573448764, 53.533783976155277 ], [ -2.266024906913513, 53.530216893923431 ], [ -2.265850794472001, 53.526986790163164 ], [ -2.264116667379823, 53.52467436176898 ], [ -2.256758636518201, 53.527151440365202 ], [ -2.246647282118812, 53.529220254253808 ], [ -2.248807163819982, 53.524789900156343 ], [ -2.251787469062349, 53.52574450888585 ], [ -2.25145724252987, 53.523999708898025 ], [ -2.253479856506952, 53.524237152477355 ], [ -2.2528690538255, 53.522478574033698 ], [ -2.253499274182511, 53.522429613174438 ], [ -2.253421602186534, 53.521793401231456 ], [ -2.254416246568566, 53.521651018368615 ], [ -2.254224709027309, 53.520651034417504 ], [ -2.256493604113987, 53.520242629791738 ], [ -2.256238455907785, 53.519938467914457 ], [ -2.256657589443738, 53.519681382407661 ], [ -2.256968309162331, 53.517929734710911 ], [ -2.259017722588007, 53.518403534342241 ], [ -2.271576324470767, 53.517478585542968 ], [ -2.274469628099992, 53.516402387554635 ], [ -2.280543474628288, 53.515842656759816 ], [ -2.282533068278864, 53.515225851929969 ], [ -2.285100673146687, 53.513556921238582 ], [ -2.289522624919948, 53.512749869000707 ], [ -2.290797774028071, 53.512004361213833 ], [ -2.291743341988094, 53.513998351185037 ], [ -2.294355888132589, 53.515394182734511 ], [ -2.297698017379047, 53.51563840311259 ], [ -2.302261106397052, 53.517070520107389 ], [ -2.302598911071735, 53.517709637412736 ], [ -2.302072039576212, 53.52038057358461 ], [ -2.302865278529354, 53.52185799370428 ], [ -2.310474306117073, 53.527170386354094 ], [ -2.312268963343381, 53.527514449370315 ], [ -2.319460422781328, 53.526988546906637 ], [ -2.32451888924959, 53.52725086946306 ], [ -2.328362359600284, 53.529566530999517 ], [ -2.335208621805128, 53.531329949690146 ], [ -2.338195709554053, 53.533597374357953 ], [ -2.337097796931776, 53.535177039198835 ], [ -2.336992584204063, 53.535791247991682 ], [ -2.337741573228428, 53.537006173003732 ], [ -2.337219131619922, 53.537154117970225 ], [ -2.337312543019245, 53.537511579847184 ], [ -2.338671743100807, 53.538049759852555 ], [ -2.341362780595564, 53.541323814251491 ], [ -2.34178706780882, 53.54322543793355 ], [ -2.341482349777495, 53.545866160819109 ], [ -2.343855851278839, 53.545251735113915 ], [ -2.347547575629939, 53.547338074853656 ], [ -2.351280327887468, 53.547754077408428 ], [ -2.355861793144171, 53.549308997307755 ], [ -2.362430723820226, 53.550440699388417 ], [ -2.362329678780806, 53.551329073094728 ], [ -2.367222705677559, 53.55165029890302 ], [ -2.373590825679432, 53.553898312787581 ], [ -2.371772479670775, 53.554301244443323 ], [ -2.36820598483525, 53.553285835814542 ], [ -2.366716556941162, 53.553330850864413 ], [ -2.363927296305472, 53.555457060986285 ], [ -2.362187755543859, 53.556099617783566 ], [ -2.361477517842252, 53.555478871733214 ], [ -2.360976385485091, 53.553352817987893 ], [ -2.359712654751686, 53.552775965303113 ], [ -2.35829752348776, 53.55321710583614 ], [ -2.357071051071339, 53.55436943123253 ], [ -2.356658612647527, 53.556115345404102 ], [ -2.355917605600682, 53.556682042809001 ], [ -2.357287536799554, 53.557845480237432 ], [ -2.356016202015525, 53.560329173130306 ], [ -2.357316458214914, 53.563238486595289 ], [ -2.360991733057913, 53.568260023123827 ], [ -2.366350934143302, 53.568492625956864 ], [ -2.369546462655602, 53.570441421304658 ], [ -2.370959250933087, 53.570718301219195 ], [ -2.373648279595254, 53.570337825190855 ], [ -2.373859916614975, 53.572071060158741 ], [ -2.372616087668925, 53.572820943348745 ], [ -2.372508415318326, 53.57380099830042 ], [ -2.373237292753001, 53.573912035734388 ], [ -2.373516527137808, 53.576462045097337 ], [ -2.374813153451521, 53.577924824881713 ], [ -2.374496328469954, 53.580173877628546 ], [ -2.376639292377446, 53.582011565161466 ], [ -2.376009863572794, 53.582401820905247 ], [ -2.375305194419946, 53.585895992226561 ], [ -2.376002985907405, 53.586563418997564 ], [ -2.376146481703225, 53.587756635956168 ], [ -2.376626080236822, 53.587834200211631 ], [ -2.376495795556865, 53.588814327585276 ], [ -2.375052776979356, 53.589626052910141 ], [ -2.374611485958755, 53.590458798857767 ], [ -2.376103309472465, 53.59122446386781 ], [ -2.376885711319038, 53.593275379254088 ], [ -2.372928079918931, 53.594011814526418 ], [ -2.368393516972929, 53.596041013250016 ], [ -2.369456952194013, 53.597401229092362 ], [ -2.366806111129204, 53.600118499654634 ], [ -2.366322822883428, 53.601902391083591 ], [ -2.364615680135984, 53.602993354947756 ], [ -2.36514325166114, 53.604251903485995 ], [ -2.363677865623824, 53.606055850638796 ], [ -2.364039734638747, 53.606665060491679 ], [ -2.363642642384923, 53.607770883498183 ], [ -2.364545226629837, 53.60903098935168 ], [ -2.362996343703532, 53.61029046619354 ], [ -2.368570907351078, 53.615533386329119 ], [ -2.369420830041694, 53.615237740719124 ], [ -2.37419522683696, 53.616171161528435 ], [ -2.375023891583567, 53.617051232033035 ], [ -2.37630648886284, 53.617477709312105 ], [ -2.374926673637285, 53.618021365521727 ], [ -2.375355137663721, 53.618436149579566 ], [ -2.3760198480126, 53.618210317343156 ], [ -2.377647235868086, 53.620504364216991 ], [ -2.37943832802683, 53.620282050523976 ], [ -2.379677202939498, 53.620800846660224 ], [ -2.376815712599891, 53.621177500629415 ], [ -2.377298325811648, 53.62189959780995 ], [ -2.376361016248469, 53.622063394979982 ], [ -2.378022637488078, 53.623259903333441 ], [ -2.383457363701878, 53.625529197355007 ], [ -2.381181324751756, 53.627322469434752 ], [ -2.379045177842602, 53.627024552094269 ], [ -2.379128350165066, 53.630836239328303 ], [ -2.376676910831997, 53.631119707385459 ], [ -2.376289292280174, 53.631794148237155 ], [ -2.370929616818925, 53.632025886163788 ], [ -2.37101409226606, 53.63136471729436 ], [ -2.370444307582619, 53.631573123226097 ], [ -2.369774483739636, 53.632567859117572 ], [ -2.37027275807778, 53.633153610816656 ], [ -2.368561108081974, 53.635122291410077 ], [ -2.368286787204834, 53.636477666257484 ], [ -2.369042861630374, 53.637087706054736 ], [ -2.368556522779983, 53.637960436620752 ], [ -2.370062967361643, 53.638001716261911 ], [ -2.372439472492293, 53.642327037455146 ], [ -2.370520877782798, 53.644635333307235 ], [ -2.36701112268638, 53.644995344198243 ], [ -2.36666733053902, 53.646725376026673 ], [ -2.367036935745964, 53.647652727704262 ], [ -2.366125035107182, 53.650620021061314 ], [ -2.365485104479225, 53.651986031409599 ], [ -2.362871044286245, 53.654960731648046 ], [ -2.362651430795419, 53.655903812714918 ], [ -2.368851088212875, 53.663088920630869 ], [ -2.371237960628029, 53.667064637175677 ], [ -2.361608639058662, 53.665054740626211 ], [ -2.355571473564965, 53.66449128060593 ], [ -2.35540177551345, 53.65943772217296 ], [ -2.353340273755018, 53.658466818086602 ] ] ] } },
{ "type": "Feature", "properties": { "lad_code": "E08000003", "lad_name": "Manchester", "city": "manchester" }, "geometry": { "type": "Polygon", "coordinates": [ [ [ -2.23936030809925, 53.540064319677981 ], [ -2.238450691294892, 53.538775418920515 ], [ -2.234133059391969, 53.539178525242406 ], [ -2.233515232852461, 53.540148673358154 ], [ -2.22886440415598, 53.540675435491593 ], [ -2.227761643919047, 53.541564709953867 ], [ -2.22078530061493, 53.542659966884649 ], [ -2.219461770293913, 53.543823728790258 ], [ -2.21872726886776, 53.543890672084984 ], [ -2.21781196597888, 53.543447368662257 ], [ -2.21769646599143, 53.542398668215277 ], [ -2.213067011013429, 53.542141844556269 ], [ -2.208538295132911, 53.538426844787196 ], [ -2.207126294882216, 53.538178598259982 ], [ -2.205651875460649, 53.536882248998488 ], [ -2.206930483134709, 53.53578440263675 ], [ -2.206773336898674, 53.534197334115191 ], [ -2.205814366649082, 53.533069116250786 ], [ -2.204511011377891, 53.532481706252433 ], [ -2.200584989637137, 53.531744161523754 ], [ -2.193879426183405, 53.531623991313978 ], [ -2.186016335198737, 53.529043337449387 ], [ -2.172117755679393, 53.527099345298936 ], [ -2.172138592487045, 53.527789604541141 ], [ -2.170221083227604, 53.527729453076454 ], [ -2.170502979502565, 53.523940455817936 ], [ -2.169148527041009, 53.52356938084521 ], [ -2.164792678343386, 53.520149991957531 ], [ -2.159189419229983, 53.52211075153069 ], [ -2.156281349071647, 53.518829381095877 ], [ -2.154762675994601, 53.518016975963143 ], [ -2.15623801090195, 53.51579283464676 ], [ -2.156459009518186, 53.516278220289607 ], [ -2.158168095826658, 53.515379825202402 ], [ -2.158887395056571, 53.514534689030398 ], [ -2.160394671186609, 53.513964777435106 ], [ -2.160229867768489, 53.513651303794916 ], [ -2.16083184348949, 53.513328709657642 ], [ -2.160419060241598, 53.513037142266469 ], [ -2.161167847611331, 53.512859062182486 ], [ -2.163020513644952, 53.512891601074251 ], [ -2.164400706851972, 53.513578219310922 ], [ -2.168607190444996, 53.513560667034497 ], [ -2.171423978263037, 53.513151278635647 ], [ -2.17157685038223, 53.512545690425185 ], [ -2.173028237164953, 53.511985415993117 ], [ -2.173477982345357, 53.512262504804916 ], [ -2.173280980059259, 53.511840785581846 ], [ -2.174082448329831, 53.510555177079546 ], [ -2.173572064213504, 53.510379747596993 ], [ -2.174308337460479, 53.510116662863901 ], [ -2.173556862303961, 53.509796871816569 ], [ -2.174444488338327, 53.509674234574156 ], [ -2.174257075951828, 53.509017006584969 ], [ -2.175647842610696, 53.508055905517004 ], [ -2.175631518411968, 53.507572802716368 ], [ -2.178268230099175, 53.506752086277729 ], [ -2.178712145397435, 53.505833876789183 ], [ -2.176780746204345, 53.505486215453892 ], [ -2.176554959755458, 53.505208796964119 ], [ -2.1777495635198, 53.504966203943809 ], [ -2.175514644560764, 53.502634270257161 ], [ -2.170871678503417, 53.50312911826417 ], [ -2.172604100154981, 53.502423753361121 ], [ -2.168538409191155, 53.500983291552416 ], [ -2.165932939031945, 53.498967284571869 ], [ -2.164377887689027, 53.499505082273423 ], [ -2.161866316898019, 53.498309443906152 ], [ -2.161645731641352, 53.49740378932804 ], [ -2.16341299828603, 53.496763118463143 ], [ -2.163238363949525, 53.496016453777102 ], [ -2.164020078330768, 53.494690507300298 ], [ -2.163589498638366, 53.493671833373668 ], [ -2.163934849715623, 53.492927960000728 ], [ -2.163031628708453, 53.492833048101154 ], [ -2.163971126124582, 53.491380994507786 ], [ -2.165970328908174, 53.491557139314537 ], [ -2.166639699688958, 53.49084165153878 ], [ -2.166060981109371, 53.489698198565968 ], [ -2.166228035820374, 53.488852127512494 ], [ -2.169028414204757, 53.488506641655647 ], [ -2.168926523346419, 53.487164836812703 ], [ -2.169664883054029, 53.486765625906735 ], [ -2.169538568679139, 53.486063739242674 ], [ -2.168886198033384, 53.485742880857536 ], [ -2.169219205689656, 53.485713654211857 ], [ -2.168483209331092, 53.48291658595366 ], [ -2.167538654359844, 53.48107985542925 ], [ -2.167689942386514, 53.480095330786654 ], [ -2.16806504301601, 53.480071439412527 ], [ -2.165970068461351, 53.479540520789065 ], [ -2.165439696430308, 53.477241951807166 ], [ -2.162232772778029, 53.476278306121081 ], [ -2.161565897914094, 53.474833921698057 ], [ -2.155925337809693, 53.475302491861036 ], [ -2.155433938174216, 53.474427638850933 ], [ -2.15066236684061, 53.472850227124944 ], [ -2.150129184028986, 53.472309630651786 ], [ -2.149895270938011, 53.470896894347241 ], [ -2.146864402253872, 53.467481443875904 ], [ -2.147926385457498, 53.466610027669283 ], [ -2.147851177784112, 53.465769759624614 ], [ -2.149145935576415, 53.465138956043056 ], [ -2.149973800832464, 53.463694333235132 ], [ -2.152784275084504, 53.463230599283442 ], [ -2.15017434950991, 53.46077375347442 ], [ -2.14901836597471, 53.460565742132054 ], [ -2.150776195938489, 53.460197717514099 ], [ -2.149241744847996, 53.45939334146221 ], [ -2.150280258518793, 53.45792517924982 ], [ -2.15211982779522, 53.457704399529604 ], [ -2.160365771423467, 53.454266283490711 ], [ -2.159878882040895, 53.453328537362346 ], [ -2.161695686402142, 53.45312839841808 ], [ -2.161284041059846, 53.451803982492017 ], [ -2.166045064176313, 53.453632015143704 ], [ -2.167413776872074, 53.449401059905391 ], [ -2.172881314941856, 53.447984717661505 ], [ -2.171965869542762, 53.447245421065645 ], [ -2.173951505528384, 53.443845771877342 ], [ -2.175294434619445, 53.434348365804283 ], [ -2.175846691463737, 53.434317000954032 ], [ -2.176756357021428, 53.432999664543871 ], [ -2.179013337337136, 53.434261969279461 ], [ -2.180088467790283, 53.434354703414485 ], [ -2.179815574824289, 53.434592433535563 ], [ -2.18020613781259, 53.434769765546925 ], [ -2.18391072297935, 53.435182946746728 ], [ -2.185647148694549, 53.436077323569407 ], [ -2.187386557795958, 53.436279573577366 ], [ -2.187433372913272, 53.43665160839646 ], [ -2.188541239259737, 53.436636383411049 ], [ -2.187137982025404, 53.43521126511024 ], [ -2.188703375230451, 53.434856371050465 ], [ -2.191353675570258, 53.435111932726933 ], [ -2.19307762907168, 53.429231624577163 ], [ -2.193142609633342, 53.427636870817594 ], [ -2.196899509095305, 53.428092786874501 ], [ -2.19906627374465, 53.427027679459613 ], [ -2.201861255078833, 53.423605531881492 ], [ -2.204501274028126, 53.422160135635202 ], [ -2.204930973741064, 53.422350889167248 ], [ -2.207694615945482, 53.420063852169427 ], [ -2.206220129072431, 53.420088066405114 ], [ -2.206494538242523, 53.418959493451084 ], [ -2.20842740996165, 53.419143129550484 ], [ -2.209671818149253, 53.417927483339184 ], [ -2.213429135043874, 53.41889876312851 ], [ -2.214601301419354, 53.41322489005114 ], [ -2.215414836978773, 53.41137446769342 ], [ -2.214534565132392, 53.41103359816811 ], [ -2.215477049833539, 53.410873656668784 ], [ -2.212596094982966, 53.406951768727652 ], [ -2.219474854589695, 53.405035956652753 ], [ -2.219326356281049, 53.403947714083557 ], [ -2.220129016057795, 53.402361918864003 ], [ -2.222668222712478, 53.401160008466412 ], [ -2.238142586394646, 53.400805601994186 ], [ -2.24253714743665, 53.399459270315184 ], [ -2.242544103099846, 53.397762248698406 ], [ -2.246827686295581, 53.396043782434795 ], [ -2.244405675026023, 53.394065017086056 ], [ -2.245984631516716, 53.393804681450341 ], [ -2.246024740634775, 53.39136687099753 ], [ -2.244466680482295, 53.391320651693334 ], [ -2.243913956161534, 53.390384271106086 ], [ -2.245733982156755, 53.390222381842328 ], [ -2.246222291718524, 53.387813298983488 ], [ -2.242624922283123, 53.387674199251151 ], [ -2.242434500423071, 53.385645810841439 ], [ -2.242985363399182, 53.384945397226069 ], [ -2.242441604232379, 53.383973945886844 ], [ -2.24307051684479, 53.383009092685562 ], [ -2.242607706330535, 53.382536291449455 ], [ -2.242878292176851, 53.382252590604786 ], [ -2.241952267633899, 53.381994686840386 ], [ -2.240927983986292, 53.380578404840321 ], [ -2.24134314640874, 53.380085848907221 ], [ -2.241278750834931, 53.378803312507067 ], [ -2.242108174922231, 53.377952270565359 ], [ -2.241320493795187, 53.376083332764487 ], [ -2.241679954628425, 53.37558909112397 ], [ -2.24146224128811, 53.374851598114986 ], [ -2.240267148180004, 53.374010851689768 ], [ -2.239896270303022, 53.373026457327548 ], [ -2.240476009016891, 53.372677439907712 ], [ -2.239010422091376, 53.372114984141973 ], [ -2.238676800981724, 53.370782662099217 ], [ -2.236934498574333, 53.370180297167742 ], [ -2.240791191480006, 53.359557877072689 ], [ -2.244144607428593, 53.359762320452447 ], [ -2.244193971003955, 53.361027817234707 ], [ -2.245205713879606, 53.361122790355466 ], [ -2.249593089187906, 53.360575241619145 ], [ -2.256448409288922, 53.360660530069524 ], [ -2.258938399316371, 53.359444366073824 ], [ -2.258041838055797, 53.357027437923783 ], [ -2.261104308514937, 53.356124590229101 ], [ -2.2646125926118, 53.353962263729372 ], [ -2.263921136342611, 53.353659977004334 ], [ -2.2641947838148, 53.352962769097779 ], [ -2.266849018280457, 53.351694852834548 ], [ -2.267077737433223, 53.35055724121942 ], [ -2.273345301687145, 53.35035972196912 ], [ -2.278364770863223, 53.348599775660496 ], [ -2.280641163083379, 53.345952706958705 ], [ -2.284637342518256, 53.346491565569394 ], [ -2.2867065907832, 53.345511347044891 ], [ -2.285868091790807, 53.345002769581264 ], [ -2.287933929094748, 53.343072437348972 ], [ -2.290055324678971, 53.342275349985201 ], [ -2.291279838745866, 53.34300410338944 ], [ -2.295817454196247, 53.343027978011669 ], [ -2.296728232500622, 53.342039669486191 ], [ -2.301662788020803, 53.340207959206779 ], [ -2.302836707533947, 53.340977069926176 ], [ -2.297459933765732, 53.343793282137156 ], [ -2.298132937934925, 53.344413593446845 ], [ -2.296433823252763, 53.34492626869725 ], [ -2.296705050471019, 53.346022751663021 ], [ -2.298308009886752, 53.346659015431065 ], [ -2.297013697300121, 53.348631214784959 ], [ -2.299138744482771, 53.348984820322215 ], [ -2.298567986186437, 53.349682513052777 ], [ -2.298956417992081, 53.349934301203433 ], [ -2.301456476314145, 53.349028870621069 ], [ -2.301377367533038, 53.350313731139146 ], [ -2.303463228705904, 53.350632482709912 ], [ -2.305566070325286, 53.353109422998884 ], [ -2.307912461048665, 53.353512281993751 ], [ -2.309449226979471, 53.354405912169661 ], [ -2.312230094803465, 53.3547715135836 ], [ -2.312715463834643, 53.356056339716268 ], [ -2.31434849011482, 53.356774555084705 ], [ -2.314013789237451, 53.357414081177872 ], [ -2.30604017982378, 53.358365616494488 ], [ -2.300086626673652, 53.359990602262101 ], [ -2.298595782517873, 53.360808663156185 ], [ -2.29623763020518, 53.363107611406384 ], [ -2.292665125695479, 53.370252448394808 ], [ -2.290564090713152, 53.372689034181171 ], [ -2.285665504998893, 53.376228883146787 ], [ -2.288585958388715, 53.376877115516237 ], [ -2.292683357481663, 53.380784420138511 ], [ -2.294210998755477, 53.38169750835867 ], [ -2.296547869580899, 53.382235557362677 ], [ -2.299874375962462, 53.384314340708301 ], [ -2.300215791038481, 53.384970540776301 ], [ -2.299148606321751, 53.386082459004889 ], [ -2.299762457260166, 53.386996864891415 ], [ -2.299715527631252, 53.388450385468246 ], [ -2.300483442193189, 53.389458843480469 ], [ -2.299879872231061, 53.389801921249209 ], [ -2.30015195814252, 53.392138235030913 ], [ -2.303593497310017, 53.395037316362398 ], [ -2.305012608573223, 53.397071458086074 ], [ -2.307340013788108, 53.397398956922061 ], [ -2.319918500576696, 53.411607382535585 ], [ -2.312711201592249, 53.409806372056664 ], [ -2.300692735662745, 53.409743719373964 ], [ -2.297714866283856, 53.408345415133773 ], [ -2.297270055105642, 53.410987331289043 ], [ -2.293942094882198, 53.413565392631668 ], [ -2.290904274955448, 53.414184064536798 ], [ -2.288884246531017, 53.415362004485786 ], [ -2.287262313327752, 53.414903051224677 ], [ -2.284508162330295, 53.416121231192079 ], [ -2.281544520369127, 53.415267223663008 ], [ -2.277841679128745, 53.415458318977016 ], [ -2.278422421695546, 53.417518081342727 ], [ -2.278192679591717, 53.418297882229872 ], [ -2.276391587308941, 53.418981588383438 ], [ -2.275996878154227, 53.419371774870861 ], [ -2.276440975170335, 53.419633227118403 ], [ -2.275440337569794, 53.419390133711502 ], [ -2.273620032743304, 53.422484601225797 ], [ -2.275649121420662, 53.423278965033028 ], [ -2.280628021905905, 53.42390374691589 ], [ -2.283651003143163, 53.424991451116533 ], [ -2.285330349361715, 53.427226483643395 ], [ -2.285994027413988, 53.429317956238108 ], [ -2.289102660801196, 53.432021755151396 ], [ -2.293276229753, 53.432659640717176 ], [ -2.296030672348929, 53.432454250278454 ], [ -2.299865029182099, 53.433417229418708 ], [ -2.300200179237328, 53.43633134519083 ], [ -2.299698212241769, 53.43730875187449 ], [ -2.295568160713166, 53.435850295259847 ], [ -2.294303600335076, 53.436044911030436 ], [ -2.295437973186841, 53.438782737023921 ], [ -2.291492257264686, 53.439194200672446 ], [ -2.289870035352974, 53.441271841118585 ], [ -2.291505574942422, 53.443113123329233 ], [ -2.293259845133611, 53.443609523858235 ], [ -2.293128478564383, 53.444433229522517 ], [ -2.29181146973795, 53.445363177710661 ], [ -2.289648940920463, 53.445060136817126 ], [ -2.286212121597586, 53.449104501081898 ], [ -2.279755884350107, 53.449179796436006 ], [ -2.279379879395584, 53.45016850204788 ], [ -2.271466065564638, 53.45071522490057 ], [ -2.25818763429755, 53.458808298500344 ], [ -2.253688248857741, 53.459928965716735 ], [ -2.253938591421445, 53.46049014310514 ], [ -2.253247067874385, 53.460704668217232 ], [ -2.253503269459519, 53.461228183027316 ], [ -2.25302336546789, 53.461321756613451 ], [ -2.253722995565853, 53.462713537631039 ], [ -2.255900617993753, 53.462157872423305 ], [ -2.257920144468342, 53.462367390922765 ], [ -2.259811775865939, 53.465315927707429 ], [ -2.262703323657934, 53.467418456051178 ], [ -2.26457249949696, 53.467870902665915 ], [ -2.265115420946261, 53.468453962108555 ], [ -2.264565947211467, 53.468753603126572 ], [ -2.265707813682083, 53.469716422747446 ], [ -2.268161610090246, 53.469690269076096 ], [ -2.264056891354932, 53.473621046576497 ], [ -2.262679434346473, 53.476716132545072 ], [ -2.255788657532329, 53.480596196869506 ], [ -2.248940162602351, 53.483191239148034 ], [ -2.245640669649387, 53.485124286123472 ], [ -2.245262597402734, 53.486721405022955 ], [ -2.248647209972059, 53.488225379876681 ], [ -2.249110174663008, 53.489300293355328 ], [ -2.250490691370844, 53.490069561255069 ], [ -2.250679225441911, 53.492136455575739 ], [ -2.251630688793933, 53.492959626545385 ], [ -2.253484600002615, 53.493455409704481 ], [ -2.252506745145414, 53.49530731222238 ], [ -2.254858352550829, 53.497327460689142 ], [ -2.254022198853784, 53.497668997949255 ], [ -2.255425222652294, 53.499103203639535 ], [ -2.254296025006476, 53.499581145676444 ], [ -2.254956327716218, 53.500355397153697 ], [ -2.251535587479077, 53.503884387379898 ], [ -2.247079220817716, 53.502374632407488 ], [ -2.246569115362726, 53.503835348541273 ], [ -2.245339009235925, 53.50489497720357 ], [ -2.24576857403099, 53.506453588566252 ], [ -2.248858791642962, 53.507112321335136 ], [ -2.248541344385053, 53.507737678424292 ], [ -2.250329790887113, 53.508033260979055 ], [ -2.249215268310353, 53.50951511142619 ], [ -2.248083654874548, 53.509405054723857 ], [ -2.246576786164921, 53.510868824202305 ], [ -2.246475325677084, 53.511573703625594 ], [ -2.245230086328167, 53.512140757249348 ], [ -2.246918059374922, 53.51430798840866 ], [ -2.250236742905895, 53.516288388466727 ], [ -2.256968309162331, 53.517929734710911 ], [ -2.256657589443738, 53.519681382407661 ], [ -2.256238455907785, 53.519938467914457 ], [ -2.256493604113987, 53.520242629791738 ], [ -2.254224709027309, 53.520651034417504 ], [ -2.254416246568566, 53.521651018368615 ], [ -2.253421602186534, 53.521793401231456 ], [ -2.253499274182511, 53.522429613174438 ], [ -2.2528690538255, 53.522478574033698 ], [ -2.253479856506952, 53.524237152477355 ], [ -2.25145724252987, 53.523999708898025 ], [ -2.251787469062349, 53.52574450888585 ], [ -2.248807163819982, 53.524789900156343 ], [ -2.246647282118812, 53.529220254253808 ], [ -2.256758636518201, 53.527151440365202 ], [ -2.264116667379823, 53.52467436176898 ], [ -2.265850794472001, 53.526986790163164 ], [ -2.266024906913513, 53.530216893923431 ], [ -2.267400573448764, 53.533783976155277 ], [ -2.268299648741499, 53.534955866510607 ], [ -2.267767154335349, 53.535220435120117 ], [ -2.268646649382676, 53.535906953557621 ], [ -2.268462535926334, 53.537085766390689 ], [ -2.267526865363838, 53.538028050400939 ], [ -2.258761363067732, 53.543138350449958 ], [ -2.253025998468445, 53.543970318621604 ], [ -2.251739411680991, 53.544592337425264 ], [ -2.248022911655578, 53.544143542127422 ], [ -2.23936030809925, 53.540064319677981 ] ] ] } },
{ "type": "Feature", "properties": { "lad_code": "E08000004", "lad_name": "Oldham", "city": "manchester" }, "geometry": { "type": "Polygon", "coordinates": [ [ [ -2.024587418576853, 53.617379904606992 ], [ -2.02303716565776, 53.615824350348213 ], [ -2.018653428739296, 53.615954606972764 ], [ -2.014774299277408, 53.6153340677415 ], [ -2.009471961376891, 53.616764594369471 ], [ -2.008537265462282, 53.614796268579923 ], [ -2.007675601745573, 53.614361332553216 ], [ -2.007515112621411, 53.612519642301208 ], [ -1.999608263508251, 53.607927769682547 ], [ -1.995875521117997, 53.605100006711474 ], [ -1.994765006875877, 53.603372469461085 ], [ -1.981647792395069, 53.589322532278324 ], [ -1.978245559963349, 53.586772906326793 ], [ -1.971164067826338, 53.584140500619718 ], [ -1.966865350146381, 53.580001208171446 ], [ -1.956582300439335, 53.577555802874713 ], [ -1.953690317937508, 53.576015112504777 ], [ -1.950935495190236, 53.573621302742744 ], [ -1.9503216625755, 53.574149590363653 ], [ -1.946401741304429, 53.571490020202113 ], [ -1.944596354695481, 53.568670467956927 ], [ -1.942727424600256, 53.561625494415033 ], [ -1.928703414592483, 53.555568783774447 ], [ -1.924450460337548, 53.552538073973544 ], [ -1.921580338661151, 53.552983813080886 ], [ -1.919371626717676, 53.550862968805781 ], [ -1.912886016280572, 53.551627795935744 ], [ -1.909622308857975, 53.538374787917277 ], [ -1.91189237055931, 53.538016955457664 ], [ -1.914254907771404, 53.536691917560951 ], [ -1.91577720079696, 53.532930468577021 ], [ -1.922446365171814, 53.530798503818666 ], [ -1.922606876829155, 53.526317842115972 ], [ -1.923478822428551, 53.522941538904718 ], [ -1.926782481358859, 53.520931948099978 ], [ -1.922695319819673, 53.518359624296572 ], [ -1.921863509403865, 53.51716001923743 ], [ -1.916768218998789, 53.514478999155017 ], [ -1.917500826152919, 53.513061094646531 ], [ -1.921974716173843, 53.509937922424271 ], [ -1.924401583013805, 53.509556590532277 ], [ -1.926078293705518, 53.508646203205849 ], [ -1.935503532189826, 53.505769975074315 ], [ -1.942430337966979, 53.506593183135649 ], [ -1.946891323662074, 53.504528857684726 ], [ -1.951334878166857, 53.50418199932534 ], [ -1.955675180676138, 53.504438964548143 ], [ -1.959476147824321, 53.50589007884507 ], [ -1.963388265077917, 53.509810318855187 ], [ -1.966732274172659, 53.51036220880664 ], [ -1.977822140028836, 53.51441583087626 ], [ -1.98695565822707, 53.516686791779499 ], [ -1.988826728928611, 53.518368671390938 ], [ -1.991479306691648, 53.519827728979962 ], [ -1.996929814596324, 53.52204810319185 ], [ -2.003035238741809, 53.520194679070343 ], [ -2.00913582376154, 53.519109409681022 ], [ -2.018778676303239, 53.521416535947616 ], [ -2.017532325759186, 53.523707836830148 ], [ -2.018095430066676, 53.524813274325474 ], [ -2.020320938657605, 53.525984120437087 ], [ -2.023158050272288, 53.528379929625665 ], [ -2.026801749041307, 53.529409201566587 ], [ -2.032455024060745, 53.530240142091841 ], [ -2.034487871520413, 53.529381155899607 ], [ -2.034975842055147, 53.530307717581849 ], [ -2.036060635686214, 53.530355017817186 ], [ -2.038285310323347, 53.529877985007474 ], [ -2.038465638110008, 53.529030296395788 ], [ -2.039618302319862, 53.52919615548344 ], [ -2.039874032046784, 53.529989784465457 ], [ -2.044468978680912, 53.529859657206188 ], [ -2.051117905401663, 53.530415092292159 ], [ -2.054919345680362, 53.531376045554794 ], [ -2.056938426020492, 53.530659648526843 ], [ -2.05730307741299, 53.529250142520503 ], [ -2.056262169201774, 53.529276698142397 ], [ -2.053285731104008, 53.526810749516038 ], [ -2.053116755213236, 53.525562338207543 ], [ -2.054455448633294, 53.523805368909429 ], [ -2.054150257554908, 53.522252313050984 ], [ -2.056207436303457, 53.522165993923345 ], [ -2.058395637380463, 53.522946974732847 ], [ -2.061868375137499, 53.522294378910338 ], [ -2.063444392821956, 53.521214984258116 ], [ -2.064212094508229, 53.521243327470494 ], [ -2.064731803065554, 53.522799836032149 ], [ -2.070698504135325, 53.521719675379117 ], [ -2.071144222322529, 53.521285215793966 ], [ -2.074833309112172, 53.521225447244298 ], [ -2.075167171086036, 53.520644573625617 ], [ -2.077207018113204, 53.520257688700255 ], [ -2.078369027661971, 53.520614654994674 ], [ -2.093259961186627, 53.520600340634516 ], [ -2.092940836693316, 53.519511240585466 ], [ -2.09364957017713, 53.51880233517155 ], [ -2.09342631390523, 53.518104132889434 ], [ -2.095441670688394, 53.517627098048685 ], [ -2.094940928709574, 53.516907464525438 ], [ -2.095175277380196, 53.515837696820057 ], [ -2.09826371052518, 53.513869454847459 ], [ -2.099030146741141, 53.513988332199993 ], [ -2.09996425562447, 53.51170991724409 ], [ -2.102357078598163, 53.510979856334728 ], [ -2.103312786587476, 53.509654971640323 ], [ -2.11078983378242, 53.508315302486324 ], [ -2.118226645265411, 53.505733004423533 ], [ -2.119686006773897, 53.505710882066943 ], [ -2.120694021022295, 53.501245344065516 ], [ -2.12331848044309, 53.500650313673994 ], [ -2.124447745566583, 53.49964245773144 ], [ -2.127537567659968, 53.498481457986799 ], [ -2.131391536078572, 53.498266917031501 ], [ -2.135204731155311, 53.495254285346441 ], [ -2.136125619003237, 53.491911311221742 ], [ -2.140939983553185, 53.49111199980765 ], [ -2.145429873871223, 53.491956943676719 ], [ -2.146979653976058, 53.493782407619058 ], [ -2.148414429505431, 53.492892560051466 ], [ -2.154084478664724, 53.492829660127178 ], [ -2.154676136936191, 53.493440113002656 ], [ -2.157707696248993, 53.494367348564296 ], [ -2.159138282643328, 53.493210408059326 ], [ -2.163934849715623, 53.492927960000728 ], [ -2.163589498638366, 53.493671833373668 ], [ -2.164020078330768, 53.494690507300298 ], [ -2.163238363949525, 53.496016453777102 ], [ -2.16341299828603, 53.496763118463143 ], [ -2.161645731641352, 53.49740378932804 ], [ -2.161866316898019, 53.498309443906152 ], [ -2.164377887689027, 53.499505082273423 ], [ -2.165932939031945, 53.498967284571869 ], [ -2.168538409191155, 53.500983291552416 ], [ -2.172604100154981, 53.502423753361121 ], [ -2.170871678503417, 53.50312911826417 ], [ -2.175514644560764, 53.502634270257161 ], [ -2.1777495635198, 53.504966203943809 ], [ -2.176554959755458, 53.505208796964119 ], [ -2.176780746204345, 53.505486215453892 ], [ -2.178712145397435, 53.505833876789183 ], [ -2.178268230099175, 53.506752086277729 ], [ -2.175631518411968, 53.507572802716368 ], [ -2.175647842610696, 53.508055905517004 ], [ -2.174257075951828, 53.509017006584969 ], [ -2.174444488338327, 53.509674234574156 ], [ -2.173556862303961, 53.509796871816569 ], [ -2.174308337460479, 53.510116662863901 ], [ -2.173572064213504, 53.510379747596993 ], [ -2.174082448329831, 53.510555177079546 ], [ -2.173280980059259, 53.511840785581846 ], [ -2.173477982345357, 53.512262504804916 ], [ -2.173028237164953, 53.511985415993117 ], [ -2.17157685038223, 53.512545690425185 ], [ -2.171423978263037, 53.513151278635647 ], [ -2.168607190444996, 53.513560667034497 ], [ -2.164400706851972, 53.513578219310922 ], [ -2.163020513644952, 53.512891601074251 ], [ -2.160419060241598, 53.513037142266469 ], [ -2.16083184348949, 53.513328709657642 ], [ -2.160229867768489, 53.513651303794916 ], [ -2.160394671186609, 53.513964777435106 ], [ -2.156459009518186, 53.516278220289607 ], [ -2.15623801090195, 53.51579283464676 ], [ -2.154762675994601, 53.518016975963143 ], [ -2.156281349071647, 53.518829381095877 ], [ -2.159189419229983, 53.52211075153069 ], [ -2.164792678343386, 53.520149991957531 ], [ -2.169148527041009, 53.52356938084521 ], [ -2.170502979502565, 53.523940455817936 ], [ -2.170221083227604, 53.527729453076454 ], [ -2.172138592487045, 53.527789604541141 ], [ -2.172117755679393, 53.527099345298936 ], [ -2.186016335198737, 53.529043337449387 ], [ -2.179820322954359, 53.534643613181714 ], [ -2.178016510494353, 53.537324890511044 ], [ -2.175547922789205, 53.538370267289928 ], [ -2.175040646175503, 53.539769649088839 ], [ -2.17132988553487, 53.543787362843538 ], [ -2.170720213091936, 53.543788236006471 ], [ -2.170744321897025, 53.544521710245455 ], [ -2.169442345343147, 53.546143250748287 ], [ -2.169943233188188, 53.551367405384774 ], [ -2.171758928573531, 53.551345865803412 ], [ -2.172256348665158, 53.55266208570319 ], [ -2.171995036025774, 53.558216291520885 ], [ -2.168718617219148, 53.55881600213791 ], [ -2.168150442312685, 53.560168619913291 ], [ -2.165902195864922, 53.561238732150379 ], [ -2.163607784739561, 53.563276810234129 ], [ -2.159504400598323, 53.564532637946115 ], [ -2.157792881946309, 53.564270640599737 ], [ -2.157239374102562, 53.564825971415964 ], [ -2.150931872603735, 53.567108131751525 ], [ -2.151852750612736, 53.57422303727737 ], [ -2.152488091634793, 53.574520643910169 ], [ -2.152479277241555, 53.576016268884416 ], [ -2.15209710237818, 53.576247839973306 ], [ -2.15243637014584, 53.578999555776193 ], [ -2.156588256505074, 53.582271366883376 ], [ -2.146757294359831, 53.583730910271655 ], [ -2.136719396913112, 53.583067816325133 ], [ -2.125846724702228, 53.586481850544558 ], [ -2.124056673487468, 53.589036777861025 ], [ -2.12291455734104, 53.589039361189535 ], [ -2.122488328976618, 53.589513526301666 ], [ -2.123173730836428, 53.589841787625815 ], [ -2.118356195689011, 53.592608774542278 ], [ -2.112715325092084, 53.592756207477123 ], [ -2.111767397301923, 53.597100244507885 ], [ -2.112572932263943, 53.598876497691968 ], [ -2.110639510659235, 53.599692588401915 ], [ -2.108617455152091, 53.599015845956835 ], [ -2.107338463214374, 53.599361244155062 ], [ -2.105609961570762, 53.597623516002393 ], [ -2.101579561982264, 53.597340370101001 ], [ -2.099870020094818, 53.597743562905748 ], [ -2.097664660382008, 53.596070006310377 ], [ -2.094317009551467, 53.59634226957477 ], [ -2.092700154379893, 53.596928685022569 ], [ -2.092465323333551, 53.59664482913675 ], [ -2.090721810329554, 53.597383263348185 ], [ -2.089662111828638, 53.597201565787365 ], [ -2.08908635898751, 53.596402090255467 ], [ -2.088225573145109, 53.596664213695597 ], [ -2.087158410127872, 53.595688882578244 ], [ -2.085477760287162, 53.595444789062611 ], [ -2.083939057488769, 53.594404978580485 ], [ -2.081070083410274, 53.595273454103584 ], [ -2.069882903272657, 53.594976727799406 ], [ -2.070036561734582, 53.594711470362334 ], [ -2.067680719779958, 53.59352186717885 ], [ -2.067319284805717, 53.592392300669978 ], [ -2.05988328815653, 53.592470850315273 ], [ -2.055096854571332, 53.594592615777842 ], [ -2.055953815150807, 53.597145769702742 ], [ -2.05688188673347, 53.597384439401203 ], [ -2.04853196572664, 53.599756491707538 ], [ -2.042328277129198, 53.600417691362324 ], [ -2.035828188585112, 53.602916768212765 ], [ -2.03552927606165, 53.603355539404873 ], [ -2.036592283711548, 53.603993379756162 ], [ -2.035540948125139, 53.604634556494368 ], [ -2.034829033728114, 53.604408239245721 ], [ -2.03134688715932, 53.610209279966377 ], [ -2.0328022440329, 53.611880760107525 ], [ -2.032650595915046, 53.615111147183903 ], [ -2.030165747754442, 53.617657262343222 ], [ -2.0299909177491, 53.620504770242057 ], [ -2.029373487421976, 53.62168779546402 ], [ -2.026816947153295, 53.624152085637895 ], [ -2.026173358205486, 53.622404881044361 ], [ -2.026441468162795, 53.620789650671497 ], [ -2.024587418576853, 53.617379904606992 ] ] ] } },
{ "type": "Feature", "properties": { "lad_code": "E08000005", "lad_name": "Rochdale", "city": "manchester" }, "geometry": { "type": "Polygon", "coordinates": [ [ [ -2.126878592691725, 53.679585183260698 ], [ -2.126224692615849, 53.675602302594513 ], [ -2.118085077211102, 53.671229793795341 ], [ -2.114104622444675, 53.671103669825669 ], [ -2.097022264112505, 53.672606769150647 ], [ -2.096070684912604, 53.671506490072382 ], [ -2.092890427455073, 53.67014568319307 ], [ -2.090297492261542, 53.670911305208669 ], [ -2.086432107531518, 53.670941974961138 ], [ -2.086118789529914, 53.671903358072662 ], [ -2.084399721933382, 53.672872609103237 ], [ -2.083730603296772, 53.676031873702271 ], [ -2.084090264127505, 53.677615331362581 ], [ -2.08307757230292, 53.678088717540007 ], [ -2.08045188274336, 53.678326643119675 ], [ -2.077420892161775, 53.677384892720944 ], [ -2.073345833868662, 53.677496222901283 ], [ -2.071740835401089, 53.678192880439269 ], [ -2.071325625738237, 53.678843870480144 ], [ -2.061825727694323, 53.682801253986071 ], [ -2.056224295651395, 53.683125830322361 ], [ -2.055545316184628, 53.682647936929747 ], [ -2.051242224704815, 53.683676284636682 ], [ -2.048902018010629, 53.680211448232633 ], [ -2.053495358200073, 53.67787619334549 ], [ -2.05485783582363, 53.675647423335683 ], [ -2.054392753420281, 53.673016750402496 ], [ -2.052202607994563, 53.669432395527544 ], [ -2.049619719438209, 53.668764792447433 ], [ -2.044834927836417, 53.66545361596387 ], [ -2.037095578012777, 53.662327499785988 ], [ -2.037429592330225, 53.661905880941362 ], [ -2.035709909080369, 53.65931244939047 ], [ -2.035694731016386, 53.657602855293838 ], [ -2.036586989323665, 53.655298047995409 ], [ -2.039609902903447, 53.651921996991717 ], [ -2.039541093376225, 53.651044755842634 ], [ -2.040527267774007, 53.650902451196082 ], [ -2.039679711468119, 53.648967596310975 ], [ -2.040706424813407, 53.648362338525459 ], [ -2.041577861198012, 53.645403164783126 ], [ -2.04114371222185, 53.640830086190952 ], [ -2.036927594990997, 53.638182687678125 ], [ -2.029997624234504, 53.63615415819757 ], [ -2.029029890215992, 53.634209369218127 ], [ -2.029747317391251, 53.630821518075592 ], [ -2.030887831899552, 53.629224928888753 ], [ -2.026816947153295, 53.624152085637895 ], [ -2.029373487421976, 53.62168779546402 ], [ -2.0299909177491, 53.620504770242057 ], [ -2.030165747754442, 53.617657262343222 ], [ -2.032650595915046, 53.615111147183903 ], [ -2.0328022440329, 53.611880760107525 ], [ -2.03134688715932, 53.610209279966377 ], [ -2.034829033728114, 53.604408239245721 ], [ -2.035540948125139, 53.604634556494368 ], [ -2.036592283711548, 53.603993379756162 ], [ -2.03552927606165, 53.603355539404873 ], [ -2.035828188585112, 53.602916768212765 ], [ -2.042328277129198, 53.600417691362324 ], [ -2.04853196572664, 53.599756491707538 ], [ -2.05688188673347, 53.597384439401203 ], [ -2.055953815150807, 53.597145769702742 ], [ -2.055096854571332, 53.594592615777842 ], [ -2.05988328815653, 53.592470850315273 ], [ -2.067319284805717, 53.592392300669978 ], [ -2.067680719779958, 53.59352186717885 ], [ -2.070036561734582, 53.594711470362334 ], [ -2.069882903272657, 53.594976727799406 ], [ -2.081070083410274, 53.595273454103584 ], [ -2.083939057488769, 53.594404978580485 ], [ -2.085477760287162, 53.595444789062611 ], [ -2.087158410127872, 53.595688882578244 ], [ -2.088225573145109, 53.596664213695597 ], [ -2.08908635898751, 53.596402090255467 ], [ -2.089662111828638, 53.597201565787365 ], [ -2.090721810329554, 53.597383263348185 ], [ -2.092465323333551, 53.59664482913675 ], [ -2.092700154379893, 53.596928685022569 ], [ -2.094317009551467, 53.59634226957477 ], [ -2.097664660382008, 53.596070006310377 ], [ -2.099870020094818, 53.597743562905748 ], [ -2.101579561982264, 53.597340370101001 ], [ -2.105609961570762, 53.597623516002393 ], [ -2.107338463214374, 53.599361244155062 ], [ -2.108617455152091, 53.599015845956835 ], [ -2.110639510659235, 53.599692588401915 ], [ -2.112572932263943, 53.598876497691968 ], [ -2.111767397301923, 53.597100244507885 ], [ -2.112715325092084, 53.592756207477123 ], [ -2.118356195689011, 53.592608774542278 ], [ -2.123173730836428, 53.589841787625815 ], [ -2.122488328976618, 53.589513526301666 ], [ -2.12291455734104, 53.589039361189535 ], [ -2.124056673487468, 53.589036777861025 ], [ -2.125846724702228, 53.586481850544558 ], [ -2.136719396913112, 53.583067816325133 ], [ -2.146757294359831, 53.583730910271655 ], [ -2.156588256505074, 53.582271366883376 ], [ -2.15243637014584, 53.578999555776193 ], [ -2.15209710237818, 53.576247839973306 ], [ -2.152479277241555, 53.576016268884416 ], [ -2.152488091634793, 53.574520643910169 ], [ -2.151852750612736, 53.57422303727737 ], [ -2.150931872603735, 53.567108131751525 ], [ -2.157239374102562, 53.564825971415964 ], [ -2.157792881946309, 53.564270640599737 ], [ -2.159504400598323, 53.564532637946115 ], [ -2.163607784739561, 53.563276810234129 ], [ -2.165902195864922, 53.561238732150379 ], [ -2.168150442312685, 53.560168619913291 ], [ -2.168718617219148, 53.55881600213791 ], [ -2.171995036025774, 53.558216291520885 ], [ -2.172256348665158, 53.55266208570319 ], [ -2.171758928573531, 53.551345865803412 ], [ -2.169943233188188, 53.551367405384774 ], [ -2.169442345343147, 53.546143250748287 ], [ -2.170744321897025, 53.544521710245455 ], [ -2.170720213091936, 53.543788236006471 ], [ -2.17132988553487, 53.543787362843538 ], [ -2.175040646175503, 53.539769649088839 ], [ -2.175547922789205, 53.538370267289928 ], [ -2.178016510494353, 53.537324890511044 ], [ -2.179820322954359, 53.534643613181714 ], [ -2.186016335198737, 53.529043337449387 ], [ -2.193879426183405, 53.531623991313978 ], [ -2.200584989637137, 53.531744161523754 ], [ -2.205814366649082, 53.533069116250786 ], [ -2.206773336898674, 53.534197334115191 ], [ -2.206930483134709, 53.53578440263675 ], [ -2.205651875460649, 53.536882248998488 ], [ -2.207126294882216, 53.538178598259982 ], [ -2.208538295132911, 53.538426844787196 ], [ -2.213067011013429, 53.542141844556269 ], [ -2.21769646599143, 53.542398668215277 ], [ -2.21781196597888, 53.543447368662257 ], [ -2.21872726886776, 53.543890672084984 ], [ -2.219461770293913, 53.543823728790258 ], [ -2.22078530061493, 53.542659966884649 ], [ -2.227761643919047, 53.541564709953867 ], [ -2.22886440415598, 53.540675435491593 ], [ -2.233515232852461, 53.540148673358154 ], [ -2.234133059391969, 53.539178525242406 ], [ -2.237231991335364, 53.538844340367831 ], [ -2.236321629306095, 53.540663611583199 ], [ -2.234365780860218, 53.541711883951393 ], [ -2.234166669767842, 53.543348137615013 ], [ -2.235640724517395, 53.547380127047724 ], [ -2.236264925826169, 53.551069533719719 ], [ -2.237412928994001, 53.553645097585786 ], [ -2.241722605017203, 53.557135606512155 ], [ -2.236544343480015, 53.559212326561649 ], [ -2.239058403484902, 53.560894501473349 ], [ -2.240871546556835, 53.561166812958376 ], [ -2.240863149167203, 53.561550612055122 ], [ -2.241537932412975, 53.561288572944214 ], [ -2.244235602990531, 53.562030075961268 ], [ -2.24649288719644, 53.56156159516496 ], [ -2.248096600538234, 53.563170772038859 ], [ -2.247166388794982, 53.563410912128283 ], [ -2.245863300741342, 53.565466576753131 ], [ -2.243293356700317, 53.567780906790986 ], [ -2.245526602052833, 53.568587124054758 ], [ -2.245128615443028, 53.570248058566207 ], [ -2.244027170448728, 53.570143382293935 ], [ -2.243306718554222, 53.571688153355666 ], [ -2.246693228679811, 53.573667600648761 ], [ -2.250324164734472, 53.576583023392715 ], [ -2.25068095139, 53.578418601504957 ], [ -2.25449245380603, 53.580846400318094 ], [ -2.254583667207451, 53.582449711232613 ], [ -2.255122614740845, 53.582916808816336 ], [ -2.259242474427587, 53.585253939596804 ], [ -2.261065464263896, 53.58473131534781 ], [ -2.265498126215986, 53.585587147333804 ], [ -2.267613220808062, 53.584431898016618 ], [ -2.26799207831809, 53.583664386171371 ], [ -2.267795995915294, 53.582277876544552 ], [ -2.268487240997069, 53.580776246873185 ], [ -2.273600887955754, 53.579287844291926 ], [ -2.277638815424371, 53.580100998501145 ], [ -2.277634811606677, 53.580876657116185 ], [ -2.278955245912544, 53.582069046598818 ], [ -2.280394703505945, 53.582079156715011 ], [ -2.282445907289439, 53.584108340382791 ], [ -2.282440580692987, 53.586706937638368 ], [ -2.281855941153177, 53.586931163693819 ], [ -2.278584689275354, 53.585446840416466 ], [ -2.277991556433872, 53.585971281367073 ], [ -2.278059277249016, 53.587312244663039 ], [ -2.27879655198174, 53.588473550160707 ], [ -2.278642371660434, 53.589234296642893 ], [ -2.276642471441406, 53.591499556289037 ], [ -2.275467266538637, 53.591527430089144 ], [ -2.270135661448911, 53.589145080853626 ], [ -2.269320632766624, 53.589978368988774 ], [ -2.26997977609508, 53.591946193818998 ], [ -2.266294384519792, 53.591372005120419 ], [ -2.263985420551166, 53.592501599706615 ], [ -2.259224283527864, 53.592165978664156 ], [ -2.258384606944712, 53.593699413166782 ], [ -2.258258191273842, 53.595009264857225 ], [ -2.255552801056133, 53.597111176077192 ], [ -2.250475691531946, 53.599117288976352 ], [ -2.245569341062722, 53.599114888366614 ], [ -2.245061029223236, 53.601093325728911 ], [ -2.249114429301309, 53.602750447570408 ], [ -2.248970082350134, 53.603374536322526 ], [ -2.250467571699736, 53.604899426480266 ], [ -2.251005661395762, 53.607196659831331 ], [ -2.255728023223839, 53.606106211706184 ], [ -2.259407727649376, 53.606055153258978 ], [ -2.261809398880071, 53.606578457400502 ], [ -2.266620837307673, 53.609137554358327 ], [ -2.271768101918603, 53.614461969512341 ], [ -2.269053064695945, 53.61612883700861 ], [ -2.26685710349995, 53.615580171032867 ], [ -2.267266113748581, 53.614761325865857 ], [ -2.266475610955963, 53.614483824894961 ], [ -2.260555289376704, 53.616197091247244 ], [ -2.260587953461332, 53.616665038596381 ], [ -2.257997377574077, 53.616437500894676 ], [ -2.259276118809098, 53.619300909489489 ], [ -2.256792928593996, 53.620426024312387 ], [ -2.259948134528463, 53.620609757751538 ], [ -2.25962292654777, 53.621665235349205 ], [ -2.260535205885083, 53.621988985317707 ], [ -2.260126621006358, 53.622246129779271 ], [ -2.260487902365716, 53.624248643701208 ], [ -2.262929029055262, 53.624945013578277 ], [ -2.262478788504905, 53.626409288664568 ], [ -2.263742231195888, 53.629801097427411 ], [ -2.265548777003105, 53.639399855463999 ], [ -2.267663448841967, 53.640938509447629 ], [ -2.267244937102374, 53.641250437724793 ], [ -2.267138876143053, 53.64265643221178 ], [ -2.269603781474432, 53.644026728228518 ], [ -2.2690399323262, 53.645509255771756 ], [ -2.269926749503217, 53.646041157780111 ], [ -2.267030492368328, 53.648289318515204 ], [ -2.266365157248004, 53.649151782511879 ], [ -2.266627145314171, 53.649625506586673 ], [ -2.265776672603132, 53.65040263211867 ], [ -2.262843879076621, 53.651774420761001 ], [ -2.261358987541366, 53.654152177498936 ], [ -2.260642130096245, 53.654202277868251 ], [ -2.259969464313444, 53.654942481719203 ], [ -2.257325601002008, 53.65519393561047 ], [ -2.253530434772793, 53.656430006781399 ], [ -2.252276856612471, 53.657876071106038 ], [ -2.247523302413116, 53.661150242295626 ], [ -2.245865770137222, 53.663425963461897 ], [ -2.236633183186669, 53.666908357285472 ], [ -2.233081067832501, 53.668830994852414 ], [ -2.225824971534699, 53.670752196000905 ], [ -2.224813660169389, 53.66987144562956 ], [ -2.222486830147364, 53.669203493452606 ], [ -2.217729989717872, 53.668965052812254 ], [ -2.216099139836901, 53.667214613227046 ], [ -2.215229254397904, 53.667107874158226 ], [ -2.215508695321784, 53.666170354053548 ], [ -2.2147713748246, 53.665224326728293 ], [ -2.207108686786429, 53.660750942885748 ], [ -2.207899697348525, 53.659437925263958 ], [ -2.206852751701891, 53.657037468798251 ], [ -2.203576719967079, 53.655909590156355 ], [ -2.204443957765462, 53.656085717304926 ], [ -2.205248017218818, 53.654345575128062 ], [ -2.197738613525986, 53.652051660558179 ], [ -2.196564223057511, 53.650671248752566 ], [ -2.190375942120925, 53.649170417770911 ], [ -2.189630036922847, 53.647974015897809 ], [ -2.182367420879131, 53.648247139835981 ], [ -2.182610052101782, 53.64750793985624 ], [ -2.181534680748479, 53.647028708973714 ], [ -2.181044113901044, 53.645692907872665 ], [ -2.183527988646895, 53.645174097038627 ], [ -2.182625093935156, 53.644341374639822 ], [ -2.182707603508048, 53.642958847877985 ], [ -2.180469195708701, 53.64053361155846 ], [ -2.181835635515314, 53.64033385712932 ], [ -2.185397303463469, 53.638208046050899 ], [ -2.17568518891794, 53.639466684810579 ], [ -2.174103917654618, 53.639282905491385 ], [ -2.173977030816453, 53.639691217725471 ], [ -2.16135408150406, 53.641358235848983 ], [ -2.160599980509553, 53.648280159394673 ], [ -2.163910702465604, 53.652386855262641 ], [ -2.163939592965247, 53.654749851484553 ], [ -2.155029485043699, 53.664232562731044 ], [ -2.153452687454609, 53.668868016688442 ], [ -2.148601981239735, 53.67448357442769 ], [ -2.147951662253816, 53.678553318871749 ], [ -2.148137881998301, 53.68199465135779 ], [ -2.146327983654828, 53.682216217593492 ], [ -2.144640930156304, 53.679464283468249 ], [ -2.142257575248594, 53.677990454055063 ], [ -2.141092136839275, 53.678958054290163 ], [ -2.139715091289097, 53.682793993085795 ], [ -2.134127017996005, 53.685718813210308 ], [ -2.132854037593475, 53.684381925033804 ], [ -2.129862685101729, 53.683088235898332 ], [ -2.127677776047424, 53.681541928274314 ], [ -2.126878592691725, 53.679585183260698 ] ] ] } },
{ "type": "Feature", "properties": { "lad_code": "E08000006", "lad_name": "Salford", "city": "manchester" }, "geometry": { "type": "Polygon", "coordinates": [ [ [ -2.437149242001843, 53.542236967860894 ], [ -2.421442921538823, 53.540980999275924 ], [ -2.412897795000323, 53.538837419855405 ], [ -2.408774824249865, 53.53829258349262 ], [ -2.399838462814872, 53.538531286666569 ], [ -2.396137864389578, 53.537646553211843 ], [ -2.393662460580807, 53.536499285935662 ], [ -2.389893280839269, 53.533437184206825 ], [ -2.385382772202259, 53.531508536724047 ], [ -2.368595931370924, 53.528185424162565 ], [ -2.368067706812369, 53.529190142582891 ], [ -2.354390446917416, 53.526224018337857 ], [ -2.350775869938492, 53.529646607506869 ], [ -2.353538079494424, 53.530203855827352 ], [ -2.352954483165177, 53.530579481834671 ], [ -2.352759217551733, 53.531239888532681 ], [ -2.353251527599537, 53.531297740566345 ], [ -2.352759172451556, 53.532311269956274 ], [ -2.354654558103532, 53.532733474454453 ], [ -2.353870646819456, 53.533897128309036 ], [ -2.352685918042843, 53.533674097884244 ], [ -2.352127728286875, 53.534209682201315 ], [ -2.353767284660866, 53.534703732819594 ], [ -2.353697690824072, 53.535040098803364 ], [ -2.352186129141297, 53.535070621548748 ], [ -2.351425208164432, 53.535734399088163 ], [ -2.348634693106448, 53.535648221756567 ], [ -2.347986138824503, 53.53603569383786 ], [ -2.348834914753565, 53.536699248723032 ], [ -2.348611460288767, 53.537225750872118 ], [ -2.345930512423341, 53.537436622102263 ], [ -2.341891922234445, 53.536401126457051 ], [ -2.335208621805128, 53.531329949690146 ], [ -2.328362359600284, 53.529566530999517 ], [ -2.32451888924959, 53.52725086946306 ], [ -2.319460422781328, 53.526988546906637 ], [ -2.312268963343381, 53.527514449370315 ], [ -2.310474306117073, 53.527170386354094 ], [ -2.302865278529354, 53.52185799370428 ], [ -2.302072039576212, 53.52038057358461 ], [ -2.302598911071735, 53.517709637412736 ], [ -2.302261106397052, 53.517070520107389 ], [ -2.297698017379047, 53.51563840311259 ], [ -2.294355888132589, 53.515394182734511 ], [ -2.291743341988094, 53.513998351185037 ], [ -2.290797774028071, 53.512004361213833 ], [ -2.289522624919948, 53.512749869000707 ], [ -2.285100673146687, 53.513556921238582 ], [ -2.282533068278864, 53.515225851929969 ], [ -2.280543474628288, 53.515842656759816 ], [ -2.274469628099992, 53.516402387554635 ], [ -2.271576324470767, 53.517478585542968 ], [ -2.259017722588007, 53.518403534342241 ], [ -2.250236742905895, 53.516288388466727 ], [ -2.246918059374922, 53.51430798840866 ], [ -2.245230086328167, 53.512140757249348 ], [ -2.246475325677084, 53.511573703625594 ], [ -2.246576786164921, 53.510868824202305 ], [ -2.248083654874548, 53.509405054723857 ], [ -2.249215268310353, 53.50951511142619 ], [ -2.250329790887113, 53.508033260979055 ], [ -2.248541344385053, 53.507737678424292 ], [ -2.248858791642962, 53.507112321335136 ], [ -2.24576857403099, 53.506453588566252 ], [ -2.245339009235925, 53.50489497720357 ], [ -2.246569115362726, 53.503835348541273 ], [ -2.247079220817716, 53.502374632407488 ], [ -2.251535587479077, 53.503884387379898 ], [ -2.254956327716218, 53.500355397153697 ], [ -2.254296025006476, 53.499581145676444 ], [ -2.255425222652294, 53.499103203639535 ], [ -2.254022198853784, 53.497668997949255 ], [ -2.254858352550829, 53.497327460689142 ], [ -2.252506745145414, 53.49530731222238 ], [ -2.253484600002615, 53.493455409704481 ], [ -2.251630688793933, 53.492959626545385 ], [ -2.250679225441911, 53.492136455575739 ], [ -2.250490691370844, 53.490069561255069 ], [ -2.249110174663008, 53.489300293355328 ], [ -2.248647209972059, 53.488225379876681 ], [ -2.245262597402734, 53.486721405022955 ], [ -2.245640669649387, 53.485124286123472 ], [ -2.248940162602351, 53.483191239148034 ], [ -2.255788657532329, 53.480596196869506 ], [ -2.262679434346473, 53.476716132545072 ], [ -2.264056891354932, 53.473621046576497 ], [ -2.265321227604337, 53.472712195438561 ], [ -2.270801244401979, 53.470682015921582 ], [ -2.278502496162944, 53.465655911422864 ], [ -2.281259732130447, 53.464845028030169 ], [ -2.283809808627142, 53.465294669100913 ], [ -2.300447518767073, 53.47135980040234 ], [ -2.316348852359365, 53.478679449100795 ], [ -2.319203830404347, 53.479634511378393 ], [ -2.324008373460496, 53.480345117659056 ], [ -2.329467792164553, 53.479977842902962 ], [ -2.352178452250066, 53.474708744865026 ], [ -2.36212207677994, 53.471682915418448 ], [ -2.386214013002892, 53.463367864913295 ], [ -2.39325437767797, 53.460140496745822 ], [ -2.397773522659353, 53.457484644958939 ], [ -2.401025174785127, 53.455109831498397 ], [ -2.407458711254044, 53.448786423622799 ], [ -2.409566724468056, 53.445719250153147 ], [ -2.410752931648297, 53.442099933329033 ], [ -2.412794626746749, 53.439648073559717 ], [ -2.413209310492114, 53.438484390546868 ], [ -2.413989493352568, 53.438061862290304 ], [ -2.413520621025659, 53.437516150021295 ], [ -2.417279551229623, 53.431554427403313 ], [ -2.41928711395578, 53.429543782907793 ], [ -2.422388069199642, 53.427322561711684 ], [ -2.426824851584027, 53.425084808164982 ], [ -2.449378933654579, 53.415875008940127 ], [ -2.449362490945561, 53.416738898936131 ], [ -2.450751868067041, 53.417370052236578 ], [ -2.451275626329336, 53.418657928920858 ], [ -2.449188722045362, 53.420518361317704 ], [ -2.448995162407011, 53.422858782667589 ], [ -2.45031561369054, 53.424063687990078 ], [ -2.451544406784011, 53.426692760654483 ], [ -2.454068324969746, 53.428259785344927 ], [ -2.45512953489483, 53.429968031108722 ], [ -2.459260430137044, 53.433143146201793 ], [ -2.461724641354254, 53.436352522398174 ], [ -2.463321170888436, 53.436999800444092 ], [ -2.466339555460387, 53.437019499980082 ], [ -2.470799422902149, 53.438894092534369 ], [ -2.474102882790525, 53.439367253738176 ], [ -2.478154030621445, 53.44340136393923 ], [ -2.478265064675145, 53.444301586769527 ], [ -2.476043335308582, 53.447443885051463 ], [ -2.475987356102186, 53.448221667538057 ], [ -2.478775156264824, 53.450030636403909 ], [ -2.482826849513318, 53.453852512309723 ], [ -2.4861066690036, 53.455174884048439 ], [ -2.486894989748464, 53.458125279087099 ], [ -2.489608873114038, 53.459564971707813 ], [ -2.489714802389131, 53.46026652245677 ], [ -2.488042637701267, 53.460757892385239 ], [ -2.486617017264974, 53.460420354941817 ], [ -2.483524965244714, 53.460687217443592 ], [ -2.480884531792149, 53.461877199851131 ], [ -2.479160184591172, 53.461763718259533 ], [ -2.476759310511423, 53.462427686442211 ], [ -2.465144391771556, 53.462236169574119 ], [ -2.434470896144314, 53.465028531396676 ], [ -2.438547816515589, 53.482067524823179 ], [ -2.436733187441153, 53.484674523303447 ], [ -2.436434326310478, 53.486679208703691 ], [ -2.435637871018689, 53.487191707396931 ], [ -2.435672069907785, 53.488321473934334 ], [ -2.43625467083865, 53.490469409713803 ], [ -2.438508174051003, 53.492385583800498 ], [ -2.43623851274159, 53.493736749202007 ], [ -2.433591676753384, 53.497125179440189 ], [ -2.431622924922447, 53.498014994896046 ], [ -2.433074508843367, 53.499635741811339 ], [ -2.433107592454854, 53.500954214805404 ], [ -2.430196136193971, 53.501813272463956 ], [ -2.430431923772317, 53.50467946793448 ], [ -2.42050771549756, 53.506773386827845 ], [ -2.422262780990136, 53.507533064382976 ], [ -2.421370330416349, 53.508300195158256 ], [ -2.422290430484777, 53.509100555706581 ], [ -2.418715637408632, 53.510347259184307 ], [ -2.41945705962228, 53.512140487914799 ], [ -2.415349904923735, 53.512028134843916 ], [ -2.41575894115589, 53.513461308330918 ], [ -2.41454072183575, 53.514876684152995 ], [ -2.418273363760969, 53.518103084588709 ], [ -2.421638473729354, 53.519911083026479 ], [ -2.427198584614595, 53.521542842883889 ], [ -2.454114078643455, 53.526204847084855 ], [ -2.451098370749267, 53.528588269950127 ], [ -2.448128880455375, 53.52808985284026 ], [ -2.447808753779557, 53.529353028337361 ], [ -2.444608774924495, 53.530908299225388 ], [ -2.441477952438222, 53.534338127281018 ], [ -2.441250989066655, 53.535145267262394 ], [ -2.441964284038476, 53.536123257646643 ], [ -2.44098297441762, 53.538681381676561 ], [ -2.438102676307364, 53.540021340424296 ], [ -2.437149242001843, 53.542236967860894 ] ] ] } },
{ "type": "Feature", "properties": { "lad_code": "E08000007", "lad_name": "Stockport", "city": "manchester" }, "geometry": { "type": "Polygon", "coordinates": [ [ [ -2.158452766946501, 53.454920497846075 ], [ -2.154654228715827, 53.45103170696121 ], [ -2.14925162053924, 53.448488565903254 ], [ -2.148379039465411, 53.447395709238336 ], [ -2.148827750647225, 53.44656287397585 ], [ -2.146982629074851, 53.445474810069044 ], [ -2.14290535077847, 53.44454406127722 ], [ -2.144574969776319, 53.443638693052904 ], [ -2.143760178008789, 53.442648260936522 ], [ -2.142688444871603, 53.442237902667074 ], [ -2.14174399879616, 53.439828283836519 ], [ -2.14225864061905, 53.439766566226517 ], [ -2.141692017633794, 53.438234690741311 ], [ -2.141583411796444, 53.438949919245566 ], [ -2.141035278260535, 53.439175308422207 ], [ -2.137655191450203, 53.437739389648193 ], [ -2.136422011906148, 53.439137081500483 ], [ -2.135708146080727, 53.439317846000556 ], [ -2.13529342972962, 53.437618680723688 ], [ -2.134612224614223, 53.437363638840608 ], [ -2.130724755744067, 53.439418445860845 ], [ -2.129019265798324, 53.439435291109056 ], [ -2.122923538688467, 53.437745781237155 ], [ -2.122668159783319, 53.438219271130968 ], [ -2.123845225957385, 53.439766431756439 ], [ -2.123708018296833, 53.440777600916398 ], [ -2.122707737068739, 53.441061682616592 ], [ -2.119383478480739, 53.438872582713678 ], [ -2.12054189360611, 53.436974024365043 ], [ -2.120263543547189, 53.436385827963711 ], [ -2.117478538244089, 53.43715821027245 ], [ -2.11486140681076, 53.438647819259693 ], [ -2.114700645770799, 53.43904167051533 ], [ -2.11523522719672, 53.439385863958385 ], [ -2.117334748289856, 53.439293750902856 ], [ -2.117073342280349, 53.440173622755403 ], [ -2.116086419534106, 53.440729717827274 ], [ -2.111319557290068, 53.437581098538843 ], [ -2.110744964162211, 53.436303018901476 ], [ -2.107421635214122, 53.433733999167117 ], [ -2.102862818639556, 53.432627940620158 ], [ -2.100664775143035, 53.4335362193804 ], [ -2.096778372053739, 53.433566585022085 ], [ -2.098138655891084, 53.436073176082033 ], [ -2.097814645089271, 53.436887801125124 ], [ -2.093849561570756, 53.436464935512433 ], [ -2.092810984333533, 53.437522384724964 ], [ -2.088874033872422, 53.437243139158888 ], [ -2.087202561205132, 53.436189066711478 ], [ -2.086501065118989, 53.434711031925509 ], [ -2.084037332217904, 53.434080905664842 ], [ -2.085262895329735, 53.433547886942364 ], [ -2.084453614236589, 53.433040578678124 ], [ -2.086319522925615, 53.432767775251946 ], [ -2.085426332704567, 53.432434951857175 ], [ -2.08515954902215, 53.431520104390451 ], [ -2.0853870541059, 53.430119572494462 ], [ -2.086078744961219, 53.429816158005934 ], [ -2.084616440545194, 53.427873905941198 ], [ -2.082991498826002, 53.427276406169234 ], [ -2.082915412992144, 53.426802689638897 ], [ -2.079136637699948, 53.426092526474079 ], [ -2.077627336812576, 53.426161813177963 ], [ -2.076444485200228, 53.426990453593135 ], [ -2.074706011654893, 53.425956106929071 ], [ -2.071154506384693, 53.427815319100048 ], [ -2.070107604278914, 53.428116160484471 ], [ -2.069425108312541, 53.427720999365569 ], [ -2.065178945322352, 53.430147628726736 ], [ -2.062131015003751, 53.428962756064671 ], [ -2.061728919558133, 53.429866321842113 ], [ -2.060283556527663, 53.430508839394001 ], [ -2.059877870902725, 53.429961620551367 ], [ -2.058272833517723, 53.430561061767222 ], [ -2.058368240067943, 53.430996113768053 ], [ -2.055791063892847, 53.431755045499656 ], [ -2.054520694901785, 53.431661282472348 ], [ -2.054361012982953, 53.43111259354967 ], [ -2.050487512539906, 53.430873828789785 ], [ -2.049171127237785, 53.430017841258461 ], [ -2.047453988396999, 53.430046395830956 ], [ -2.042163908859225, 53.428724313796877 ], [ -2.039610616700162, 53.427852478729946 ], [ -2.039978939107427, 53.427366934019268 ], [ -2.039069718060143, 53.427165951634962 ], [ -2.035525940703461, 53.427490649852729 ], [ -2.034046004977789, 53.428735996981338 ], [ -2.030527171014624, 53.428437633828551 ], [ -2.026256870013406, 53.429848911871261 ], [ -2.024147228391938, 53.427937512912912 ], [ -2.02395885932706, 53.427486366450779 ], [ -2.02443582966659, 53.42725883506472 ], [ -2.021654686627576, 53.427361817167494 ], [ -2.020476058089743, 53.426676220918189 ], [ -2.019725868426084, 53.425102460246023 ], [ -2.021285094726631, 53.422559345554994 ], [ -2.020997094750006, 53.421243494349895 ], [ -2.023440961567368, 53.421735554260408 ], [ -2.023711125062591, 53.420535516064007 ], [ -2.016677721265777, 53.419287313697716 ], [ -2.017020275746359, 53.418126009640119 ], [ -2.01477078330126, 53.417835078416779 ], [ -2.015226242567427, 53.416610773327236 ], [ -2.013663009452408, 53.41644463574157 ], [ -2.013698921326084, 53.41587393344404 ], [ -2.010650858703678, 53.416711023893505 ], [ -2.00509434349518, 53.415011707679618 ], [ -1.992331581969623, 53.415176939640091 ], [ -1.993967299150114, 53.413166331343973 ], [ -1.993302503520722, 53.411892626052847 ], [ -1.993991902801151, 53.409169103645397 ], [ -1.995150374833733, 53.407745416915304 ], [ -1.996185507198579, 53.404651580660691 ], [ -1.997388907868919, 53.403520814756462 ], [ -2.00177147196644, 53.396474730330162 ], [ -2.004482656467095, 53.393744798520856 ], [ -2.005177173275094, 53.392378539013627 ], [ -2.004644222014178, 53.386311214193796 ], [ -2.013063031293097, 53.384088600841807 ], [ -2.015113995664205, 53.380551370871792 ], [ -2.016981388546629, 53.381482335934379 ], [ -2.019715547293972, 53.380579444917224 ], [ -2.01859390057444, 53.380189544251714 ], [ -2.017085132801359, 53.377816746025111 ], [ -2.020945226330936, 53.377582485861062 ], [ -2.020630339135866, 53.376145227754087 ], [ -2.021996609517288, 53.375941806256975 ], [ -2.021473027519033, 53.375043121513812 ], [ -2.023417945405102, 53.374938423634333 ], [ -2.023257017090723, 53.374595099196021 ], [ -2.024068384188237, 53.374157227920115 ], [ -2.026209898136628, 53.373602154255934 ], [ -2.030691617074472, 53.375172282896472 ], [ -2.0337763074391, 53.375525582166205 ], [ -2.0337833849523, 53.375076189061019 ], [ -2.028624895937771, 53.370718067794556 ], [ -2.030373810001567, 53.370098315285617 ], [ -2.03105930207477, 53.370246406188137 ], [ -2.030957985507477, 53.371498546701389 ], [ -2.032632681727487, 53.372017668618994 ], [ -2.038422083210595, 53.371875661333547 ], [ -2.038854457698247, 53.372970377671031 ], [ -2.040564438961744, 53.374071761344112 ], [ -2.041107263993438, 53.372683772706459 ], [ -2.043022508607488, 53.371699752500895 ], [ -2.043953272364524, 53.370613539804808 ], [ -2.046669168081647, 53.369353200554002 ], [ -2.050113534883522, 53.369066939755022 ], [ -2.051988521906533, 53.367383409193877 ], [ -2.055321135100985, 53.366875001282807 ], [ -2.056253961739991, 53.364292964294116 ], [ -2.056961027310668, 53.363713747288699 ], [ -2.056380304883123, 53.363238572456424 ], [ -2.05633718733595, 53.362396330967968 ], [ -2.0574636489611, 53.362038956069576 ], [ -2.058783416273165, 53.360196531178246 ], [ -2.059172584509248, 53.360221498074424 ], [ -2.059677175978388, 53.35889364731559 ], [ -2.061309719159377, 53.358339218850766 ], [ -2.063395075682515, 53.358759511470566 ], [ -2.065057480807385, 53.357687529121456 ], [ -2.068239650053102, 53.357347323596088 ], [ -2.069154113649003, 53.358067413165486 ], [ -2.070321161390404, 53.357574457825329 ], [ -2.071073231719261, 53.357963298986888 ], [ -2.072574009006905, 53.357537383552184 ], [ -2.075596664516151, 53.357687408513392 ], [ -2.083786054490395, 53.359490972971251 ], [ -2.083897916314021, 53.360137715287848 ], [ -2.090903641341405, 53.364072730635833 ], [ -2.092804203355533, 53.364456246331706 ], [ -2.093694877690001, 53.365485374030598 ], [ -2.095092505983278, 53.366051357314909 ], [ -2.103939004628406, 53.366024097984301 ], [ -2.105779660917059, 53.36507687490306 ], [ -2.110763048710994, 53.364722596880632 ], [ -2.111479629218492, 53.364292631058603 ], [ -2.115480810642883, 53.364752361382855 ], [ -2.115869910739539, 53.364325743301173 ], [ -2.116872970543445, 53.364542916937367 ], [ -2.117566663409984, 53.364065028562734 ], [ -2.120729792388508, 53.363878945954298 ], [ -2.122639249563708, 53.362093473481885 ], [ -2.124295494994322, 53.361950185913095 ], [ -2.127622955879192, 53.363965511264894 ], [ -2.127884953520553, 53.364599785331365 ], [ -2.133377150014588, 53.364968661045886 ], [ -2.136513721291256, 53.366977622532133 ], [ -2.139026014484578, 53.367300101762424 ], [ -2.139265851786016, 53.366640066347884 ], [ -2.137714761696921, 53.366594243094049 ], [ -2.1394815845541, 53.364598544091827 ], [ -2.139290585192994, 53.363629712623577 ], [ -2.139693784082202, 53.362884117200849 ], [ -2.139228208250453, 53.361564252511464 ], [ -2.139871113936022, 53.36013786237578 ], [ -2.139169173269738, 53.357749561338707 ], [ -2.138197214754101, 53.356874283464769 ], [ -2.140327692776779, 53.355034503305689 ], [ -2.14253322455986, 53.354172547391961 ], [ -2.145733933007749, 53.351711166676644 ], [ -2.146326460010079, 53.351881265884032 ], [ -2.147166576259696, 53.351111742021914 ], [ -2.146546724936512, 53.350845529999987 ], [ -2.149660983568821, 53.349615599920519 ], [ -2.151191007487142, 53.348116139490266 ], [ -2.147718614998981, 53.344812721141075 ], [ -2.144099604573743, 53.342853965054616 ], [ -2.146738120441765, 53.340124546548381 ], [ -2.150008799050129, 53.338280482059183 ], [ -2.151034283077454, 53.336102127231662 ], [ -2.151323343209134, 53.332908102943968 ], [ -2.151765270771535, 53.332191977133199 ], [ -2.151410454703671, 53.33121896474276 ], [ -2.151968149786911, 53.330998095965306 ], [ -2.152536030317326, 53.328536256334097 ], [ -2.154165301171143, 53.327778158255342 ], [ -2.158442666032848, 53.328918633379971 ], [ -2.160333705351875, 53.328021726449307 ], [ -2.160225531147704, 53.327562910173107 ], [ -2.161001418905296, 53.327669009112853 ], [ -2.160711616347973, 53.327183382660216 ], [ -2.161388774916223, 53.327347679091858 ], [ -2.161337606724571, 53.327911967644305 ], [ -2.163837740225586, 53.328051475454672 ], [ -2.163698694426869, 53.328428229209379 ], [ -2.166210932752575, 53.329210603667086 ], [ -2.165854587950033, 53.329547636265374 ], [ -2.166159475266275, 53.32980051227247 ], [ -2.167455514774457, 53.329516902711291 ], [ -2.167279120848186, 53.329946629375243 ], [ -2.168766950117367, 53.330397650130678 ], [ -2.169235378190149, 53.331180887842905 ], [ -2.169936862093317, 53.330604254740827 ], [ -2.169833292076814, 53.331255002567119 ], [ -2.170486949193055, 53.331826287879949 ], [ -2.171193600105212, 53.331154270237732 ], [ -2.172386836838871, 53.331142212783561 ], [ -2.172246967731259, 53.330863226885263 ], [ -2.173543397214988, 53.331379452723674 ], [ -2.174248004025115, 53.331029573946381 ], [ -2.178494329056855, 53.331230926680099 ], [ -2.179374996745083, 53.330624306831112 ], [ -2.179326037859875, 53.330157418857475 ], [ -2.179918812100847, 53.330322357314273 ], [ -2.179620092100505, 53.330563533710681 ], [ -2.180001777078154, 53.331061020168598 ], [ -2.181642921367097, 53.331613670145181 ], [ -2.181881547148018, 53.331337803289841 ], [ -2.182930248796955, 53.331866170117948 ], [ -2.182657757093242, 53.332122405773355 ], [ -2.183078851216271, 53.332518968971463 ], [ -2.184877338778347, 53.332674658849221 ], [ -2.189108272541067, 53.335252241755846 ], [ -2.190494467430633, 53.337627575121864 ], [ -2.194163457130929, 53.338633756902112 ], [ -2.19280962315786, 53.339829667429591 ], [ -2.19269931920055, 53.341015470998457 ], [ -2.190732300519427, 53.342110714309378 ], [ -2.182753756582485, 53.343111955381389 ], [ -2.180977826618059, 53.344027023136341 ], [ -2.184829675982279, 53.346974835755383 ], [ -2.188015849875562, 53.348719890753259 ], [ -2.185492911921232, 53.351993965557675 ], [ -2.185438987367383, 53.352634833629018 ], [ -2.189250006870167, 53.352814526150432 ], [ -2.192261474096882, 53.353998004983723 ], [ -2.201834586475374, 53.355414069984072 ], [ -2.201926328535897, 53.354831001244769 ], [ -2.208465453044859, 53.354987812757393 ], [ -2.207410475730427, 53.356782014027019 ], [ -2.210658251, 53.357269833997684 ], [ -2.214540763435308, 53.356701999139474 ], [ -2.214632479530479, 53.357918008687591 ], [ -2.216218666571701, 53.358114633557143 ], [ -2.216142737117333, 53.358850100274829 ], [ -2.219553071159866, 53.358473462939294 ], [ -2.220310629461757, 53.359411379009828 ], [ -2.222225271889178, 53.359764752647301 ], [ -2.232982704904794, 53.358778752929645 ], [ -2.232811995218849, 53.360255047976658 ], [ -2.237593499710652, 53.35923621021638 ], [ -2.240791191480006, 53.359557877072689 ], [ -2.236934498574333, 53.370180297167742 ], [ -2.238676800981724, 53.370782662099217 ], [ -2.239010422091376, 53.372114984141973 ], [ -2.240476009016891, 53.372677439907712 ], [ -2.239896270303022, 53.373026457327548 ], [ -2.240267148180004, 53.374010851689768 ], [ -2.24146224128811, 53.374851598114986 ], [ -2.241679954628425, 53.37558909112397 ], [ -2.241320493795187, 53.376083332764487 ], [ -2.242108174922231, 53.377952270565359 ], [ -2.241278750834931, 53.378803312507067 ], [ -2.24134314640874, 53.380085848907221 ], [ -2.240927983986292, 53.380578404840321 ], [ -2.241952267633899, 53.381994686840386 ], [ -2.242878292176851, 53.382252590604786 ], [ -2.242607706330535, 53.382536291449455 ], [ -2.24307051684479, 53.383009092685562 ], [ -2.242441604232379, 53.383973945886844 ], [ -2.242985363399182, 53.384945397226069 ], [ -2.242434500423071, 53.385645810841439 ], [ -2.242624922283123, 53.387674199251151 ], [ -2.246222291718524, 53.387813298983488 ], [ -2.245733982156755, 53.390222381842328 ], [ -2.243913956161534, 53.390384271106086 ], [ -2.244466680482295, 53.391320651693334 ], [ -2.246024740634775, 53.39136687099753 ], [ -2.245984631516716, 53.393804681450341 ], [ -2.244405675026023, 53.394065017086056 ], [ -2.246827686295581, 53.396043782434795 ], [ -2.242544103099846, 53.397762248698406 ], [ -2.24253714743665, 53.399459270315184 ], [ -2.238142586394646, 53.400805601994186 ], [ -2.222668222712478, 53.401160008466412 ], [ -2.220129016057795, 53.402361918864003 ], [ -2.219326356281049, 53.403947714083557 ], [ -2.219474854589695, 53.405035956652753 ], [ -2.212596094982966, 53.406951768727652 ], [ -2.215477049833539, 53.410873656668784 ], [ -2.214534565132392, 53.41103359816811 ], [ -2.215414836978773, 53.41137446769342 ], [ -2.214601301419354, 53.41322489005114 ], [ -2.213429135043874, 53.41889876312851 ], [ -2.209671818149253, 53.417927483339184 ], [ -2.20842740996165, 53.419143129550484 ], [ -2.206494538242523, 53.418959493451084 ], [ -2.206220129072431, 53.420088066405114 ], [ -2.207694615945482, 53.420063852169427 ], [ -2.204930973741064, 53.422350889167248 ], [ -2.204501274028126, 53.422160135635202 ], [ -2.201861255078833, 53.423605531881492 ], [ -2.19906627374465, 53.427027679459613 ], [ -2.196899509095305, 53.428092786874501 ], [ -2.193142609633342, 53.427636870817594 ], [ -2.19307762907168, 53.429231624577163 ], [ -2.191353675570258, 53.435111932726933 ], [ -2.188703375230451, 53.434856371050465 ], [ -2.187137982025404, 53.43521126511024 ], [ -2.188541239259737, 53.436636383411049 ], [ -2.187433372913272, 53.43665160839646 ], [ -2.187386557795958, 53.436279573577366 ], [ -2.185647148694549, 53.436077323569407 ], [ -2.18391072297935, 53.435182946746728 ], [ -2.18020613781259, 53.434769765546925 ], [ -2.179815574824289, 53.434592433535563 ], [ -2.180088467790283, 53.434354703414485 ], [ -2.179013337337136, 53.434261969279461 ], [ -2.176756357021428, 53.432999664543871 ], [ -2.175846691463737, 53.434317000954032 ], [ -2.175294434619445, 53.434348365804283 ], [ -2.173951505528384, 53.443845771877342 ], [ -2.171965869542762, 53.447245421065645 ], [ -2.172881314941856, 53.447984717661505 ], [ -2.167413776872074, 53.449401059905391 ], [ -2.166045064176313, 53.453632015143704 ], [ -2.161284041059846, 53.451803982492017 ], [ -2.161695686402142, 53.45312839841808 ], [ -2.159878882040895, 53.453328537362346 ], [ -2.160365771423467, 53.454266283490711 ], [ -2.158452766946501, 53.454920497846075 ] ] ] } },
{ "type": "Feature", "properties": { "lad_code": "E08000008", "lad_name": "Tameside", "city": "manchester" }, "geometry": { "type": "Polygon", "coordinates": [ [ [ -2.048652844536405, 53.530291402658563 ], [ -2.039874032046784, 53.529989784465457 ], [ -2.039618302319862, 53.52919615548344 ], [ -2.038465638110008, 53.529030296395788 ], [ -2.038285310323347, 53.529877985007474 ], [ -2.036060635686214, 53.530355017817186 ], [ -2.034975842055147, 53.530307717581849 ], [ -2.034487871520413, 53.529381155899607 ], [ -2.032455024060745, 53.530240142091841 ], [ -2.026801749041307, 53.529409201566587 ], [ -2.023158050272288, 53.528379929625665 ], [ -2.020320938657605, 53.525984120437087 ], [ -2.018095430066676, 53.524813274325474 ], [ -2.017532325759186, 53.523707836830148 ], [ -2.018778676303239, 53.521416535947616 ], [ -2.00913582376154, 53.519109409681022 ], [ -2.003035238741809, 53.520194679070343 ], [ -1.996929814596324, 53.52204810319185 ], [ -1.991479306691648, 53.519827728979962 ], [ -1.988826728928611, 53.518368671390938 ], [ -1.98695565822707, 53.516686791779499 ], [ -1.977822140028836, 53.51441583087626 ], [ -1.966732274172659, 53.51036220880664 ], [ -1.963388265077917, 53.509810318855187 ], [ -1.967440789773154, 53.506622413787611 ], [ -1.971321667487812, 53.504542551975455 ], [ -1.972722079035623, 53.502469216715077 ], [ -1.971977382706723, 53.500186015840853 ], [ -1.972495194880145, 53.499030197152358 ], [ -1.97077920772221, 53.495207039155041 ], [ -1.971224939460108, 53.493635971507466 ], [ -1.972200670498878, 53.492814714772592 ], [ -1.972264834851118, 53.491601280591759 ], [ -1.973772916494545, 53.490084357186909 ], [ -1.974280329165419, 53.488367630095986 ], [ -1.97664912464513, 53.486302623241933 ], [ -1.981467575987151, 53.485245462375111 ], [ -1.984670644584176, 53.483215464206687 ], [ -1.98464673061022, 53.482682420248473 ], [ -1.985707846660684, 53.48172528595353 ], [ -1.98740168365324, 53.481559234397309 ], [ -1.989326025301966, 53.475097591505673 ], [ -1.987375542536321, 53.472756855063899 ], [ -1.988165244627267, 53.472067448329732 ], [ -1.988533336048085, 53.470008280006816 ], [ -1.987616061543027, 53.469572284764013 ], [ -1.986733839510804, 53.46748863623683 ], [ -1.984212451221325, 53.46680702565277 ], [ -1.984010885335149, 53.466110413709934 ], [ -1.981535231225923, 53.464488468930981 ], [ -1.980597422887096, 53.463192198115465 ], [ -1.988163774313301, 53.460581151840387 ], [ -1.988093250860653, 53.459632863639349 ], [ -1.987432346446487, 53.458886787894478 ], [ -1.987661775108124, 53.456861659743986 ], [ -1.985564308214231, 53.455742415882376 ], [ -1.986903625150734, 53.454299880377583 ], [ -1.989450131307261, 53.454004400536988 ], [ -1.993150268607472, 53.452278829401003 ], [ -1.995035764147337, 53.45058013279786 ], [ -1.994766662785719, 53.446897516140865 ], [ -1.99639286410423, 53.445756091545796 ], [ -1.999378479956344, 53.445833416331382 ], [ -2.002534055482755, 53.44410215805285 ], [ -2.003765453687898, 53.442885159399843 ], [ -2.006609282887953, 53.442395117282011 ], [ -2.008307272705488, 53.441435940689978 ], [ -2.006417818591069, 53.440428469894428 ], [ -2.004693738197824, 53.437994446284627 ], [ -2.005434335662436, 53.437127001441368 ], [ -2.004005719350731, 53.436217415711567 ], [ -2.004217912238864, 53.435905506014521 ], [ -2.007174130976073, 53.435685203154819 ], [ -2.008318233651716, 53.436077901537821 ], [ -2.010044990539008, 53.437242700862484 ], [ -2.012299154017501, 53.439900342745759 ], [ -2.01365701276785, 53.439866943797739 ], [ -2.01656629451817, 53.438081425835321 ], [ -2.017311566730557, 53.438597289817437 ], [ -2.017850383541482, 53.438376066201883 ], [ -2.019520139418298, 53.435770959881808 ], [ -2.02245152801491, 53.434305282655032 ], [ -2.022756409169956, 53.433081879636113 ], [ -2.027324076420378, 53.432384321657239 ], [ -2.025766354649066, 53.430076454278733 ], [ -2.030527171014624, 53.428437633828551 ], [ -2.034046004977789, 53.428735996981338 ], [ -2.035525940703461, 53.427490649852729 ], [ -2.039069718060143, 53.427165951634962 ], [ -2.039978939107427, 53.427366934019268 ], [ -2.039610616700162, 53.427852478729946 ], [ -2.042163908859225, 53.428724313796877 ], [ -2.047453988396999, 53.430046395830956 ], [ -2.049171127237785, 53.430017841258461 ], [ -2.050487512539906, 53.430873828789785 ], [ -2.054361012982953, 53.43111259354967 ], [ -2.054520694901785, 53.431661282472348 ], [ -2.055791063892847, 53.431755045499656 ], [ -2.058368240067943, 53.430996113768053 ], [ -2.058272833517723, 53.430561061767222 ], [ -2.059877870902725, 53.429961620551367 ], [ -2.060283556527663, 53.430508839394001 ], [ -2.061728919558133, 53.429866321842113 ], [ -2.062131015003751, 53.428962756064671 ], [ -2.065178945322352, 53.430147628726736 ], [ -2.069425108312541, 53.427720999365569 ], [ -2.070107604278914, 53.428116160484471 ], [ -2.071154506384693, 53.427815319100048 ], [ -2.074706011654893, 53.425956106929071 ], [ -2.076444485200228, 53.426990453593135 ], [ -2.077627336812576, 53.426161813177963 ], [ -2.079136637699948, 53.426092526474079 ], [ -2.082915412992144, 53.426802689638897 ], [ -2.082991498826002, 53.427276406169234 ], [ -2.084616440545194, 53.427873905941198 ], [ -2.086078744961219, 53.429816158005934 ], [ -2.0853870541059, 53.430119572494462 ], [ -2.08515954902215, 53.431520104390451 ], [ -2.085426332704567, 53.432434951857175 ], [ -2.086319522925615, 53.432767775251946 ], [ -2.084453614236589, 53.433040578678124 ], [ -2.085262895329735, 53.433547886942364 ], [ -2.084037332217904, 53.434080905664842 ], [ -2.086501065118989, 53.434711031925509 ], [ -2.087202561205132, 53.436189066711478 ], [ -2.088874033872422, 53.437243139158888 ], [ -2.092810984333533, 53.437522384724964 ], [ -2.093849561570756, 53.436464935512433 ], [ -2.097814645089271, 53.436887801125124 ], [ -2.098138655891084, 53.436073176082033 ], [ -2.096778372053739, 53.433566585022085 ], [ -2.100664775143035, 53.4335362193804 ], [ -2.102862818639556, 53.432627940620158 ], [ -2.107421635214122, 53.433733999167117 ], [ -2.110744964162211, 53.436303018901476 ], [ -2.111319557290068, 53.437581098538843 ], [ -2.116086419534106, 53.440729717827274 ], [ -2.117073342280349, 53.440173622755403 ], [ -2.117334748289856, 53.439293750902856 ], [ -2.11523522719672, 53.439385863958385 ], [ -2.114700645770799, 53.43904167051533 ], [ -2.11486140681076, 53.438647819259693 ], [ -2.117478538244089, 53.43715821027245 ], [ -2.120263543547189, 53.436385827963711 ], [ -2.12054189360611, 53.436974024365043 ], [ -2.119383478480739, 53.438872582713678 ], [ -2.122707737068739, 53.441061682616592 ], [ -2.123708018296833, 53.440777600916398 ], [ -2.123845225957385, 53.439766431756439 ], [ -2.122668159783319, 53.438219271130968 ], [ -2.122923538688467, 53.437745781237155 ], [ -2.129019265798324, 53.439435291109056 ], [ -2.130724755744067, 53.439418445860845 ], [ -2.134612224614223, 53.437363638840608 ], [ -2.13529342972962, 53.437618680723688 ], [ -2.135708146080727, 53.439317846000556 ], [ -2.136422011906148, 53.439137081500483 ], [ -2.137655191450203, 53.437739389648193 ], [ -2.141035278260535, 53.439175308422207 ], [ -2.141583411796444, 53.438949919245566 ], [ -2.141692017633794, 53.438234690741311 ], [ -2.14225864061905, 53.439766566226517 ], [ -2.14174399879616, 53.439828283836519 ], [ -2.142688444871603, 53.442237902667074 ], [ -2.143760178008789, 53.442648260936522 ], [ -2.144574969776319, 53.443638693052904 ], [ -2.14290535077847, 53.44454406127722 ], [ -2.146982629074851, 53.445474810069044 ], [ -2.148827750647225, 53.44656287397585 ], [ -2.148379039465411, 53.447395709238336 ], [ -2.14925162053924, 53.448488565903254 ], [ -2.154654228715827, 53.45103170696121 ], [ -2.158452766946501, 53.454920497846075 ], [ -2.15211982779522, 53.457704399529604 ], [ -2.150280258518793, 53.45792517924982 ], [ -2.149241744847996, 53.45939334146221 ], [ -2.150776195938489, 53.460197717514099 ], [ -2.14901836597471, 53.460565742132054 ], [ -2.15017434950991, 53.46077375347442 ], [ -2.152784275084504, 53.463230599283442 ], [ -2.149973800832464, 53.463694333235132 ], [ -2.149145935576415, 53.465138956043056 ], [ -2.147851177784112, 53.465769759624614 ], [ -2.147926385457498, 53.466610027669283 ], [ -2.146864402253872, 53.467481443875904 ], [ -2.149895270938011, 53.470896894347241 ], [ -2.15066236684061, 53.472850227124944 ], [ -2.155433938174216, 53.474427638850933 ], [ -2.155925337809693, 53.475302491861036 ], [ -2.161565897914094, 53.474833921698057 ], [ -2.162232772778029, 53.476278306121081 ], [ -2.165439696430308, 53.477241951807166 ], [ -2.165970068461351, 53.479540520789065 ], [ -2.16806504301601, 53.480071439412527 ], [ -2.167689942386514, 53.480095330786654 ], [ -2.167538654359844, 53.48107985542925 ], [ -2.168483209331092, 53.48291658595366 ], [ -2.169219205689656, 53.485713654211857 ], [ -2.168886198033384, 53.485742880857536 ], [ -2.169538568679139, 53.486063739242674 ], [ -2.169664883054029, 53.486765625906735 ], [ -2.168926523346419, 53.487164836812703 ], [ -2.169028414204757, 53.488506641655647 ], [ -2.166228035820374, 53.488852127512494 ], [ -2.166060981109371, 53.489698198565968 ], [ -2.166639699688958, 53.49084165153878 ], [ -2.165970328908174, 53.491557139314537 ], [ -2.163971126124582, 53.491380994507786 ], [ -2.163031628708453, 53.492833048101154 ], [ -2.16199959224364, 53.493337841342182 ], [ -2.159138282643328, 53.493210408059326 ], [ -2.157707696248993, 53.494367348564296 ], [ -2.154676136936191, 53.493440113002656 ], [ -2.154084478664724, 53.492829660127178 ], [ -2.148414429505431, 53.492892560051466 ], [ -2.146979653976058, 53.493782407619058 ], [ -2.145429873871223, 53.491956943676719 ], [ -2.140939983553185, 53.49111199980765 ], [ -2.136125619003237, 53.491911311221742 ], [ -2.135204731155311, 53.495254285346441 ], [ -2.131391536078572, 53.498266917031501 ], [ -2.127537567659968, 53.498481457986799 ], [ -2.124447745566583, 53.49964245773144 ], [ -2.12331848044309, 53.500650313673994 ], [ -2.120694021022295, 53.501245344065516 ], [ -2.119686006773897, 53.505710882066943 ], [ -2.118226645265411, 53.505733004423533 ], [ -2.11078983378242, 53.508315302486324 ], [ -2.103312786587476, 53.509654971640323 ], [ -2.102357078598163, 53.510979856334728 ], [ -2.09996425562447, 53.51170991724409 ], [ -2.099030146741141, 53.513988332199993 ], [ -2.09826371052518, 53.513869454847459 ], [ -2.095175277380196, 53.515837696820057 ], [ -2.094940928709574, 53.516907464525438 ], [ -2.095441670688394, 53.517627098048685 ], [ -2.09342631390523, 53.518104132889434 ], [ -2.09364957017713, 53.51880233517155 ], [ -2.092940836693316, 53.519511240585466 ], [ -2.093259961186627, 53.520600340634516 ], [ -2.078369027661971, 53.520614654994674 ], [ -2.077207018113204, 53.520257688700255 ], [ -2.075167171086036, 53.520644573625617 ], [ -2.074833309112172, 53.521225447244298 ], [ -2.071144222322529, 53.521285215793966 ], [ -2.070698504135325, 53.521719675379117 ], [ -2.064731803065554, 53.522799836032149 ], [ -2.064212094508229, 53.521243327470494 ], [ -2.063444392821956, 53.521214984258116 ], [ -2.061868375137499, 53.522294378910338 ], [ -2.058395637380463, 53.522946974732847 ], [ -2.056207436303457, 53.522165993923345 ], [ -2.054150257554908, 53.522252313050984 ], [ -2.054455448633294, 53.523805368909429 ], [ -2.053116755213236, 53.525562338207543 ], [ -2.053285731104008, 53.526810749516038 ], [ -2.056262169201774, 53.529276698142397 ], [ -2.05730307741299, 53.529250142520503 ], [ -2.056938426020492, 53.530659648526843 ], [ -2.054919345680362, 53.531376045554794 ], [ -2.048652844536405, 53.530291402658563 ] ] ] } },
{ "type": "Feature", "properties": { "lad_code": "E08000009", "lad_name": "Trafford", "city": "manchester" }, "geometry": { "type": "Polygon", "coordinates": [ [ [ -2.283809808627142, 53.465294669100913 ], [ -2.281259732130447, 53.464845028030169 ], [ -2.278502496162944, 53.465655911422864 ], [ -2.270801244401979, 53.470682015921582 ], [ -2.265321227604337, 53.472712195438561 ], [ -2.265096900837634, 53.472494335837084 ], [ -2.268161610090246, 53.469690269076096 ], [ -2.265707813682083, 53.469716422747446 ], [ -2.264565947211467, 53.468753603126572 ], [ -2.265115420946261, 53.468453962108555 ], [ -2.26457249949696, 53.467870902665915 ], [ -2.262703323657934, 53.467418456051178 ], [ -2.259811775865939, 53.465315927707429 ], [ -2.257920144468342, 53.462367390922765 ], [ -2.255900617993753, 53.462157872423305 ], [ -2.253722995565853, 53.462713537631039 ], [ -2.25302336546789, 53.461321756613451 ], [ -2.253503269459519, 53.461228183027316 ], [ -2.253247067874385, 53.460704668217232 ], [ -2.253938591421445, 53.46049014310514 ], [ -2.253688248857741, 53.459928965716735 ], [ -2.25818763429755, 53.458808298500344 ], [ -2.271466065564638, 53.45071522490057 ], [ -2.279379879395584, 53.45016850204788 ], [ -2.279755884350107, 53.449179796436006 ], [ -2.286212121597586, 53.449104501081898 ], [ -2.289648940920463, 53.445060136817126 ], [ -2.29181146973795, 53.445363177710661 ], [ -2.293128478564383, 53.444433229522517 ], [ -2.293259845133611, 53.443609523858235 ], [ -2.291505574942422, 53.443113123329233 ], [ -2.289870035352974, 53.441271841118585 ], [ -2.291492257264686, 53.439194200672446 ], [ -2.295437973186841, 53.438782737023921 ], [ -2.294303600335076, 53.436044911030436 ], [ -2.295568160713166, 53.435850295259847 ], [ -2.299698212241769, 53.43730875187449 ], [ -2.300200179237328, 53.43633134519083 ], [ -2.299865029182099, 53.433417229418708 ], [ -2.296030672348929, 53.432454250278454 ], [ -2.293276229753, 53.432659640717176 ], [ -2.289102660801196, 53.432021755151396 ], [ -2.285994027413988, 53.429317956238108 ], [ -2.285330349361715, 53.427226483643395 ], [ -2.283651003143163, 53.424991451116533 ], [ -2.280628021905905, 53.42390374691589 ], [ -2.275649121420662, 53.423278965033028 ], [ -2.273620032743304, 53.422484601225797 ], [ -2.275440337569794, 53.419390133711502 ], [ -2.276440975170335, 53.419633227118403 ], [ -2.275996878154227, 53.419371774870861 ], [ -2.276391587308941, 53.418981588383438 ], [ -2.278192679591717, 53.418297882229872 ], [ -2.278422421695546, 53.417518081342727 ], [ -2.277841679128745, 53.415458318977016 ], [ -2.281544520369127, 53.415267223663008 ], [ -2.284508162330295, 53.416121231192079 ], [ -2.287262313327752, 53.414903051224677 ], [ -2.288884246531017, 53.415362004485786 ], [ -2.290904274955448, 53.414184064536798 ], [ -2.293942094882198, 53.413565392631668 ], [ -2.297270055105642, 53.410987331289043 ], [ -2.297714866283856, 53.408345415133773 ], [ -2.300692735662745, 53.409743719373964 ], [ -2.312711201592249, 53.409806372056664 ], [ -2.319918500576696, 53.411607382535585 ], [ -2.307340013788108, 53.397398956922061 ], [ -2.305012608573223, 53.397071458086074 ], [ -2.303593497310017, 53.395037316362398 ], [ -2.30015195814252, 53.392138235030913 ], [ -2.299879872231061, 53.389801921249209 ], [ -2.300483442193189, 53.389458843480469 ], [ -2.299715527631252, 53.388450385468246 ], [ -2.299762457260166, 53.386996864891415 ], [ -2.299148606321751, 53.386082459004889 ], [ -2.300215791038481, 53.384970540776301 ], [ -2.299874375962462, 53.384314340708301 ], [ -2.296547869580899, 53.382235557362677 ], [ -2.294210998755477, 53.38169750835867 ], [ -2.292683357481663, 53.380784420138511 ], [ -2.288585958388715, 53.376877115516237 ], [ -2.285665504998893, 53.376228883146787 ], [ -2.290564090713152, 53.372689034181171 ], [ -2.292665125695479, 53.370252448394808 ], [ -2.29623763020518, 53.363107611406384 ], [ -2.298595782517873, 53.360808663156185 ], [ -2.300086626673652, 53.359990602262101 ], [ -2.30604017982378, 53.358365616494488 ], [ -2.314013789237451, 53.357414081177872 ], [ -2.313940346318256, 53.358357634344806 ], [ -2.315241980597394, 53.359029698540468 ], [ -2.317885386284054, 53.359088748677756 ], [ -2.319778461118076, 53.358570435378752 ], [ -2.322139252071259, 53.35950968907845 ], [ -2.322728331372699, 53.359122483003929 ], [ -2.322489212813371, 53.358497519064819 ], [ -2.323476827705113, 53.358260689843661 ], [ -2.324526460388904, 53.361439374240668 ], [ -2.326317780589655, 53.361425228325402 ], [ -2.327711489972008, 53.360489283141504 ], [ -2.328688609916207, 53.360623941024485 ], [ -2.33085907411402, 53.361782420495068 ], [ -2.329545759704649, 53.363240600827019 ], [ -2.330002829268833, 53.363933980329094 ], [ -2.331718619115511, 53.363855783451669 ], [ -2.332893626610403, 53.365440445403777 ], [ -2.337292366539053, 53.366808834610104 ], [ -2.338582695426227, 53.366166535093249 ], [ -2.34009168587395, 53.367427315901054 ], [ -2.343681604588723, 53.366532172482287 ], [ -2.347760909747776, 53.367816063547522 ], [ -2.348034584825741, 53.366250610254781 ], [ -2.348893968511244, 53.365893497176188 ], [ -2.350952419636662, 53.366525832856979 ], [ -2.351899935719218, 53.368038169019357 ], [ -2.352822099684553, 53.368330272826078 ], [ -2.353373598497273, 53.367997138743249 ], [ -2.3572476840415, 53.368430717272723 ], [ -2.357105888350845, 53.36687736275681 ], [ -2.360199356172724, 53.366832196825456 ], [ -2.360487843655056, 53.365705136231796 ], [ -2.359070999829111, 53.364737465866824 ], [ -2.359245786138652, 53.364328944238963 ], [ -2.361941545193344, 53.363994236677918 ], [ -2.363364235592659, 53.364496602175109 ], [ -2.363511336053691, 53.363947665754324 ], [ -2.364511540772517, 53.363859490776804 ], [ -2.363962642540081, 53.363265308339891 ], [ -2.364959029532036, 53.363084108544044 ], [ -2.365623866416521, 53.363317935085782 ], [ -2.366165085448459, 53.364275365399152 ], [ -2.367999144810622, 53.364121731855946 ], [ -2.368825992415264, 53.364517124232485 ], [ -2.368759072167856, 53.363873221400276 ], [ -2.369508277423023, 53.363597054208569 ], [ -2.37082719830405, 53.364112371262507 ], [ -2.370436920227693, 53.364556554318135 ], [ -2.37320359154437, 53.365585851416796 ], [ -2.375590458040654, 53.365262947608578 ], [ -2.377933174709216, 53.365999719773676 ], [ -2.378136543362262, 53.366835470464679 ], [ -2.380118451973527, 53.367627814215517 ], [ -2.379805145438211, 53.368155368001872 ], [ -2.380355959743459, 53.368484162055836 ], [ -2.379938686394069, 53.368806530819903 ], [ -2.381086799721092, 53.369267492471934 ], [ -2.380553144223986, 53.36950622705541 ], [ -2.380726170074762, 53.369847693470071 ], [ -2.382210367650744, 53.370274043494007 ], [ -2.38271228646671, 53.369412489185507 ], [ -2.383619626530753, 53.370068353759358 ], [ -2.386439368261986, 53.370327654230245 ], [ -2.387210349292703, 53.371053415499738 ], [ -2.390356935384567, 53.370705996115063 ], [ -2.39073143660765, 53.371900351822511 ], [ -2.393041988637992, 53.372454822653424 ], [ -2.396054687898063, 53.374436296324482 ], [ -2.397793485749474, 53.374423320296913 ], [ -2.398042832020291, 53.374840551099865 ], [ -2.400703812235796, 53.375229301506081 ], [ -2.400916732746099, 53.3759895658958 ], [ -2.399467655460778, 53.37644970208266 ], [ -2.399825575463547, 53.377029080355449 ], [ -2.400779230258487, 53.377753332384081 ], [ -2.407128975073527, 53.379823942470047 ], [ -2.40850715990551, 53.382082484224213 ], [ -2.407807678746369, 53.38254159034215 ], [ -2.408037903256099, 53.382799136991714 ], [ -2.410869141991033, 53.383930440029424 ], [ -2.417207750178617, 53.384748973117851 ], [ -2.418776652143672, 53.386316130837649 ], [ -2.420647751489905, 53.386721763174556 ], [ -2.422448132832516, 53.386336100588245 ], [ -2.423312292979298, 53.387210347943835 ], [ -2.424578515713792, 53.386626966726247 ], [ -2.425153959215553, 53.387198408782687 ], [ -2.426590852126886, 53.387444890625865 ], [ -2.427994879600128, 53.388961859212252 ], [ -2.428426654607319, 53.3884022945726 ], [ -2.431909620361672, 53.38771208420863 ], [ -2.433450816957471, 53.388294263472417 ], [ -2.433218913661328, 53.389147589017611 ], [ -2.434020289438753, 53.389497661085009 ], [ -2.437004669193611, 53.389248210159892 ], [ -2.438812192251252, 53.390069880850781 ], [ -2.438601425318355, 53.391565198017446 ], [ -2.441640216901696, 53.390982851551144 ], [ -2.442888673319175, 53.391992323662599 ], [ -2.445579924666321, 53.392185987721092 ], [ -2.445245268694353, 53.392869564992814 ], [ -2.44673013174382, 53.393163607137005 ], [ -2.448394607338313, 53.394791590114082 ], [ -2.451866307014257, 53.394608609608554 ], [ -2.452226468398485, 53.395289303716886 ], [ -2.452953351160851, 53.394971764630739 ], [ -2.452891122155274, 53.394478973585535 ], [ -2.454544244195017, 53.393914852944526 ], [ -2.455401825425593, 53.394307083870522 ], [ -2.45837007284031, 53.393838017771806 ], [ -2.458561811783083, 53.392971853937212 ], [ -2.459998088092584, 53.394328825769165 ], [ -2.460913160398688, 53.393940850462009 ], [ -2.463063819208216, 53.394726312296491 ], [ -2.464068873305549, 53.394165561288411 ], [ -2.465898403232245, 53.394759773491401 ], [ -2.466223144339096, 53.394119771706215 ], [ -2.468192308094038, 53.393842312946134 ], [ -2.467976423856515, 53.393148786264327 ], [ -2.471026732874686, 53.392314413456674 ], [ -2.472583162753172, 53.392715176445705 ], [ -2.473544908917919, 53.393713419305392 ], [ -2.475635327813035, 53.39417449359064 ], [ -2.478439868466093, 53.396196516558966 ], [ -2.471732799810536, 53.397734232102117 ], [ -2.465977068598039, 53.400731144367406 ], [ -2.462101775922783, 53.403835621473796 ], [ -2.456257621437583, 53.410807202807938 ], [ -2.450781025836938, 53.415283652790599 ], [ -2.426824851584027, 53.425084808164982 ], [ -2.422388069199642, 53.427322561711684 ], [ -2.41928711395578, 53.429543782907793 ], [ -2.417279551229623, 53.431554427403313 ], [ -2.413520621025659, 53.437516150021295 ], [ -2.413989493352568, 53.438061862290304 ], [ -2.413209310492114, 53.438484390546868 ], [ -2.412794626746749, 53.439648073559717 ], [ -2.410752931648297, 53.442099933329033 ], [ -2.409566724468056, 53.445719250153147 ], [ -2.40549547768304, 53.451070546968715 ], [ -2.397773522659353, 53.457484644958939 ], [ -2.39325437767797, 53.460140496745822 ], [ -2.386214013002892, 53.463367864913295 ], [ -2.352178452250066, 53.474708744865026 ], [ -2.329467792164553, 53.479977842902962 ], [ -2.324008373460496, 53.480345117659056 ], [ -2.319203830404347, 53.479634511378393 ], [ -2.316348852359365, 53.478679449100795 ], [ -2.300447518767073, 53.47135980040234 ], [ -2.283809808627142, 53.465294669100913 ] ] ] } },
{ "type": "Feature", "properties": { "lad_code": "E08000010", "lad_name": "Wigan", "city": "manchester" }, "geometry": { "type": "Polygon", "coordinates": [ [ [ -2.634593971530145, 53.60826726601983 ], [ -2.632127033299791, 53.60726442154769 ], [ -2.632400951467103, 53.606479724165382 ], [ -2.63146166590433, 53.606064837537502 ], [ -2.631285072982305, 53.605202632653608 ], [ -2.632206036205423, 53.603517776908099 ], [ -2.631763488478254, 53.603228075211725 ], [ -2.631379766299341, 53.599898959399845 ], [ -2.629834901048527, 53.599149328172622 ], [ -2.628257844203837, 53.5973519162727 ], [ -2.628233519760165, 53.595301743393968 ], [ -2.627496661363187, 53.595235521405172 ], [ -2.625937607822158, 53.593680456462302 ], [ -2.628440737115407, 53.591041989944323 ], [ -2.628611581565319, 53.590442454793795 ], [ -2.62751183999757, 53.589427076803737 ], [ -2.623787786387945, 53.589623668054763 ], [ -2.619749489471378, 53.590956057165585 ], [ -2.618009376042083, 53.591087358477786 ], [ -2.612353309058539, 53.590478274969648 ], [ -2.606155228377858, 53.588296903396994 ], [ -2.596143536495007, 53.588801998531892 ], [ -2.595360865361877, 53.588043718234069 ], [ -2.585075888619731, 53.585064448798519 ], [ -2.582013716225448, 53.582739656281817 ], [ -2.57760490186288, 53.580987674286014 ], [ -2.577671518828531, 53.57944403385342 ], [ -2.578985979315921, 53.578372494341878 ], [ -2.578400459562124, 53.57741536963357 ], [ -2.575163952967355, 53.576755064134296 ], [ -2.573274826774064, 53.57419705777734 ], [ -2.572286050234088, 53.574113732548554 ], [ -2.572048983810307, 53.57356115828199 ], [ -2.568434033986666, 53.572013510369011 ], [ -2.568474091174164, 53.571509932975623 ], [ -2.565781996437126, 53.570063936880445 ], [ -2.565645793210423, 53.568683904600078 ], [ -2.567232936405898, 53.567570855593161 ], [ -2.568045476776575, 53.565664152032724 ], [ -2.567726000884114, 53.5654849640555 ], [ -2.568535169372104, 53.564695574829784 ], [ -2.564395017436796, 53.563659889356927 ], [ -2.561299392164024, 53.562130331025301 ], [ -2.560136393675746, 53.562093461295341 ], [ -2.559646536766058, 53.561129505284271 ], [ -2.563165107220672, 53.560295988419675 ], [ -2.563351138252135, 53.559523855122883 ], [ -2.562752890081739, 53.559267789152791 ], [ -2.562281015092865, 53.557493952022377 ], [ -2.55982340444598, 53.555549618903783 ], [ -2.561131542414156, 53.554811766375096 ], [ -2.560990837527049, 53.553311335753541 ], [ -2.562652285779395, 53.552823592246121 ], [ -2.562539608911826, 53.551947729416213 ], [ -2.563786394028078, 53.551727004286271 ], [ -2.563985896826773, 53.55117603722946 ], [ -2.566951009216369, 53.550788019640578 ], [ -2.566764134832676, 53.550018635308419 ], [ -2.568026900626611, 53.54997490127321 ], [ -2.567844911605775, 53.549125431464844 ], [ -2.569540451413089, 53.547932666584138 ], [ -2.56922848285049, 53.547515319729456 ], [ -2.567512751207411, 53.547989126179083 ], [ -2.566245910583988, 53.54737852138333 ], [ -2.563053754264091, 53.547359362871767 ], [ -2.559352618367359, 53.546176852186328 ], [ -2.558131493874247, 53.544441453299392 ], [ -2.559411813884216, 53.543797291281685 ], [ -2.559151631382187, 53.542381073376575 ], [ -2.561748741218736, 53.540338353986016 ], [ -2.56183063211661, 53.538884499913202 ], [ -2.560323392129082, 53.537980224453186 ], [ -2.556831216245258, 53.538053154722427 ], [ -2.555469747077178, 53.537325969733743 ], [ -2.554392313694613, 53.537320189232844 ], [ -2.553701427602956, 53.536172027576612 ], [ -2.551517697155566, 53.535907065394873 ], [ -2.551072272469373, 53.535183777860048 ], [ -2.550379603905666, 53.535403529536197 ], [ -2.549142362624787, 53.534465431335242 ], [ -2.545215262297128, 53.533430890421236 ], [ -2.545310438473184, 53.532967502163238 ], [ -2.543781247729888, 53.532548447747516 ], [ -2.542495766441452, 53.530533718547737 ], [ -2.54152171330194, 53.530690896690459 ], [ -2.540707273473345, 53.529640267965455 ], [ -2.539739428813673, 53.529463036690863 ], [ -2.539801843147801, 53.528913536336518 ], [ -2.536213663178541, 53.527533818235995 ], [ -2.536701026713149, 53.527065980691283 ], [ -2.536100980895574, 53.526854809071253 ], [ -2.535973083009212, 53.526162389740172 ], [ -2.53531987757327, 53.526162621665399 ], [ -2.534617290174614, 53.524632320845669 ], [ -2.535009910389174, 53.524187378634075 ], [ -2.533760142763523, 53.523999770184794 ], [ -2.533747549091144, 53.522998436508146 ], [ -2.528918978788827, 53.52308813916359 ], [ -2.528207960540839, 53.523654937139824 ], [ -2.528618719206645, 53.523932672636789 ], [ -2.527795028168196, 53.52416195006537 ], [ -2.527910660902822, 53.524729528361433 ], [ -2.527450723909497, 53.524737849258656 ], [ -2.52772778834766, 53.525555511635304 ], [ -2.526639269621428, 53.525473958197708 ], [ -2.525404513926576, 53.526378253101655 ], [ -2.523154059744451, 53.52663802381155 ], [ -2.521192147083211, 53.527547252399039 ], [ -2.520539584172816, 53.527226514062896 ], [ -2.519686608409555, 53.52791692829549 ], [ -2.517186053143613, 53.528453630439877 ], [ -2.515815283118745, 53.52924330388776 ], [ -2.51537897301725, 53.53120105570445 ], [ -2.516229105696032, 53.533864309645473 ], [ -2.515336850883612, 53.534440740247554 ], [ -2.515534453739761, 53.53580700123343 ], [ -2.513014566947679, 53.536289782349712 ], [ -2.510165145977195, 53.534088935003787 ], [ -2.509264810283011, 53.534621323744538 ], [ -2.509076645485035, 53.535662061849628 ], [ -2.507972961879168, 53.536482945170114 ], [ -2.506888460289247, 53.538787665296859 ], [ -2.50517407532113, 53.538891161718531 ], [ -2.50218456015783, 53.537835877658701 ], [ -2.49921129819147, 53.538032632779249 ], [ -2.496347055072301, 53.537097180685201 ], [ -2.496470470879915, 53.53668322824803 ], [ -2.490164084631726, 53.535555110709979 ], [ -2.4896925760737, 53.534571922080879 ], [ -2.4822820308293, 53.533419154193872 ], [ -2.478387810250161, 53.533524663227077 ], [ -2.472418787668629, 53.531720140160814 ], [ -2.469437741499645, 53.531996161194826 ], [ -2.46607555976766, 53.530679051835769 ], [ -2.461517975884323, 53.530672477068237 ], [ -2.451098370749267, 53.528588269950127 ], [ -2.454114078643455, 53.526204847084855 ], [ -2.427198584614595, 53.521542842883889 ], [ -2.421638473729354, 53.519911083026479 ], [ -2.418273363760969, 53.518103084588709 ], [ -2.41454072183575, 53.514876684152995 ], [ -2.41575894115589, 53.513461308330918 ], [ -2.415349904923735, 53.512028134843916 ], [ -2.41945705962228, 53.512140487914799 ], [ -2.418715637408632, 53.510347259184307 ], [ -2.422290430484777, 53.509100555706581 ], [ -2.421370330416349, 53.508300195158256 ], [ -2.422262780990136, 53.507533064382976 ], [ -2.42050771549756, 53.506773386827845 ], [ -2.430431923772317, 53.50467946793448 ], [ -2.430196136193971, 53.501813272463956 ], [ -2.433107592454854, 53.500954214805404 ], [ -2.433074508843367, 53.499635741811339 ], [ -2.431622924922447, 53.498014994896046 ], [ -2.433591676753384, 53.497125179440189 ], [ -2.43623851274159, 53.493736749202007 ], [ -2.438508174051003, 53.492385583800498 ], [ -2.43625467083865, 53.490469409713803 ], [ -2.435672069907785, 53.488321473934334 ], [ -2.435637871018689, 53.487191707396931 ], [ -2.436434326310478, 53.486679208703691 ], [ -2.436733187441153, 53.484674523303447 ], [ -2.438547816515589, 53.482067524823179 ], [ -2.434470896144314, 53.465028531396676 ], [ -2.465144391771556, 53.462236169574119 ], [ -2.476759310511423, 53.462427686442211 ], [ -2.479160184591172, 53.461763718259533 ], [ -2.480884531792149, 53.461877199851131 ], [ -2.483524965244714, 53.460687217443592 ], [ -2.486617017264974, 53.460420354941817 ], [ -2.488042637701267, 53.460757892385239 ], [ -2.489714802389131, 53.46026652245677 ], [ -2.489863632616496, 53.462202033418912 ], [ -2.492271315576228, 53.465138637156841 ], [ -2.491125444402491, 53.467521674437897 ], [ -2.491088474699917, 53.469009454764141 ], [ -2.491678341152847, 53.469869951014076 ], [ -2.49139867887254, 53.47213170316374 ], [ -2.489146754191572, 53.475832562671997 ], [ -2.492743497729022, 53.479361034119627 ], [ -2.49633565792012, 53.48091376323331 ], [ -2.552639012389532, 53.467797621804728 ], [ -2.549089978136547, 53.461495637503859 ], [ -2.570320291746303, 53.458517645396959 ], [ -2.570505223250153, 53.456753468685221 ], [ -2.573500295461699, 53.451564743104285 ], [ -2.57447261661245, 53.44807455549757 ], [ -2.576664985592014, 53.446068965037853 ], [ -2.578826447759761, 53.44749623722938 ], [ -2.582320272253733, 53.448193666672303 ], [ -2.583328688112363, 53.448955204564257 ], [ -2.58380773753903, 53.451792637026195 ], [ -2.584671318154188, 53.452230202604021 ], [ -2.583079833588608, 53.453343043513321 ], [ -2.584201110181477, 53.454099618186127 ], [ -2.58837601261616, 53.455542288862944 ], [ -2.588659220668656, 53.456136388685664 ], [ -2.593269523746588, 53.455772278181563 ], [ -2.59692973034574, 53.456820628674862 ], [ -2.599140945244182, 53.458731051860056 ], [ -2.599570486562624, 53.460142265278634 ], [ -2.599234947576074, 53.461052877263121 ], [ -2.603494834310405, 53.460893654790517 ], [ -2.606824609602593, 53.461506884187408 ], [ -2.609102136943465, 53.460993690557054 ], [ -2.610231183544747, 53.461580286747271 ], [ -2.613111994826069, 53.461758823582088 ], [ -2.61374844090542, 53.462128565167056 ], [ -2.613738221571959, 53.462676945494223 ], [ -2.615435164188776, 53.463674920251464 ], [ -2.615140947551426, 53.464996843812443 ], [ -2.616761460045062, 53.466222629288339 ], [ -2.615888730576573, 53.468059025744417 ], [ -2.615112765949306, 53.467840080795831 ], [ -2.614487776338911, 53.468579432878002 ], [ -2.614894302826938, 53.468665493863213 ], [ -2.614549440048588, 53.470345410086864 ], [ -2.611238029956156, 53.469916604190495 ], [ -2.61066533531296, 53.470524472401628 ], [ -2.608989869206829, 53.470300198172538 ], [ -2.607864260205039, 53.470811934798199 ], [ -2.61187287930783, 53.474984706374691 ], [ -2.612051633060702, 53.476727526985584 ], [ -2.609135578243797, 53.476058416697448 ], [ -2.609348168011945, 53.476693722772644 ], [ -2.61217145340469, 53.477301299164587 ], [ -2.613188703162351, 53.47815721204703 ], [ -2.612240432974648, 53.478433543732507 ], [ -2.612139016990807, 53.481122499008464 ], [ -2.617278093259626, 53.481763274460512 ], [ -2.633102334127992, 53.481002933988393 ], [ -2.63767040108027, 53.480350335169675 ], [ -2.645537391909094, 53.480255500553824 ], [ -2.645552953578594, 53.480764261167927 ], [ -2.651986967184497, 53.485344427389315 ], [ -2.652890036635946, 53.485466234883226 ], [ -2.652994816078096, 53.486479216399808 ], [ -2.654131412484442, 53.486516503547612 ], [ -2.656731414155505, 53.492507039960479 ], [ -2.659919502977837, 53.49222977730598 ], [ -2.662937169998223, 53.492781280296626 ], [ -2.661310197753747, 53.493657072495502 ], [ -2.663933359615302, 53.4946878980344 ], [ -2.664846881363496, 53.495944366840796 ], [ -2.664750763806044, 53.496708931557663 ], [ -2.666257555688878, 53.499725198135856 ], [ -2.668455570467898, 53.500120104992732 ], [ -2.671686180929923, 53.499057964321906 ], [ -2.673877294453423, 53.499330385793165 ], [ -2.677685192556363, 53.498814207918592 ], [ -2.68031142267928, 53.499135098170207 ], [ -2.680230113868282, 53.499500591358249 ], [ -2.683469469473124, 53.500903469007014 ], [ -2.685986005904591, 53.500825139605382 ], [ -2.688378389275828, 53.501477346245103 ], [ -2.690297138039305, 53.501275179798817 ], [ -2.692946612947322, 53.502192411448618 ], [ -2.698961371036936, 53.501996934169604 ], [ -2.699159634301152, 53.503078450797652 ], [ -2.700755475301752, 53.504576490557554 ], [ -2.703239925347251, 53.503951210264745 ], [ -2.703853101912046, 53.50508852271971 ], [ -2.705477519271724, 53.504770455146058 ], [ -2.706015237498637, 53.505391267834881 ], [ -2.705571101432467, 53.505593527735172 ], [ -2.706276624237538, 53.505632774894963 ], [ -2.707057934237747, 53.506601619524055 ], [ -2.708553278651612, 53.513357036920951 ], [ -2.710013771148806, 53.514563985346555 ], [ -2.714480207280674, 53.512431520224354 ], [ -2.715545231063169, 53.510664642486084 ], [ -2.717476911517982, 53.510916247000971 ], [ -2.719274149275716, 53.511775719299948 ], [ -2.719631237399065, 53.511206389232989 ], [ -2.720451008251909, 53.511520545203176 ], [ -2.722028417883839, 53.510887216775387 ], [ -2.722969934798631, 53.509981676071817 ], [ -2.723604344234064, 53.510302324869635 ], [ -2.723240476996484, 53.511098670181802 ], [ -2.723549749173897, 53.511788560577074 ], [ -2.726797866211118, 53.514825603132792 ], [ -2.727301319915482, 53.517795786990703 ], [ -2.72830151353352, 53.518101690228818 ], [ -2.73041736511966, 53.520565494106343 ], [ -2.726333988239784, 53.523684788593044 ], [ -2.724902167529207, 53.524379040009251 ], [ -2.720743812841174, 53.525074016288805 ], [ -2.717834921332505, 53.527293362314218 ], [ -2.71811128090292, 53.528737513727961 ], [ -2.717230736736566, 53.529567951105648 ], [ -2.716724301631996, 53.532408229198801 ], [ -2.717041572840811, 53.532880922516156 ], [ -2.716256253066152, 53.533817295049872 ], [ -2.716993004505852, 53.534202981711644 ], [ -2.716179419122749, 53.53507525481109 ], [ -2.716398327748064, 53.537674332397714 ], [ -2.714527475212551, 53.53831113283794 ], [ -2.71584973939843, 53.539322074492162 ], [ -2.716019260861478, 53.540559681531562 ], [ -2.716748473070782, 53.540626321216727 ], [ -2.718550423116254, 53.543534085679582 ], [ -2.717852052571226, 53.544641894823634 ], [ -2.713230650644542, 53.547855183493283 ], [ -2.712715986411905, 53.548806363546028 ], [ -2.71087241069855, 53.549673733824818 ], [ -2.7101465155509, 53.550757620752833 ], [ -2.710263439167619, 53.553049873128259 ], [ -2.709186383898914, 53.554267932556066 ], [ -2.707778165227543, 53.554634007805888 ], [ -2.707080601076874, 53.557157616013747 ], [ -2.705963734327471, 53.557984902437113 ], [ -2.70564473120218, 53.558867677275096 ], [ -2.704819644886125, 53.559176358288092 ], [ -2.705319403871809, 53.561181410396628 ], [ -2.704214283878138, 53.562634210604664 ], [ -2.705208088001244, 53.563468719042213 ], [ -2.707934844278796, 53.564195114098723 ], [ -2.709520162323787, 53.564015793668609 ], [ -2.71127032731157, 53.564751409170064 ], [ -2.711044312319199, 53.565682168899983 ], [ -2.712594836359745, 53.567473360700198 ], [ -2.712391525394655, 53.568309634947184 ], [ -2.714307497643333, 53.568749389804793 ], [ -2.715659746404028, 53.570227129049599 ], [ -2.715773235521164, 53.571041743152499 ], [ -2.717631846992695, 53.572724003122275 ], [ -2.715607041207457, 53.575060525894884 ], [ -2.717679977743591, 53.576006273277429 ], [ -2.71922347365481, 53.576097732944469 ], [ -2.716996594065207, 53.578013963881105 ], [ -2.716429899879056, 53.577551709260021 ], [ -2.714803014640357, 53.578336300810292 ], [ -2.714498208524414, 53.578980794913662 ], [ -2.714944619999001, 53.580639174093015 ], [ -2.714375808782459, 53.581661845168924 ], [ -2.711646040799115, 53.582808906634654 ], [ -2.710344669161448, 53.585100591984563 ], [ -2.708200524554367, 53.585879175959327 ], [ -2.707536945999602, 53.586663259960282 ], [ -2.702762176137223, 53.587229845139795 ], [ -2.702515451661241, 53.5888375245015 ], [ -2.701736095530293, 53.589394013109974 ], [ -2.702814153756437, 53.589813704402559 ], [ -2.701405642729052, 53.590604913808846 ], [ -2.699909457730064, 53.590760148019733 ], [ -2.700070890207058, 53.591196906489245 ], [ -2.698182835143543, 53.591316761090248 ], [ -2.696447023756288, 53.590128702261154 ], [ -2.693310281529995, 53.589458426256662 ], [ -2.693660018543816, 53.591805939431623 ], [ -2.692141352678116, 53.597982634793716 ], [ -2.68945731732718, 53.604263080938118 ], [ -2.688070610004826, 53.604115565054947 ], [ -2.686452250080684, 53.603148888923073 ], [ -2.684059823440796, 53.603839252202043 ], [ -2.680075759593274, 53.604084611564993 ], [ -2.677750351969851, 53.604958900812925 ], [ -2.673160898437358, 53.604740059505957 ], [ -2.671701990173595, 53.605096831435617 ], [ -2.669956541269298, 53.605021831506889 ], [ -2.669665062373394, 53.604522475524625 ], [ -2.664946986034933, 53.603229293137545 ], [ -2.661001055016761, 53.60328747529524 ], [ -2.658866337042929, 53.604156843785169 ], [ -2.65514250429384, 53.604434380844964 ], [ -2.652569492035914, 53.605852393327105 ], [ -2.650098139885405, 53.606120238376022 ], [ -2.646918487894852, 53.607281343696201 ], [ -2.639198493274391, 53.607362750850371 ], [ -2.636632121373077, 53.607718894294258 ], [ -2.636910673236665, 53.607950211311334 ], [ -2.636078917377267, 53.608349497389568 ], [ -2.634593971530145, 53.60826726601983 ] ] ] } },
{ "type": "Feature", "properties": { "lad_code": "E09000001", "lad_name": "City of London", "city": "london" }, "geometry": { "type": "MultiPolygon", "coordinates": [ [ [ [ -0.104176659244915, 51.508542517084159 ], [ -0.104709952572987, 51.508403766390821 ], [ -0.104701452588229, 51.508613101594307 ], [ -0.104176659244915, 51.508542517084159 ] ] ], [ [ [ -0.09678471337895, 51.523312210005699 ], [ -0.096441446636017, 51.522829855042019 ], [ -0.095116316934828, 51.523107268935206 ], [ -0.09434465641967, 51.521483121672603 ], [ -0.089699484234161, 51.520717257528581 ], [ -0.090009202856474, 51.519971615436724 ], [ -0.086225909372327, 51.518810446371951 ], [ -0.08525887291603, 51.520346719725325 ], [ -0.083149570601927, 51.519849973159104 ], [ -0.081799444267129, 51.520743770207311 ], [ -0.081067167479437, 51.521971420903412 ], [ -0.078555499014267, 51.521510326631436 ], [ -0.079439271337532, 51.518883760049924 ], [ -0.078125402141889, 51.518977070428747 ], [ -0.07819983012462, 51.518469658408605 ], [ -0.076898365621846, 51.516623574968932 ], [ -0.074029621253052, 51.514477035556865 ], [ -0.072838942155738, 51.510235695134199 ], [ -0.075543603628373, 51.509735002922113 ], [ -0.076238456882075, 51.51055897714761 ], [ -0.077881838987137, 51.510084006056523 ], [ -0.078840904407861, 51.509459301613091 ], [ -0.079097809670214, 51.509062667019499 ], [ -0.078730966988127, 51.508833516980907 ], [ -0.079491089330246, 51.507824179773209 ], [ -0.091946209324771, 51.509413481287545 ], [ -0.09525658432282, 51.510178433460901 ], [ -0.095201011247538, 51.510615135104736 ], [ -0.096162459206074, 51.510264299122319 ], [ -0.099899236992374, 51.510825447092785 ], [ -0.111528319490054, 51.510832163912305 ], [ -0.111581548382596, 51.511798429773208 ], [ -0.112534553500689, 51.512725927683711 ], [ -0.111730070705928, 51.513188528361198 ], [ -0.111961469052959, 51.513686488903524 ], [ -0.111082703022482, 51.513827602126852 ], [ -0.111593535862627, 51.515333372446875 ], [ -0.113829438433203, 51.518256213887497 ], [ -0.10784501134847, 51.517764307563979 ], [ -0.097688864127475, 51.520710724760498 ], [ -0.097411045631713, 51.521590292007424 ], [ -0.097971408888058, 51.522872593898441 ], [ -0.09678471337895, 51.523312210005699 ] ] ] ] } },
{ "type": "Feature", "properties": { "lad_code": "E09000002", "lad_name": "Barking and Dagenham", "city": "london" }, "geometry": { "type": "MultiPolygon", "coordinates": [ [ [ [ 0.070467491016221, 51.538457801377433 ], [ 0.072913419049509, 51.534511756521873 ], [ 0.072861959026042, 51.533490191707422 ], [ 0.075314521793376, 51.531202775274231 ], [ 0.075625986387399, 51.529821169836772 ], [ 0.07271829203046, 51.529273812359229 ], [ 0.071729108443241, 51.532896493978669 ], [ 0.069498289207472, 51.53626122673375 ], [ 0.067928024037435, 51.536195157603174 ], [ 0.068245882791193, 51.536988787551486 ], [ 0.068879057740872, 51.537192050516751 ], [ 0.067057333970141, 51.53946507109125 ], [ 0.066657413876349, 51.540647245983386 ], [ 0.066865749963389, 51.541864649082953 ], [ 0.068334749373457, 51.544389354366523 ], [ 0.069316867421383, 51.544153287635353 ], [ 0.06856288478006, 51.542090291715624 ], [ 0.068981848740942, 51.541403952415607 ], [ 0.06842380449106, 51.540743835952988 ], [ 0.069371952732211, 51.540278826025599 ], [ 0.069031133212665, 51.538837458953836 ], [ 0.070467491016221, 51.538457801377433 ] ] ], [ [ [ 0.148125975055566, 51.596774402994562 ], [ 0.148039003881448, 51.596354277135823 ], [ 0.149852798308431, 51.59700949991467 ], [ 0.151110548195366, 51.595449118452031 ], [ 0.150592202929347, 51.591372357278601 ], [ 0.151249577935307, 51.589881635776543 ], [ 0.150946760903393, 51.583826824809201 ], [ 0.148536964914893, 51.58077330810795 ], [ 0.147425188032892, 51.580810882342369 ], [ 0.146985498818607, 51.575706095046449 ], [ 0.148012224056353, 51.575790581738239 ], [ 0.147917723358774, 51.573122727209302 ], [ 0.14896125054852, 51.573147573151694 ], [ 0.149709061291466, 51.569708729956673 ], [ 0.146647939000764, 51.56942953052986 ], [ 0.146676716211701, 51.568795161812432 ], [ 0.148709487110085, 51.568636152880373 ], [ 0.150387732425795, 51.567840203248323 ], [ 0.151283458359526, 51.568082719255976 ], [ 0.161866410329799, 51.561615154793323 ], [ 0.17337398092402, 51.565091163302114 ], [ 0.183453873223856, 51.564630880402198 ], [ 0.185153077473498, 51.565511122877105 ], [ 0.185151861932519, 51.564749550553628 ], [ 0.18396708417362, 51.563850008960351 ], [ 0.182638195353686, 51.561240843424834 ], [ 0.184764235817734, 51.559873699529192 ], [ 0.18438543658247, 51.557651511791022 ], [ 0.185012057110079, 51.556789831477587 ], [ 0.18473102673625, 51.556407185697338 ], [ 0.186908699130556, 51.555781441171106 ], [ 0.187853352007435, 51.55409231869411 ], [ 0.190141279487205, 51.552719209543149 ], [ 0.189570388145473, 51.551455451522145 ], [ 0.18746528448688, 51.55019655361351 ], [ 0.185985648417565, 51.547534404563812 ], [ 0.182576356676314, 51.545833022377629 ], [ 0.18034949217764, 51.544095237700198 ], [ 0.179204174626856, 51.540289530351707 ], [ 0.175045004509939, 51.538511704222174 ], [ 0.172467245389702, 51.535776171324038 ], [ 0.170761499850919, 51.532633037031225 ], [ 0.165934568216722, 51.528792421240261 ], [ 0.164420633420333, 51.52701339701553 ], [ 0.159584631362526, 51.515770136013231 ], [ 0.158727706097627, 51.512264340529924 ], [ 0.158051310024966, 51.512004514153588 ], [ 0.15168471200146, 51.512747764638839 ], [ 0.146536668689126, 51.51409840968509 ], [ 0.14504642020612, 51.514623881582978 ], [ 0.145738999405731, 51.514483513044851 ], [ 0.145477999654911, 51.51514027038845 ], [ 0.144235870374521, 51.515499320738357 ], [ 0.143716375563478, 51.515056477377982 ], [ 0.139258767871863, 51.517617652948495 ], [ 0.136251243618851, 51.518556021377158 ], [ 0.126713758351253, 51.519570639662021 ], [ 0.118964698121986, 51.518146601833067 ], [ 0.114436115806628, 51.515741822610707 ], [ 0.108798332332992, 51.514165724577211 ], [ 0.101033693566021, 51.514450141441557 ], [ 0.09754473794049, 51.515858096860228 ], [ 0.097157287894762, 51.515659990186911 ], [ 0.09748645789724, 51.515891513255283 ], [ 0.095593123722557, 51.516987408280798 ], [ 0.095286582471883, 51.518913295083436 ], [ 0.095715233385046, 51.520105723518135 ], [ 0.092801555323706, 51.522626269916898 ], [ 0.093255893452596, 51.524687399986647 ], [ 0.092142682753088, 51.52672524086622 ], [ 0.090516254768492, 51.526091024297479 ], [ 0.088832165679425, 51.526857536705791 ], [ 0.085755027440032, 51.525992787833751 ], [ 0.081062659550306, 51.527718254207691 ], [ 0.078062569535581, 51.529669418210695 ], [ 0.076374689728091, 51.529815046825561 ], [ 0.075451890799109, 51.531912030429126 ], [ 0.073935069173673, 51.533196494563768 ], [ 0.074324310526014, 51.533781783564756 ], [ 0.073338699152668, 51.534256040512538 ], [ 0.070424341163938, 51.539095697758292 ], [ 0.069440366616888, 51.538973673932723 ], [ 0.069898777179152, 51.540845065367037 ], [ 0.06890118137163, 51.542060944596656 ], [ 0.069684482457816, 51.544064967596562 ], [ 0.071782873835511, 51.543560799103645 ], [ 0.075521936862163, 51.544010160239772 ], [ 0.076783005698892, 51.544583847673387 ], [ 0.077933063759214, 51.544050933704099 ], [ 0.081485558725505, 51.545168623107585 ], [ 0.081633067252978, 51.545583543634471 ], [ 0.08586507083287, 51.547343306350967 ], [ 0.091509833581806, 51.54830171262131 ], [ 0.091677410795739, 51.549108547241133 ], [ 0.092581358187492, 51.549648626283236 ], [ 0.092240788613401, 51.548635975171074 ], [ 0.09349278808469, 51.545856816298269 ], [ 0.104289311396733, 51.549840900043328 ], [ 0.108291781989159, 51.552155934076502 ], [ 0.108392025005158, 51.552695345488566 ], [ 0.111919584245672, 51.552668089501552 ], [ 0.112327443135701, 51.553500782761716 ], [ 0.114716067167925, 51.55531718480146 ], [ 0.112710501410427, 51.556524178123503 ], [ 0.113246049605003, 51.557265905262888 ], [ 0.117058100318244, 51.556911026448731 ], [ 0.117058192245252, 51.557416797597575 ], [ 0.118874144196016, 51.557370116952896 ], [ 0.120464735587008, 51.558572572562156 ], [ 0.117460087104924, 51.559179448726553 ], [ 0.119718786207377, 51.562506444134442 ], [ 0.11885092801085, 51.562731842960758 ], [ 0.119024342443225, 51.563050927772281 ], [ 0.125001776041643, 51.564340002173473 ], [ 0.127653308966969, 51.566160160558134 ], [ 0.129297508090527, 51.566524398538192 ], [ 0.130432406882648, 51.5702806679706 ], [ 0.129880288204967, 51.571537310917677 ], [ 0.131551866363977, 51.571823262777244 ], [ 0.130883067787449, 51.573341060973995 ], [ 0.130073247335809, 51.5730633389677 ], [ 0.129416920648052, 51.573943353842616 ], [ 0.129164459504632, 51.576311227076395 ], [ 0.131616774765935, 51.577084134885432 ], [ 0.130797260957879, 51.579364247057669 ], [ 0.13354073175534, 51.579952363158036 ], [ 0.132528674923071, 51.581305320513962 ], [ 0.127732491044752, 51.581635181021333 ], [ 0.128065976137977, 51.582832125257383 ], [ 0.127232170913957, 51.583924607770861 ], [ 0.126360000335745, 51.586723883107375 ], [ 0.130995230299893, 51.587522768467544 ], [ 0.129547127377272, 51.590044035647324 ], [ 0.137568242955949, 51.593892192769466 ], [ 0.146572739991875, 51.599433770668853 ], [ 0.148178748896461, 51.59896627787095 ], [ 0.147622004686246, 51.59679219258377 ], [ 0.148125975055566, 51.596774402994562 ] ] ] ] } },
{ "type": "Feature", "properties": { "lad_code": "E09000003", "lad_name": "Barnet", "city": "london" }, "geometry": { "type": "Polygon", "coordinates": [ [ [ -0.199029928672794, 51.668203180571588 ], [ -0.194877059677691, 51.668302136582312 ], [ -0.196689803691959, 51.66547855533053 ], [ -0.192555845313389, 51.664745993886534 ], [ -0.191091758216174, 51.663893435559672 ], [ -0.187815329538777, 51.667875957933859 ], [ -0.185829263213927, 51.668506214791194 ], [ -0.181985837811504, 51.668679860802904 ], [ -0.185890995107671, 51.662833068079529 ], [ -0.163570868646122, 51.658203896241169 ], [ -0.160464008565289, 51.656760956584421 ], [ -0.154757666832464, 51.655542142024146 ], [ -0.1546428514025, 51.654975977803666 ], [ -0.153623556952411, 51.654537042151837 ], [ -0.153420072012059, 51.653302540666814 ], [ -0.1542200159121, 51.65296315270885 ], [ -0.152585212952571, 51.651455370940454 ], [ -0.152281201252971, 51.649821728955025 ], [ -0.150971110212887, 51.650083640120947 ], [ -0.149893968322183, 51.648807414180908 ], [ -0.152253783606469, 51.647963665233696 ], [ -0.152331383701905, 51.647633790496954 ], [ -0.15109973340684, 51.647240879835643 ], [ -0.152147792030186, 51.645797826493244 ], [ -0.151659846096289, 51.645320768525799 ], [ -0.14920322497496, 51.645311773173944 ], [ -0.147854825583821, 51.642063717715772 ], [ -0.145044406294715, 51.642629141192117 ], [ -0.140244766260789, 51.6374884402248 ], [ -0.134545326504405, 51.634691617686478 ], [ -0.134446100809333, 51.633966042963912 ], [ -0.133295194080709, 51.633264862497704 ], [ -0.12912009202914, 51.632262739677721 ], [ -0.131166524842638, 51.629683535653243 ], [ -0.130459759690595, 51.629313344002163 ], [ -0.133393556009858, 51.626380275126067 ], [ -0.135064416823626, 51.622349408739971 ], [ -0.135529882239724, 51.622397093439879 ], [ -0.135440025015637, 51.62177044801961 ], [ -0.141305731987289, 51.617533557615516 ], [ -0.142058997132129, 51.616277559982102 ], [ -0.144520674233702, 51.615506255437673 ], [ -0.138731391224858, 51.610183032002801 ], [ -0.143450717153254, 51.608828304002266 ], [ -0.143172177591034, 51.606715479873969 ], [ -0.141998465373398, 51.603706034900391 ], [ -0.14419748065582, 51.6010933691066 ], [ -0.144495619646516, 51.600119040708606 ], [ -0.151356284619728, 51.597468380317018 ], [ -0.152971102467379, 51.599185411130222 ], [ -0.15343155350952, 51.602843687984773 ], [ -0.156108173462688, 51.605113305038863 ], [ -0.155888674702089, 51.605462723297293 ], [ -0.156366274048641, 51.605366154505624 ], [ -0.16178654925963, 51.597476116855944 ], [ -0.159716539825344, 51.592224551426206 ], [ -0.15871135848242, 51.591995758377884 ], [ -0.15945741649312, 51.591571244855501 ], [ -0.159781403847121, 51.589718274350261 ], [ -0.16018693227692, 51.589694951954847 ], [ -0.160259993681367, 51.587986565004329 ], [ -0.15865552468617, 51.587998900012451 ], [ -0.158705042358658, 51.586630701656176 ], [ -0.157156534313336, 51.586188744225375 ], [ -0.157922358858077, 51.586207273080788 ], [ -0.1579661634757, 51.585733340697494 ], [ -0.159642901919542, 51.584460258246587 ], [ -0.161365153948369, 51.585281499127198 ], [ -0.165746657897046, 51.583221368865935 ], [ -0.166215685564876, 51.58204168456119 ], [ -0.167061552893185, 51.58175275124762 ], [ -0.166838397139352, 51.578654073647371 ], [ -0.168088450137307, 51.576926424662908 ], [ -0.169339736952447, 51.577413654115318 ], [ -0.169730461712654, 51.576366964282506 ], [ -0.169469564488406, 51.573963473140068 ], [ -0.171224391611292, 51.573571264171527 ], [ -0.171257214655554, 51.572415734865778 ], [ -0.173401588880045, 51.571084790152717 ], [ -0.174406857395866, 51.569253644332875 ], [ -0.17814723695133, 51.570510127242308 ], [ -0.178328857628576, 51.570014377582865 ], [ -0.181011956890108, 51.569670371875574 ], [ -0.180842780846315, 51.569401960567816 ], [ -0.183697620161897, 51.567954306112533 ], [ -0.183413068136872, 51.567765082695395 ], [ -0.183785784723289, 51.567465749580549 ], [ -0.186167562888072, 51.5669208550609 ], [ -0.189670273004156, 51.565213958926343 ], [ -0.191148033306443, 51.561653581853932 ], [ -0.194851913999972, 51.560481339031149 ], [ -0.196750716986998, 51.560694916944605 ], [ -0.196799793964842, 51.559152088080438 ], [ -0.198331859834136, 51.558855341146 ], [ -0.199536194641372, 51.557072964294754 ], [ -0.199396585555163, 51.556187558918587 ], [ -0.205804453847011, 51.55531611773629 ], [ -0.205992358084878, 51.556427824327073 ], [ -0.208862330164871, 51.555723058411203 ], [ -0.21003539882427, 51.556748865055368 ], [ -0.213511484504217, 51.555188472521003 ], [ -0.225489836238014, 51.565864824009232 ], [ -0.228819040824176, 51.567968023095389 ], [ -0.233442532860824, 51.5719799924846 ], [ -0.234586309322138, 51.571770573388989 ], [ -0.235693938976723, 51.572307018817142 ], [ -0.235505098690846, 51.572544427301622 ], [ -0.23763684133094, 51.572463143417579 ], [ -0.238015719531494, 51.571774395802976 ], [ -0.240075072941813, 51.57237930296575 ], [ -0.24115628497471, 51.572126960360158 ], [ -0.241399608902617, 51.572716181855007 ], [ -0.242477715760353, 51.572813000496502 ], [ -0.242453501944567, 51.572497649825969 ], [ -0.24422426220412, 51.572581711200584 ], [ -0.245241917223542, 51.571914210594208 ], [ -0.245987694413363, 51.572213547170932 ], [ -0.246758618172625, 51.571585641608571 ], [ -0.245991326898457, 51.571005487644769 ], [ -0.246565913911023, 51.569032244203783 ], [ -0.248590102682731, 51.568508612868769 ], [ -0.252538967755295, 51.571515708460893 ], [ -0.253077596834044, 51.572392721246423 ], [ -0.251290120740192, 51.57315096655919 ], [ -0.252704154100552, 51.575140867275032 ], [ -0.254569520475276, 51.579769257857357 ], [ -0.254289484911195, 51.581666239021615 ], [ -0.251753905616132, 51.583373016028027 ], [ -0.248259518466977, 51.58431074783384 ], [ -0.25296975306807, 51.588897804392495 ], [ -0.257572681981265, 51.59217257809938 ], [ -0.28105364403138, 51.612269949050336 ], [ -0.287408640734706, 51.617013280733104 ], [ -0.304484713664622, 51.632030263544053 ], [ -0.305597595449886, 51.634117169794415 ], [ -0.304473925313967, 51.636345154240125 ], [ -0.303808647399172, 51.63648149002136 ], [ -0.296151075155641, 51.635443522816395 ], [ -0.291891367760375, 51.636475035932818 ], [ -0.285523887236309, 51.636945161131578 ], [ -0.281414619732974, 51.638342751009596 ], [ -0.278636476307008, 51.63832003458927 ], [ -0.276498702219425, 51.638865088872414 ], [ -0.273737173941536, 51.638670709347586 ], [ -0.274200103243441, 51.639304269524352 ], [ -0.272890209741233, 51.642095969920653 ], [ -0.268270405873831, 51.642383106953986 ], [ -0.268369817936047, 51.64383055205559 ], [ -0.266791128483716, 51.644107602910566 ], [ -0.264382844915176, 51.643624168595693 ], [ -0.263296198952696, 51.644830149869932 ], [ -0.261628643269936, 51.643989037776635 ], [ -0.260736734082556, 51.642670087530853 ], [ -0.257391709898731, 51.64181932999994 ], [ -0.256204897506303, 51.643502495679691 ], [ -0.255511703230678, 51.643241897752638 ], [ -0.254513674424354, 51.643676637275789 ], [ -0.251581530159146, 51.647949292005407 ], [ -0.249880986405191, 51.65461142618981 ], [ -0.250816091926291, 51.654806139335385 ], [ -0.251275159578683, 51.655535921080698 ], [ -0.250607491408007, 51.6560538467442 ], [ -0.249372919888906, 51.656054327107938 ], [ -0.247890434263494, 51.655244457922855 ], [ -0.243649451428585, 51.656685517619451 ], [ -0.239223965237991, 51.657396129323388 ], [ -0.237995946796521, 51.657786018907153 ], [ -0.23830041987684, 51.658246450718593 ], [ -0.236702693074907, 51.658771917143639 ], [ -0.234732007009225, 51.658997705162271 ], [ -0.234252192238629, 51.658249476935872 ], [ -0.228944009665554, 51.659972503090366 ], [ -0.228513577206638, 51.659962414939493 ], [ -0.228082709741984, 51.658588232646309 ], [ -0.226487507735252, 51.657158622612712 ], [ -0.219825695268352, 51.660657456490497 ], [ -0.219272225801556, 51.660796495340819 ], [ -0.218919451039052, 51.660058310728296 ], [ -0.213418076072133, 51.662374710825439 ], [ -0.21215988905911, 51.66135025108381 ], [ -0.207888561929203, 51.662857885974809 ], [ -0.211158551592301, 51.666951552058755 ], [ -0.209863486560937, 51.667559475362509 ], [ -0.207984230415049, 51.666591127847546 ], [ -0.205659162064337, 51.668597804734318 ], [ -0.202254713585253, 51.667802027465235 ], [ -0.202633150349546, 51.669311337929244 ], [ -0.203377613599309, 51.670123076769649 ], [ -0.199896407947446, 51.670166859900789 ], [ -0.199029928672794, 51.668203180571588 ] ] ] } },
{ "type": "Feature", "properties": { "lad_code": "E09000004", "lad_name": "Bexley", "city": "london" }, "geometry": { "type": "MultiPolygon", "coordinates": [ [ [ [ 0.199258323520315, 51.458423162807541 ], [ 0.198975190270151, 51.458118216066929 ], [ 0.198536189550272, 51.458299116517054 ], [ 0.199258323520315, 51.458423162807541 ] ] ], [ [ [ 0.201775386423621, 51.480026630396132 ], [ 0.202025424183976, 51.479016429238406 ], [ 0.198659892958056, 51.478331828884457 ], [ 0.200101858363283, 51.47890775638578 ], [ 0.200492368012194, 51.479749993911526 ], [ 0.2010883484499, 51.47952009686783 ], [ 0.200600633559604, 51.479809024080929 ], [ 0.201775386423621, 51.480026630396132 ] ] ], [ [ [ 0.128911881594437, 51.51321689054739 ], [ 0.137234058127623, 51.510007050500221 ], [ 0.146831655072479, 51.506670299120152 ], [ 0.147895024988305, 51.506820792083388 ], [ 0.149424402158479, 51.505865154472993 ], [ 0.149885231430657, 51.506394480663829 ], [ 0.15281234477227, 51.506371355777539 ], [ 0.160310272960204, 51.505476264198109 ], [ 0.164456956238551, 51.504536929808893 ], [ 0.166548325109008, 51.503453783069894 ], [ 0.169993731643377, 51.500058652017813 ], [ 0.171617886312365, 51.497716506018421 ], [ 0.172468739411898, 51.488825630289782 ], [ 0.173498150130079, 51.487360488755243 ], [ 0.175263253713961, 51.486101117880409 ], [ 0.174867467253645, 51.485971767700356 ], [ 0.175150442996277, 51.485259223828507 ], [ 0.176037912026652, 51.485248151601418 ], [ 0.178060386452698, 51.483544205189702 ], [ 0.177844729982481, 51.483023473157289 ], [ 0.178316723617473, 51.483377120204779 ], [ 0.18329244249662, 51.481154317091722 ], [ 0.190283856974421, 51.479729193992569 ], [ 0.190426275108708, 51.479034524593416 ], [ 0.190820708263661, 51.479751987411944 ], [ 0.193779899105544, 51.479322544181578 ], [ 0.1954840260867, 51.479675093128542 ], [ 0.197482603051789, 51.479471279085551 ], [ 0.197050969182893, 51.47925544376276 ], [ 0.198912883562484, 51.479429622892084 ], [ 0.197413723571733, 51.478442874586833 ], [ 0.198893203598923, 51.479260024769381 ], [ 0.19926641483628, 51.480090360205232 ], [ 0.200554502034377, 51.48006538046431 ], [ 0.200087954922888, 51.478948036053467 ], [ 0.198558443746062, 51.47830360496107 ], [ 0.202122100047213, 51.478990332310609 ], [ 0.201831124196637, 51.480185119042474 ], [ 0.203188340598183, 51.480345326430133 ], [ 0.202060119982657, 51.480274794693003 ], [ 0.202236950294283, 51.480597019010361 ], [ 0.204759103406389, 51.4808418867852 ], [ 0.202832569745617, 51.479597500673137 ], [ 0.205039203627911, 51.480886080333043 ], [ 0.205523464016962, 51.480445308075204 ], [ 0.206281268998874, 51.480718824966367 ], [ 0.206317094874154, 51.481282010828693 ], [ 0.209577860866557, 51.481639674047031 ], [ 0.21031860456471, 51.482482742729815 ], [ 0.211653296755553, 51.482711174377933 ], [ 0.2176370929504, 51.48041104344572 ], [ 0.21596040787004, 51.479484993103291 ], [ 0.216390818735175, 51.477466741333124 ], [ 0.216216765442134, 51.478088840214212 ], [ 0.215632977672539, 51.476859829854106 ], [ 0.211874784254411, 51.475829154600234 ], [ 0.211238888644322, 51.475276390311762 ], [ 0.211328456190624, 51.473227894226568 ], [ 0.208828973019719, 51.471745306558276 ], [ 0.208132874095168, 51.470838436595464 ], [ 0.210987193329502, 51.46843386585973 ], [ 0.210923470388024, 51.467354108268424 ], [ 0.209951772251786, 51.46557023226454 ], [ 0.210212360307742, 51.462501400329202 ], [ 0.20440981762995, 51.459978411550814 ], [ 0.202586357214907, 51.458344486572621 ], [ 0.199044895392498, 51.458580048069244 ], [ 0.198349724334103, 51.458388047260271 ], [ 0.197225188707617, 51.457588520596033 ], [ 0.19834613089787, 51.458238381158509 ], [ 0.19886748929325, 51.457988938623451 ], [ 0.197989754016774, 51.4570080767135 ], [ 0.199556296726126, 51.458378002552394 ], [ 0.203021777048305, 51.457951444485154 ], [ 0.202581000077465, 51.456229450229557 ], [ 0.203846588178488, 51.455802755854243 ], [ 0.203208527456702, 51.454928039755671 ], [ 0.203357994404084, 51.454325396143055 ], [ 0.20131027891422, 51.453843625266707 ], [ 0.201234581166643, 51.453347283625753 ], [ 0.199079818114299, 51.452119265895831 ], [ 0.197382622911076, 51.451770241922716 ], [ 0.196262478125999, 51.452476458472198 ], [ 0.194165479235236, 51.451645254464353 ], [ 0.193026816114014, 51.451702086856073 ], [ 0.192056485025912, 51.450841665428094 ], [ 0.190985221976789, 51.448787377891477 ], [ 0.188803277256275, 51.449102917922822 ], [ 0.18843313709155, 51.448585987123138 ], [ 0.18761488450965, 51.448720419381452 ], [ 0.187363379027383, 51.446876152106562 ], [ 0.184123713449685, 51.444642902637248 ], [ 0.180993105123186, 51.444178257165056 ], [ 0.180818114066303, 51.443525923765101 ], [ 0.179553254699584, 51.443089460404352 ], [ 0.178689346294961, 51.443517851594905 ], [ 0.176011480403253, 51.441994275240411 ], [ 0.172818496942907, 51.44328690178375 ], [ 0.17086864897867, 51.441197017355528 ], [ 0.166663840161134, 51.435051279535486 ], [ 0.166824992519913, 51.432071921476783 ], [ 0.166069490945588, 51.4314300474568 ], [ 0.166667389694804, 51.431295736136889 ], [ 0.166183514750004, 51.430282199828035 ], [ 0.165563670015844, 51.430348497397574 ], [ 0.164190911209029, 51.428546462419071 ], [ 0.160669254487215, 51.429674472090532 ], [ 0.159811123261074, 51.42920282981008 ], [ 0.159059486777077, 51.430224774968551 ], [ 0.15584895332483, 51.430876527517306 ], [ 0.155274551250792, 51.428975191610938 ], [ 0.153737471492434, 51.42752326880661 ], [ 0.153108911829887, 51.422322446819749 ], [ 0.151132841696319, 51.420430653255998 ], [ 0.154610600974753, 51.418470141355684 ], [ 0.154068230359244, 51.417762406701968 ], [ 0.151029495009491, 51.417615942558655 ], [ 0.1511282122359, 51.415063727644011 ], [ 0.149133903195297, 51.412435649905746 ], [ 0.149725876181106, 51.411658627027521 ], [ 0.153744086828317, 51.411265588358432 ], [ 0.152906402417579, 51.408708999743517 ], [ 0.149285781769383, 51.409141468238573 ], [ 0.148843378560722, 51.408429651984605 ], [ 0.139154010376588, 51.411597297504557 ], [ 0.132818781102431, 51.41424727174757 ], [ 0.128244308542149, 51.414959440098016 ], [ 0.125408520507515, 51.414779198946931 ], [ 0.119894250225447, 51.413400113026839 ], [ 0.113098249577139, 51.41290647239996 ], [ 0.107572227455307, 51.414093821896671 ], [ 0.104456905305985, 51.415225009156082 ], [ 0.095102324852997, 51.420083522286951 ], [ 0.089197783659052, 51.42399395034964 ], [ 0.083186902840278, 51.429868647248675 ], [ 0.074641828854759, 51.432147194607339 ], [ 0.076079341141157, 51.433283497521906 ], [ 0.075665723124443, 51.433624842387786 ], [ 0.076373842820864, 51.434005628705869 ], [ 0.075875658078862, 51.434458248450859 ], [ 0.076504533034068, 51.434855618452936 ], [ 0.074946855351725, 51.435866642251888 ], [ 0.076542736972757, 51.4368716330616 ], [ 0.077813545351586, 51.436442357654805 ], [ 0.080856561220958, 51.440403862251245 ], [ 0.081786365831726, 51.439968290301167 ], [ 0.084434159683363, 51.44197666805897 ], [ 0.082967056310884, 51.442733499990098 ], [ 0.08299194360855, 51.443419889215178 ], [ 0.084707714377777, 51.442603377861772 ], [ 0.087400216356738, 51.443284240968637 ], [ 0.086343299827763, 51.445307073515743 ], [ 0.087387993051752, 51.445746984135731 ], [ 0.088086249939994, 51.447255327412279 ], [ 0.087845222109645, 51.448703421115646 ], [ 0.086828410661096, 51.450434478234243 ], [ 0.08570531056247, 51.45645046724546 ], [ 0.081477678027849, 51.457752615066028 ], [ 0.078645169597901, 51.459289924340574 ], [ 0.082915391295385, 51.459829308329695 ], [ 0.082229223025894, 51.461131070190881 ], [ 0.082601756185, 51.463584216141768 ], [ 0.082107037698252, 51.464760488032326 ], [ 0.082286251321175, 51.46664107845168 ], [ 0.083211578146635, 51.466476764313498 ], [ 0.084781623549365, 51.468729699360118 ], [ 0.08702638328557, 51.46996997541369 ], [ 0.089098819826367, 51.470454036656051 ], [ 0.093172825447284, 51.472953749255034 ], [ 0.096547973688757, 51.473253550588858 ], [ 0.098217055530942, 51.475452113309991 ], [ 0.101977756747732, 51.474463493073948 ], [ 0.102480252180421, 51.474916206412892 ], [ 0.103324831694584, 51.474585633679965 ], [ 0.104876412116207, 51.475527362753724 ], [ 0.106148876190625, 51.475015995762433 ], [ 0.108162580655773, 51.476116482494831 ], [ 0.111958171854029, 51.473072124181847 ], [ 0.118443745896955, 51.478902783200716 ], [ 0.120872201080958, 51.478453949609651 ], [ 0.124163439438733, 51.476848676328935 ], [ 0.12201695616999, 51.482994363530537 ], [ 0.120188060202673, 51.511446963956786 ], [ 0.125022975934499, 51.512991558629075 ], [ 0.128911881594437, 51.51321689054739 ] ] ] ] } },
{ "type": "Feature", "properties": { "lad_code": "E09000005", "lad_name": "Brent", "city": "london" }, "geometry": { "type": "Polygon", "coordinates": [ [ [ -0.267137467109445, 51.600369347583225 ], [ -0.25296975306807, 51.588897804392495 ], [ -0.248259518466977, 51.58431074783384 ], [ -0.251753905616132, 51.583373016028027 ], [ -0.254289484911195, 51.581666239021615 ], [ -0.254569520475276, 51.579769257857357 ], [ -0.252704154100552, 51.575140867275032 ], [ -0.251290120740192, 51.57315096655919 ], [ -0.253077596834044, 51.572392721246423 ], [ -0.252538967755295, 51.571515708460893 ], [ -0.248590102682731, 51.568508612868769 ], [ -0.246565913911023, 51.569032244203783 ], [ -0.245991326898457, 51.571005487644769 ], [ -0.246758618172625, 51.571585641608571 ], [ -0.245987694413363, 51.572213547170932 ], [ -0.245241917223542, 51.571914210594208 ], [ -0.24422426220412, 51.572581711200584 ], [ -0.242453501944567, 51.572497649825969 ], [ -0.242477715760353, 51.572813000496502 ], [ -0.241399608902617, 51.572716181855007 ], [ -0.24115628497471, 51.572126960360158 ], [ -0.240075072941813, 51.57237930296575 ], [ -0.238015719531494, 51.571774395802976 ], [ -0.23763684133094, 51.572463143417579 ], [ -0.235505098690846, 51.572544427301622 ], [ -0.235693938976723, 51.572307018817142 ], [ -0.234586309322138, 51.571770573388989 ], [ -0.233442532860824, 51.5719799924846 ], [ -0.228819040824176, 51.567968023095389 ], [ -0.225489836238014, 51.565864824009232 ], [ -0.218522905211591, 51.559333446797773 ], [ -0.191492541908102, 51.536290369770668 ], [ -0.193040988104365, 51.53394790653995 ], [ -0.192371864303708, 51.533258934718887 ], [ -0.19302274589929, 51.531981667651557 ], [ -0.196503980577938, 51.527636841448619 ], [ -0.197826473712257, 51.527897810899972 ], [ -0.198199637287849, 51.53041611334374 ], [ -0.201700110176258, 51.532558099621632 ], [ -0.203037711302853, 51.532893651997412 ], [ -0.207838652587022, 51.532790110378173 ], [ -0.215291130517823, 51.531358700189045 ], [ -0.215131425768252, 51.530168343088278 ], [ -0.215880188952796, 51.529750566512462 ], [ -0.2160451158309, 51.527918578360307 ], [ -0.223752585391362, 51.529944977138662 ], [ -0.227683761666163, 51.529912517221554 ], [ -0.234433719614757, 51.532636417621674 ], [ -0.237552749406893, 51.532003203387276 ], [ -0.243259938667199, 51.531763084779712 ], [ -0.246305425935052, 51.53273576026524 ], [ -0.247289366799845, 51.53348810374046 ], [ -0.250775979191452, 51.534145695627004 ], [ -0.256008688933425, 51.533948195505182 ], [ -0.25656954176099, 51.534964586585041 ], [ -0.25776460125102, 51.535365607591707 ], [ -0.260376903792763, 51.534491102786284 ], [ -0.264784336216205, 51.532156858950529 ], [ -0.264890241376776, 51.531570065382475 ], [ -0.266274624109987, 51.530685658658015 ], [ -0.268597452384297, 51.529821176109458 ], [ -0.270468882853701, 51.530045096191152 ], [ -0.274593829716627, 51.529557167953165 ], [ -0.280394934027387, 51.528345388283512 ], [ -0.285748775274042, 51.52917059076487 ], [ -0.289405639830157, 51.531681454644733 ], [ -0.28403552034776, 51.533530142848846 ], [ -0.283502305537091, 51.532806491537073 ], [ -0.281507235081629, 51.533229487737309 ], [ -0.280982606526134, 51.532586664681446 ], [ -0.278987289892264, 51.533225998623365 ], [ -0.278508610901129, 51.534581727258796 ], [ -0.277792642393966, 51.535069966601505 ], [ -0.28248065077599, 51.538647107266968 ], [ -0.286653098902825, 51.536782535556661 ], [ -0.293419378543238, 51.534926657789889 ], [ -0.296470679119747, 51.53525733111082 ], [ -0.299875337844755, 51.533081074271749 ], [ -0.302727973345115, 51.531985293088027 ], [ -0.307476565198982, 51.533085853828048 ], [ -0.306287620264247, 51.534175756278657 ], [ -0.305971754070714, 51.539365614963216 ], [ -0.304741202055615, 51.539857531508247 ], [ -0.308540917213708, 51.543197343148115 ], [ -0.308009848047939, 51.54441269423841 ], [ -0.308898444748792, 51.545205943437722 ], [ -0.307136206992112, 51.545328416395698 ], [ -0.308669585414536, 51.546465984815228 ], [ -0.311502315960432, 51.547564761889618 ], [ -0.312549465108185, 51.549026638752139 ], [ -0.317683622230294, 51.551567029439603 ], [ -0.327028646569436, 51.555029257935743 ], [ -0.335577713879595, 51.556555372567047 ], [ -0.334879194679081, 51.557864783011446 ], [ -0.333952348238261, 51.557696604542883 ], [ -0.334056919215826, 51.558753024719451 ], [ -0.331286961970123, 51.561412594109072 ], [ -0.330064526802864, 51.562229675920882 ], [ -0.328259259631171, 51.562538842171307 ], [ -0.328694214064921, 51.565973196020785 ], [ -0.32971149938261, 51.566190951025746 ], [ -0.329871419585137, 51.567126442077722 ], [ -0.325073581332459, 51.568257366380692 ], [ -0.322170500725919, 51.569675140146813 ], [ -0.324827005192087, 51.57331249296405 ], [ -0.325374835405432, 51.575933832501399 ], [ -0.326656641077244, 51.578598881435468 ], [ -0.32022236041672, 51.580373035815306 ], [ -0.312555365981771, 51.584450663289452 ], [ -0.304719876202993, 51.587050542826503 ], [ -0.301470648717527, 51.587269454089629 ], [ -0.282481780772334, 51.585049561799472 ], [ -0.282357753945375, 51.58583779672626 ], [ -0.28422126843008, 51.590493401364235 ], [ -0.285663246834773, 51.591894596984915 ], [ -0.290429559141333, 51.593541684924418 ], [ -0.28337718304608, 51.595740621231663 ], [ -0.276534410646953, 51.596507542225524 ], [ -0.276988443566407, 51.596934898238445 ], [ -0.273091514725005, 51.598384231546362 ], [ -0.271013117099552, 51.598381486587449 ], [ -0.267137467109445, 51.600369347583225 ] ] ] } },
{ "type": "Feature", "properties": { "lad_code": "E09000006", "lad_name": "Bromley", "city": "london" }, "geometry": { "type": "Polygon", "coordinates": [ [ [ 0.045111009353163, 51.436237967606935 ], [ 0.051031489708925, 51.431525057073983 ], [ 0.054406307163658, 51.427933092883187 ], [ 0.058181383441194, 51.424871520703654 ], [ 0.05857308391057, 51.424594661568264 ], [ 0.060980867711626, 51.425081890266426 ], [ 0.06167951101385, 51.423700358076296 ], [ 0.063112251645304, 51.424135026995984 ], [ 0.064435751279792, 51.425033848321817 ], [ 0.064130968429765, 51.425333551795276 ], [ 0.06655501689953, 51.426008475852043 ], [ 0.066593023318768, 51.426503464992905 ], [ 0.071674668563638, 51.429442601713525 ], [ 0.073450161380396, 51.431249192496786 ], [ 0.073052913030671, 51.431354998497312 ], [ 0.073329252914545, 51.431760701475966 ], [ 0.074834663136098, 51.430814380050279 ], [ 0.075333964206383, 51.431986609280592 ], [ 0.083186902840278, 51.429868647248675 ], [ 0.089197783659052, 51.42399395034964 ], [ 0.095102324852997, 51.420083522286951 ], [ 0.104456905305985, 51.415225009156082 ], [ 0.107572227455307, 51.414093821896671 ], [ 0.113098249577139, 51.41290647239996 ], [ 0.119894250225447, 51.413400113026839 ], [ 0.125408520507515, 51.414779198946931 ], [ 0.128244308542149, 51.414959440098016 ], [ 0.132818781102431, 51.41424727174757 ], [ 0.139154010376588, 51.411597297504557 ], [ 0.148843378560722, 51.408429651984605 ], [ 0.148665998759267, 51.408131252537537 ], [ 0.151073800113588, 51.406642761341068 ], [ 0.152796283447368, 51.406273895816689 ], [ 0.15522310951511, 51.403972051221402 ], [ 0.154940981219538, 51.403659787823379 ], [ 0.15640878420542, 51.402494232352282 ], [ 0.157334737508054, 51.400783835630634 ], [ 0.157702357875145, 51.398147448479115 ], [ 0.15895418276492, 51.395821302930116 ], [ 0.162358042913646, 51.392490494475226 ], [ 0.158247951394189, 51.392239748518918 ], [ 0.147714813295489, 51.392801203844186 ], [ 0.14750779215888, 51.392156607193989 ], [ 0.149809309271708, 51.390872455951566 ], [ 0.148628025644354, 51.388668360257476 ], [ 0.149390431410864, 51.387854853296552 ], [ 0.148875536747458, 51.387572019060023 ], [ 0.15043262491052, 51.386018216675367 ], [ 0.149965816676811, 51.385840681728283 ], [ 0.149773745290315, 51.384870269772563 ], [ 0.149760663369425, 51.38367082257912 ], [ 0.150439938613693, 51.38344698940697 ], [ 0.150346868470543, 51.381092566321037 ], [ 0.149582224749239, 51.381089428318475 ], [ 0.149587023105769, 51.380089330283568 ], [ 0.151107037318415, 51.379896003413307 ], [ 0.150948275501861, 51.379085012110863 ], [ 0.15320986243772, 51.378036260791795 ], [ 0.152510547408356, 51.375229789726646 ], [ 0.151709734902534, 51.375436089262571 ], [ 0.149573856579535, 51.3735822675675 ], [ 0.150807260876733, 51.372920225033702 ], [ 0.151179576950505, 51.372186687484557 ], [ 0.150100255908942, 51.370157033314328 ], [ 0.152031003111835, 51.369693451287944 ], [ 0.151593013120248, 51.368378637147707 ], [ 0.149411375912118, 51.369162472707124 ], [ 0.148849788794934, 51.368123227357231 ], [ 0.14725346045789, 51.367014036246559 ], [ 0.148320963295435, 51.366371242477307 ], [ 0.145021724435078, 51.362850617799261 ], [ 0.145364578142422, 51.362502609489162 ], [ 0.144474186320993, 51.361061107337413 ], [ 0.145362512200475, 51.3603371092101 ], [ 0.144821225239688, 51.358435104386452 ], [ 0.145868492021696, 51.358224334654111 ], [ 0.145087125853209, 51.355763834716676 ], [ 0.144019441121267, 51.354861588532444 ], [ 0.143604376517286, 51.353017504012684 ], [ 0.142849434817616, 51.352659022017114 ], [ 0.142593035427414, 51.350734621880349 ], [ 0.140957202967793, 51.350145810756679 ], [ 0.141260269117767, 51.349778762255866 ], [ 0.138686587424584, 51.347524491597348 ], [ 0.13941390602865, 51.346982386142237 ], [ 0.138241050805406, 51.347084809660664 ], [ 0.137169412607011, 51.345871413956608 ], [ 0.136172909948091, 51.345936344907045 ], [ 0.137082195821616, 51.344800978274463 ], [ 0.136930971438963, 51.344174222614093 ], [ 0.1317501609314, 51.345506092057285 ], [ 0.131642347693571, 51.345193298081504 ], [ 0.125185738610926, 51.345867329144042 ], [ 0.12221187802736, 51.344656834798933 ], [ 0.118429079414442, 51.344147053761908 ], [ 0.117204869429768, 51.343162887442929 ], [ 0.116653861413163, 51.341302289442453 ], [ 0.117255693479973, 51.339780559590629 ], [ 0.118443801585417, 51.339981228950094 ], [ 0.118986878736423, 51.338683607046946 ], [ 0.118272006663194, 51.338404259229151 ], [ 0.119983705811663, 51.334739149506653 ], [ 0.12165694729226, 51.333636011293926 ], [ 0.117864359995777, 51.33062092376138 ], [ 0.117872616916934, 51.329646826101687 ], [ 0.116614326785298, 51.330003222153998 ], [ 0.115715865702447, 51.329506820502125 ], [ 0.11418331017829, 51.327397820493708 ], [ 0.110125942850549, 51.328035697041123 ], [ 0.10973097431915, 51.326683990941248 ], [ 0.107210049518486, 51.327523512881278 ], [ 0.104873928716168, 51.327412599566557 ], [ 0.103212887723931, 51.325995427804152 ], [ 0.100764006306185, 51.325585277323967 ], [ 0.100148109225051, 51.324071990097579 ], [ 0.096151721902028, 51.321292807279569 ], [ 0.087756733943929, 51.318312306363261 ], [ 0.085000755805114, 51.316023262388036 ], [ 0.085613334386779, 51.314784792799372 ], [ 0.085042133696745, 51.312598862480016 ], [ 0.083543489114842, 51.310528332409604 ], [ 0.084720169277821, 51.308346345656602 ], [ 0.08405819990999, 51.308049666943447 ], [ 0.084849759181524, 51.30604544071231 ], [ 0.082788063071779, 51.305634229670666 ], [ 0.085404448318838, 51.302520191419198 ], [ 0.086183007531852, 51.300174662558959 ], [ 0.091156928791206, 51.296828370528878 ], [ 0.089234016776728, 51.296087451302611 ], [ 0.085665410170291, 51.293085410911239 ], [ 0.081552657267561, 51.291836557789459 ], [ 0.073340934497291, 51.291606387391894 ], [ 0.067535984083011, 51.290384394962494 ], [ 0.058482843571883, 51.289355032616804 ], [ 0.05602284430804, 51.292396585027653 ], [ 0.054362524553253, 51.29209029840117 ], [ 0.050762376686813, 51.293988012616659 ], [ 0.045704183238087, 51.294005393644873 ], [ 0.044739658456775, 51.293087866562708 ], [ 0.042369084723473, 51.292674240080089 ], [ 0.043285529662859, 51.296582759521911 ], [ 0.044270830272258, 51.298581846186536 ], [ 0.043065449355816, 51.299055196397696 ], [ 0.042592432869844, 51.301329668817431 ], [ 0.041515274520449, 51.302980761445951 ], [ 0.040889763222053, 51.302721863913625 ], [ 0.036308866166069, 51.305863765888041 ], [ 0.03288144540533, 51.307521372252403 ], [ 0.030253776147932, 51.305558776809868 ], [ 0.027949982800144, 51.304685905088427 ], [ 0.024811434607449, 51.302155660697785 ], [ 0.023571662680273, 51.299704910328771 ], [ 0.020925622199125, 51.296779370814953 ], [ 0.020846740135693, 51.295572959936088 ], [ 0.01907400641639, 51.291685340560043 ], [ 0.014982156541888, 51.291787305929688 ], [ 0.00835841431863, 51.310561782122001 ], [ 0.010325548805323, 51.316146367412841 ], [ 0.006569423949955, 51.315684886339739 ], [ 0.00484185014659, 51.322076043829263 ], [ 0.002226670265466, 51.329134242327939 ], [ 0.003284568590202, 51.332154324589354 ], [ 0.00083509924383, 51.333601510760872 ], [ -0.005336802968962, 51.352574615357724 ], [ -0.008588505073538, 51.355757481851171 ], [ -0.011795905683612, 51.35724713985222 ], [ -0.013173591310006, 51.357230427012325 ], [ -0.015585924917918, 51.358812605698752 ], [ -0.018316488536276, 51.361236325571497 ], [ -0.018904168371899, 51.362741340250466 ], [ -0.022299182997488, 51.365883573278971 ], [ -0.023595047567052, 51.365291088802124 ], [ -0.024487806959667, 51.36676814789103 ], [ -0.023131152074385, 51.367017154550268 ], [ -0.02361902499199, 51.37222764317108 ], [ -0.026141004499821, 51.376489644882575 ], [ -0.026793715374983, 51.379376380369642 ], [ -0.02800071671776, 51.37936355483685 ], [ -0.028373804867725, 51.378103162819663 ], [ -0.029842959954937, 51.377338505707662 ], [ -0.036805759462633, 51.376997049089873 ], [ -0.036386591590908, 51.379011030426632 ], [ -0.036984549598245, 51.378963150017306 ], [ -0.037868295452606, 51.383267794364002 ], [ -0.036550043007132, 51.388432396589373 ], [ -0.042842757392486, 51.389463539564083 ], [ -0.046194579940302, 51.39201847253829 ], [ -0.046842046531454, 51.391839963940953 ], [ -0.048082317972831, 51.393143740193793 ], [ -0.051274159869139, 51.393472176937635 ], [ -0.053499200875632, 51.39491604228261 ], [ -0.05044505572464, 51.398014099963689 ], [ -0.050842668066716, 51.397653137156759 ], [ -0.052133709500687, 51.398260021910595 ], [ -0.050634714665646, 51.399525201460669 ], [ -0.052956973279179, 51.401437514704718 ], [ -0.060555749405292, 51.399139319837687 ], [ -0.060166541205883, 51.399566017779925 ], [ -0.062245960640118, 51.40154905613813 ], [ -0.064643458227922, 51.401722625616806 ], [ -0.064505587077887, 51.402037576582174 ], [ -0.068596854928853, 51.403841256280465 ], [ -0.06998709683511, 51.406003063380979 ], [ -0.072861015644075, 51.408486328112659 ], [ -0.073548364515496, 51.410562897565462 ], [ -0.072768678849113, 51.412690057477164 ], [ -0.076509261282736, 51.414427489834587 ], [ -0.08039360490926, 51.415541597359081 ], [ -0.081109237295602, 51.417305584249348 ], [ -0.078583354160329, 51.419874708628591 ], [ -0.075067451865392, 51.425627390741731 ], [ -0.073933224108275, 51.426213353997028 ], [ -0.071867876589359, 51.426295342722973 ], [ -0.068927656853593, 51.425630519952129 ], [ -0.067911470788214, 51.425925602627345 ], [ -0.066048003874861, 51.425075417895009 ], [ -0.062430402366364, 51.425155413025834 ], [ -0.056780963922384, 51.422965600249832 ], [ -0.055162459323447, 51.422943371842294 ], [ -0.054763373571718, 51.423726450516227 ], [ -0.051827551529175, 51.423570538912742 ], [ -0.051773804041682, 51.422517252789582 ], [ -0.046018349186718, 51.422796033594139 ], [ -0.046277031769279, 51.4223756019747 ], [ -0.043701684311873, 51.422893360612235 ], [ -0.041023483390063, 51.424263320964457 ], [ -0.038479302841417, 51.423957455004036 ], [ -0.037495988302444, 51.424982215140048 ], [ -0.031820043661293, 51.424710811267069 ], [ -0.031997448960848, 51.42553666162722 ], [ -0.030106854750368, 51.42564604534607 ], [ -0.024366109222077, 51.423117375992078 ], [ -0.02260053109447, 51.421557636181355 ], [ -0.022268530299649, 51.421776247997045 ], [ -0.021024028210762, 51.420976412494788 ], [ -0.021675302344117, 51.420442890505036 ], [ -0.02078519135424, 51.419946762245907 ], [ -0.021422441692521, 51.418342847401718 ], [ -0.022584447273747, 51.417564976252429 ], [ -0.02172367550042, 51.417279317551937 ], [ -0.022199841943143, 51.416742156754559 ], [ -0.02102562857753, 51.416024877226263 ], [ -0.017824141723127, 51.415744766042458 ], [ -0.017992854228795, 51.415056774982801 ], [ -0.014300815008146, 51.41516120009414 ], [ -0.014265831257188, 51.413650197096821 ], [ -0.010338394318815, 51.413578383686747 ], [ -0.006617737320351, 51.414664024603532 ], [ -0.006579516839844, 51.415979141388853 ], [ -0.005609513702759, 51.415820560022915 ], [ -0.004993181712293, 51.414600274069912 ], [ -0.003306641938268, 51.415036155160436 ], [ -0.003417540201715, 51.415651289914216 ], [ -0.00075519452942, 51.415907583544836 ], [ -0.000145135975239, 51.417575684818679 ], [ 0.001716796262677, 51.418586153019312 ], [ 0.003507449174883, 51.417427832001799 ], [ 0.005644844027098, 51.418526726424602 ], [ 0.005190037233796, 51.419356162377255 ], [ 0.006282557017393, 51.421030799561073 ], [ 0.007362395775475, 51.42140278583495 ], [ 0.008079691103471, 51.423039824861995 ], [ 0.009955927311131, 51.422482134109956 ], [ 0.011856630932466, 51.424086002183472 ], [ 0.014392045917559, 51.425215634156643 ], [ 0.014093777063744, 51.426174886798094 ], [ 0.015954851086024, 51.42618969692473 ], [ 0.018721612685555, 51.427057954107461 ], [ 0.021192319079628, 51.426862663238303 ], [ 0.025432643522157, 51.428973309125482 ], [ 0.036204808213032, 51.422388670809561 ], [ 0.039029387581537, 51.424688056208907 ], [ 0.038447875904534, 51.427584061604598 ], [ 0.037818264003848, 51.42780082371651 ], [ 0.038338488329561, 51.428281176977329 ], [ 0.037513534780657, 51.431367543787196 ], [ 0.037682422768147, 51.433340939278452 ], [ 0.033710288886238, 51.431695122076093 ], [ 0.033229460909755, 51.432231132043007 ], [ 0.032467945611546, 51.431890494402325 ], [ 0.031580880267366, 51.432555253129692 ], [ 0.031132807881927, 51.432094152324467 ], [ 0.031378831343576, 51.43258339919992 ], [ 0.028566406727137, 51.4340337217022 ], [ 0.029060364513699, 51.434674302373928 ], [ 0.028660682901702, 51.436409569801143 ], [ 0.027155162495212, 51.436527052859049 ], [ 0.025409510632553, 51.435666640829574 ], [ 0.02475594850688, 51.438207643148196 ], [ 0.028789610411469, 51.438772032174263 ], [ 0.028566673110476, 51.440403651263438 ], [ 0.030523198760478, 51.444327687375768 ], [ 0.033476824760178, 51.443581679317276 ], [ 0.039728499778025, 51.440980609095945 ], [ 0.042144236930517, 51.439489591860742 ], [ 0.043309614581894, 51.437748822062517 ], [ 0.045164375315246, 51.436601220987846 ], [ 0.045111009353163, 51.436237967606935 ] ] ] } },
{ "type": "Feature", "properties": { "lad_code": "E09000007", "lad_name": "Camden", "city": "london" }, "geometry": { "type": "Polygon", "coordinates": [ [ [ -0.167312749242904, 51.572960326520082 ], [ -0.1645654999392, 51.572498016755922 ], [ -0.160502327210859, 51.57277680922676 ], [ -0.157761610065511, 51.572048416075141 ], [ -0.150172079194179, 51.571551313445937 ], [ -0.144407683093349, 51.570081732928379 ], [ -0.142421506517259, 51.56910334615759 ], [ -0.140653109431224, 51.564456778298577 ], [ -0.1410606765415, 51.56049740805117 ], [ -0.137013323209192, 51.555259051070209 ], [ -0.135329781373717, 51.554635876248611 ], [ -0.13101757261146, 51.551480754882959 ], [ -0.130153826497879, 51.549609266351112 ], [ -0.127105092454102, 51.547527778889382 ], [ -0.125090198268354, 51.541140703803343 ], [ -0.122425781424704, 51.537047400630385 ], [ -0.122589558545787, 51.530751096573653 ], [ -0.119864783886237, 51.530945151247813 ], [ -0.115951591759871, 51.529829551456736 ], [ -0.115476982306841, 51.527755903812917 ], [ -0.112945077786041, 51.526406888805099 ], [ -0.114254863606474, 51.525480656361452 ], [ -0.113653281089055, 51.524564509494411 ], [ -0.112389674063509, 51.523714257222842 ], [ -0.108995429224295, 51.523018040927901 ], [ -0.10826405900902, 51.522085192275107 ], [ -0.107027402030376, 51.522181914580479 ], [ -0.105316195135097, 51.518553100889079 ], [ -0.10784501134847, 51.517764307563979 ], [ -0.113829438433203, 51.518256213887497 ], [ -0.111593535862627, 51.515333372446875 ], [ -0.113851335408338, 51.514822036270402 ], [ -0.114720493891375, 51.516024811431308 ], [ -0.11947683991804, 51.514500643533701 ], [ -0.122091638950652, 51.514613598069424 ], [ -0.122879308577401, 51.515138579253872 ], [ -0.127671804706721, 51.512677376896995 ], [ -0.129636236938155, 51.513997230027293 ], [ -0.130807970485132, 51.517080334468957 ], [ -0.132541851734312, 51.516671455885678 ], [ -0.132431556042417, 51.517115520566222 ], [ -0.134031639317887, 51.517545602053488 ], [ -0.135233251780087, 51.518928036113614 ], [ -0.13698671837268, 51.518884942948468 ], [ -0.142870380704404, 51.523865897235126 ], [ -0.143570229065858, 51.523964181927006 ], [ -0.143409968216828, 51.524546596007383 ], [ -0.144012328414734, 51.524676422777212 ], [ -0.144112917190406, 51.523995746221061 ], [ -0.145231002301822, 51.523987189188972 ], [ -0.145789447846369, 51.525265004355539 ], [ -0.147149019484372, 51.525032941094203 ], [ -0.152727366240961, 51.537507456168477 ], [ -0.159377346867557, 51.536337602332139 ], [ -0.160422021764671, 51.537296449690565 ], [ -0.164924196976273, 51.535782624864503 ], [ -0.169472710621169, 51.538591488577886 ], [ -0.170901669182747, 51.537776199562742 ], [ -0.171959418127976, 51.538401790278066 ], [ -0.173502228100153, 51.53764434857186 ], [ -0.174153719088281, 51.538259634105579 ], [ -0.173937040294986, 51.539471137491198 ], [ -0.178368254769035, 51.539805986484396 ], [ -0.184185755230554, 51.538226534632145 ], [ -0.188747581986465, 51.534528555154637 ], [ -0.191492541908102, 51.536290369770668 ], [ -0.213511484504217, 51.555188472521003 ], [ -0.21003539882427, 51.556748865055368 ], [ -0.208862330164871, 51.555723058411203 ], [ -0.205992358084878, 51.556427824327073 ], [ -0.205804453847011, 51.55531611773629 ], [ -0.199396585555163, 51.556187558918587 ], [ -0.199536194641372, 51.557072964294754 ], [ -0.198331859834136, 51.558855341146 ], [ -0.196799793964842, 51.559152088080438 ], [ -0.196750716986998, 51.560694916944605 ], [ -0.194851913999972, 51.560481339031149 ], [ -0.191148033306443, 51.561653581853932 ], [ -0.189670273004156, 51.565213958926343 ], [ -0.186167562888072, 51.5669208550609 ], [ -0.183785784723289, 51.567465749580549 ], [ -0.183413068136872, 51.567765082695395 ], [ -0.183697620161897, 51.567954306112533 ], [ -0.180842780846315, 51.569401960567816 ], [ -0.181011956890108, 51.569670371875574 ], [ -0.178328857628576, 51.570014377582865 ], [ -0.17814723695133, 51.570510127242308 ], [ -0.174406857395866, 51.569253644332875 ], [ -0.173401588880045, 51.571084790152717 ], [ -0.171257214655554, 51.572415734865778 ], [ -0.167312749242904, 51.572960326520082 ] ] ] } },
{ "type": "Feature", "properties": { "lad_code": "E09000008", "lad_name": "Croydon", "city": "london" }, "geometry": { "type": "Polygon", "coordinates": [ [ [ -0.112658839008736, 51.423242496194597 ], [ -0.105988231438689, 51.422594534869262 ], [ -0.092727946484266, 51.422554143647957 ], [ -0.086309430393219, 51.419284155517985 ], [ -0.078583354160329, 51.419874708628591 ], [ -0.081109237295602, 51.417305584249348 ], [ -0.080786134052688, 51.416044739548283 ], [ -0.08039360490926, 51.415541597359081 ], [ -0.076509261282736, 51.414427489834587 ], [ -0.072768678849113, 51.412690057477164 ], [ -0.073548364515496, 51.410562897565462 ], [ -0.072861015644075, 51.408486328112659 ], [ -0.06998709683511, 51.406003063380979 ], [ -0.068596854928853, 51.403841256280465 ], [ -0.064505587077887, 51.402037576582174 ], [ -0.064643458227922, 51.401722625616806 ], [ -0.062245960640118, 51.40154905613813 ], [ -0.060166541205883, 51.399566017779925 ], [ -0.060555749405292, 51.399139319837687 ], [ -0.052956973279179, 51.401437514704718 ], [ -0.050634714665646, 51.399525201460669 ], [ -0.052133709500687, 51.398260021910595 ], [ -0.050842668066716, 51.397653137156759 ], [ -0.05044505572464, 51.398014099963689 ], [ -0.053499200875632, 51.39491604228261 ], [ -0.051274159869139, 51.393472176937635 ], [ -0.048082317972831, 51.393143740193793 ], [ -0.046842046531454, 51.391839963940953 ], [ -0.046194579940302, 51.39201847253829 ], [ -0.042842757392486, 51.389463539564083 ], [ -0.036550043007132, 51.388432396589373 ], [ -0.037868295452606, 51.383267794364002 ], [ -0.036984549598245, 51.378963150017306 ], [ -0.036386591590908, 51.379011030426632 ], [ -0.036805759462633, 51.376997049089873 ], [ -0.029842959954937, 51.377338505707662 ], [ -0.028373804867725, 51.378103162819663 ], [ -0.02800071671776, 51.37936355483685 ], [ -0.026793715374983, 51.379376380369642 ], [ -0.026141004499821, 51.376489644882575 ], [ -0.02361902499199, 51.37222764317108 ], [ -0.023131152074385, 51.367017154550268 ], [ -0.024487806959667, 51.36676814789103 ], [ -0.023595047567052, 51.365291088802124 ], [ -0.022299182997488, 51.365883573278971 ], [ -0.018904168371899, 51.362741340250466 ], [ -0.018316488536276, 51.361236325571497 ], [ -0.015585924917918, 51.358812605698752 ], [ -0.013173591310006, 51.357230427012325 ], [ -0.011795905683612, 51.35724713985222 ], [ -0.008588505073538, 51.355757481851171 ], [ -0.005336802968962, 51.352574615357724 ], [ 0.00083509924383, 51.333601510760872 ], [ 0.003284568590202, 51.332154324589354 ], [ 0.002226670265466, 51.329134242327939 ], [ -0.000531500481006, 51.328777804744277 ], [ -0.001705242439144, 51.330306778560356 ], [ -0.007237536820619, 51.333386740662093 ], [ -0.007156176973338, 51.333739210995539 ], [ -0.009688993189982, 51.333927968703087 ], [ -0.010974821156105, 51.333675463236844 ], [ -0.010754035130935, 51.33308283529469 ], [ -0.011930461824012, 51.332953889663862 ], [ -0.013667979306968, 51.331531018944361 ], [ -0.014344749096883, 51.3297717930093 ], [ -0.016065080502483, 51.33205142358311 ], [ -0.017888190670858, 51.333017105912923 ], [ -0.020614929374002, 51.337202651904839 ], [ -0.022177203745959, 51.338131032135664 ], [ -0.026156421245667, 51.338546188664601 ], [ -0.03284795222956, 51.33741595881893 ], [ -0.037946194939613, 51.338725409867834 ], [ -0.039671360537179, 51.337477311838086 ], [ -0.042012743730315, 51.333860879535173 ], [ -0.046632492335219, 51.333539191201247 ], [ -0.050303421264783, 51.332638575854524 ], [ -0.050098523900661, 51.332053301320435 ], [ -0.0510682859864, 51.331594666589204 ], [ -0.051107246284446, 51.330846154828762 ], [ -0.048775836480761, 51.328719247973048 ], [ -0.049096415301369, 51.32860852426478 ], [ -0.047854775113118, 51.326510535431517 ], [ -0.04789557691404, 51.325245921283042 ], [ -0.049792162676378, 51.325267631760028 ], [ -0.051293567545863, 51.323439186206599 ], [ -0.051334151038135, 51.322453241037735 ], [ -0.052557940068135, 51.32242035599576 ], [ -0.054891008696058, 51.321281335922912 ], [ -0.056233457565716, 51.32168315452212 ], [ -0.058419438484599, 51.320383976400493 ], [ -0.060684575896681, 51.320065406261442 ], [ -0.064013177673328, 51.318641085206004 ], [ -0.070094269384037, 51.318901120462193 ], [ -0.071046572102897, 51.321224826761892 ], [ -0.07893983886435, 51.319770940696429 ], [ -0.078861884114691, 51.318098791230369 ], [ -0.080205760533539, 51.31784295205258 ], [ -0.08153111989715, 51.316723481097398 ], [ -0.083688818521997, 51.316651752359235 ], [ -0.084829276549197, 51.315868298126901 ], [ -0.081920133632469, 51.312610255574761 ], [ -0.081958876730905, 51.310648582565392 ], [ -0.086788141579702, 51.308795966347809 ], [ -0.088852262859474, 51.307219936591665 ], [ -0.088724999414256, 51.305147958597225 ], [ -0.08971488308273, 51.303964680042071 ], [ -0.090753635771353, 51.303945958746638 ], [ -0.091199044938162, 51.303393117171659 ], [ -0.091251313009476, 51.301476683897128 ], [ -0.094845820734692, 51.300622901961226 ], [ -0.096025363081566, 51.301515744297475 ], [ -0.09736367826066, 51.301102695175025 ], [ -0.09742389040704, 51.300386359917397 ], [ -0.094303836902378, 51.29944005132964 ], [ -0.111079772734584, 51.292254111537474 ], [ -0.114761964113775, 51.292452888074699 ], [ -0.114580727086227, 51.291555181877065 ], [ -0.115521693848322, 51.291167452084082 ], [ -0.116967217870016, 51.289489264707214 ], [ -0.117814447603292, 51.287183454281873 ], [ -0.124328569932558, 51.286791879050625 ], [ -0.126075857606426, 51.288404652548955 ], [ -0.126361838420122, 51.289665798101012 ], [ -0.130315141349562, 51.292890515378168 ], [ -0.13135724643788, 51.294626309851807 ], [ -0.131068082682885, 51.295477540966758 ], [ -0.13438297719178, 51.298377352616889 ], [ -0.136194310337992, 51.298280750348432 ], [ -0.137240033855194, 51.300743435028998 ], [ -0.14089126651413, 51.299577455705816 ], [ -0.142865641332234, 51.300026953375699 ], [ -0.143604602372808, 51.301246512345848 ], [ -0.145651687476133, 51.299830213611322 ], [ -0.14847825443979, 51.300705820207149 ], [ -0.149522662663032, 51.300702552960566 ], [ -0.149841049002564, 51.300205839683194 ], [ -0.153386845527113, 51.301679931125925 ], [ -0.155344001138317, 51.301276463711957 ], [ -0.156710248257425, 51.303591111944975 ], [ -0.157761230965066, 51.30442962699621 ], [ -0.154535369469697, 51.306450711535206 ], [ -0.15718924524233, 51.306711060229439 ], [ -0.154341449420743, 51.310320004983652 ], [ -0.158356530061132, 51.310987540866726 ], [ -0.157195581377054, 51.313391863864524 ], [ -0.159339952595887, 51.315957945963241 ], [ -0.159606801631105, 51.317106950473054 ], [ -0.160507278923388, 51.316874677492336 ], [ -0.161203142246942, 51.317524988351344 ], [ -0.161905453304534, 51.319627758772491 ], [ -0.152746507128056, 51.323002271276756 ], [ -0.152096315127292, 51.322273270066525 ], [ -0.150703260103918, 51.322170299491816 ], [ -0.145602322922688, 51.323494768833704 ], [ -0.144257820631665, 51.32593078154428 ], [ -0.144436920617442, 51.326466505243623 ], [ -0.149213524402824, 51.328847680774878 ], [ -0.144096935028382, 51.33069238588029 ], [ -0.145619913894271, 51.332456564539683 ], [ -0.147509291741025, 51.338799506145925 ], [ -0.144489300148287, 51.339512787789559 ], [ -0.144305786121328, 51.340220316888839 ], [ -0.143484387899719, 51.340540361496807 ], [ -0.144601499740619, 51.342088997079124 ], [ -0.144207787851473, 51.342292370495322 ], [ -0.13689475333942, 51.344721187501591 ], [ -0.132510398498038, 51.344273458006136 ], [ -0.132889504701199, 51.345435198569291 ], [ -0.131117814460145, 51.345471757660512 ], [ -0.131444147348823, 51.346025550516316 ], [ -0.128989803020963, 51.346583163070065 ], [ -0.128877323229341, 51.347271431221287 ], [ -0.12837291002887, 51.347451363033002 ], [ -0.127304555154687, 51.347091915850108 ], [ -0.126880466060993, 51.344865245700142 ], [ -0.116867770757962, 51.34576344632886 ], [ -0.11912030455805, 51.353138468681173 ], [ -0.120174587120317, 51.353028121143424 ], [ -0.121399447516324, 51.357740685774083 ], [ -0.12421427512293, 51.357414828119637 ], [ -0.124580397920398, 51.358363833557227 ], [ -0.124616770611997, 51.358873475903529 ], [ -0.121919988362949, 51.359072214747393 ], [ -0.122910295229844, 51.359924522187704 ], [ -0.121842372924109, 51.35997756444565 ], [ -0.122039556382228, 51.360964454015104 ], [ -0.12139223096239, 51.361040467969588 ], [ -0.120928894506169, 51.363308219858347 ], [ -0.121326747431329, 51.364727331664504 ], [ -0.122362358100771, 51.364521762467277 ], [ -0.124141433386312, 51.365350617160459 ], [ -0.122103635221527, 51.365754615993708 ], [ -0.123352102144166, 51.371198901734395 ], [ -0.124771227866061, 51.372936990678632 ], [ -0.124787371151754, 51.373686832566193 ], [ -0.127867662866822, 51.374741562146539 ], [ -0.126699824871308, 51.37491579362004 ], [ -0.126860032741925, 51.375466945745501 ], [ -0.125866294792536, 51.375599795524579 ], [ -0.128074479278602, 51.380475719180225 ], [ -0.130287227682422, 51.382214646224526 ], [ -0.128674134693501, 51.382494043332315 ], [ -0.129540293334526, 51.385301273333042 ], [ -0.128785416163359, 51.385643696736963 ], [ -0.130657722812125, 51.386268797327027 ], [ -0.129591964898501, 51.387231555442959 ], [ -0.13326029016618, 51.38955272244452 ], [ -0.132638445182684, 51.39012552713487 ], [ -0.134347573110435, 51.390847681613685 ], [ -0.12875311378484, 51.393502585782294 ], [ -0.129677923470334, 51.39365266049235 ], [ -0.12416550643813, 51.39760991430024 ], [ -0.125707305384932, 51.398324470434964 ], [ -0.125424317042316, 51.398826678575617 ], [ -0.127738995604035, 51.401468975941725 ], [ -0.130471569828793, 51.403274481934908 ], [ -0.132329052527841, 51.406808687741226 ], [ -0.132103181505627, 51.409202894564068 ], [ -0.129482203572862, 51.409574700184351 ], [ -0.128198831213101, 51.410938138021308 ], [ -0.127751005841893, 51.412316502599957 ], [ -0.12626258639083, 51.41292972829617 ], [ -0.125791120081248, 51.412631467289636 ], [ -0.12447819290032, 51.413365569481122 ], [ -0.124106610219623, 51.414597055675721 ], [ -0.122517139046415, 51.415027129501695 ], [ -0.119839518049677, 51.418801767064267 ], [ -0.115618298047047, 51.420631541205005 ], [ -0.112658839008736, 51.423242496194597 ] ] ] } },
{ "type": "Feature", "properties": { "lad_code": "E09000009", "lad_name": "Ealing", "city": "london" }, "geometry": { "type": "Polygon", "coordinates": [ [ [ -0.327028646569436, 51.555029257935743 ], [ -0.317683622230294, 51.551567029439603 ], [ -0.312549465108185, 51.549026638752139 ], [ -0.311502315960432, 51.547564761889618 ], [ -0.308669585414536, 51.546465984815228 ], [ -0.307136206992112, 51.545328416395698 ], [ -0.308898444748792, 51.545205943437722 ], [ -0.308009848047939, 51.54441269423841 ], [ -0.308540917213708, 51.543197343148115 ], [ -0.304741202055615, 51.539857531508247 ], [ -0.305971754070714, 51.539365614963216 ], [ -0.306287620264247, 51.534175756278657 ], [ -0.307476565198982, 51.533085853828048 ], [ -0.302727973345115, 51.531985293088027 ], [ -0.299875337844755, 51.533081074271749 ], [ -0.296470679119747, 51.53525733111082 ], [ -0.293419378543238, 51.534926657789889 ], [ -0.286653098902825, 51.536782535556661 ], [ -0.28248065077599, 51.538647107266968 ], [ -0.277792642393966, 51.535069966601505 ], [ -0.278508610901129, 51.534581727258796 ], [ -0.278987289892264, 51.533225998623365 ], [ -0.280982606526134, 51.532586664681446 ], [ -0.281507235081629, 51.533229487737309 ], [ -0.283502305537091, 51.532806491537073 ], [ -0.28403552034776, 51.533530142848846 ], [ -0.289405639830157, 51.531681454644733 ], [ -0.285748775274042, 51.52917059076487 ], [ -0.280394934027387, 51.528345388283512 ], [ -0.274593829716627, 51.529557167953165 ], [ -0.270468882853701, 51.530045096191152 ], [ -0.268597452384297, 51.529821176109458 ], [ -0.266274624109987, 51.530685658658015 ], [ -0.264890241376776, 51.531570065382475 ], [ -0.264784336216205, 51.532156858950529 ], [ -0.260376903792763, 51.534491102786284 ], [ -0.25776460125102, 51.535365607591707 ], [ -0.25656954176099, 51.534964586585041 ], [ -0.256008688933425, 51.533948195505182 ], [ -0.250775979191452, 51.534145695627004 ], [ -0.247289366799845, 51.53348810374046 ], [ -0.246305425935052, 51.53273576026524 ], [ -0.246999658483841, 51.531775867595115 ], [ -0.245280507432843, 51.531216502026624 ], [ -0.247023565408185, 51.530687179546334 ], [ -0.249894403894525, 51.528868429303287 ], [ -0.250579486869175, 51.527809948679824 ], [ -0.25035503920763, 51.527058319634385 ], [ -0.25256189638589, 51.524985299611203 ], [ -0.251791506332165, 51.522115621842701 ], [ -0.250342552651914, 51.520183804659155 ], [ -0.250713712793649, 51.519199196161274 ], [ -0.248994718155338, 51.513889294102235 ], [ -0.246458711346926, 51.510821041454747 ], [ -0.2451579686563, 51.50676841350856 ], [ -0.246490015570167, 51.506741903578913 ], [ -0.245697026770776, 51.504627475603542 ], [ -0.252549021134439, 51.504712520236822 ], [ -0.255087303550547, 51.504328179067997 ], [ -0.253387430021668, 51.502892259816321 ], [ -0.252794629639527, 51.499887504808562 ], [ -0.255629348273087, 51.496032457513159 ], [ -0.255445051227695, 51.494977464633884 ], [ -0.269083737897914, 51.494025534542025 ], [ -0.271325720498312, 51.494800566819308 ], [ -0.272424375085285, 51.496155397474048 ], [ -0.277425027702154, 51.499085619753274 ], [ -0.280795052360512, 51.502846629194885 ], [ -0.28573405088079, 51.500782899687415 ], [ -0.293920253953455, 51.501576759315469 ], [ -0.300691676314227, 51.499328512746779 ], [ -0.29755942529598, 51.494884071901154 ], [ -0.301155117948971, 51.494404950196227 ], [ -0.301399331033228, 51.495193587642696 ], [ -0.305873999710163, 51.496182270773616 ], [ -0.305453348402218, 51.494536779244129 ], [ -0.31193317938302, 51.491970975786451 ], [ -0.313906673361207, 51.493607590672369 ], [ -0.315107321321441, 51.493963886130295 ], [ -0.314489934779137, 51.49435678642439 ], [ -0.315734100528208, 51.49534772729875 ], [ -0.315302308194626, 51.495554326579459 ], [ -0.315816384252803, 51.495906816211132 ], [ -0.319203428823198, 51.49421682572514 ], [ -0.324697666880266, 51.495993276347718 ], [ -0.326149264668831, 51.495003201832624 ], [ -0.327363107046426, 51.496001942445794 ], [ -0.329966829565804, 51.495020096941559 ], [ -0.335286336227796, 51.496157473176382 ], [ -0.342300401037881, 51.495987357829733 ], [ -0.350640755609574, 51.499106138079661 ], [ -0.358074047374433, 51.497767493606005 ], [ -0.363139276894987, 51.495875345117511 ], [ -0.363755388936485, 51.494695574015267 ], [ -0.365384655056155, 51.493313305064412 ], [ -0.36581538766693, 51.493653526872301 ], [ -0.368376122698321, 51.492298550929291 ], [ -0.367933985266035, 51.491788822542965 ], [ -0.371872297117997, 51.490475814943856 ], [ -0.371940340329806, 51.49099020311268 ], [ -0.373830270801607, 51.491959757810278 ], [ -0.37584511987684, 51.495391131468033 ], [ -0.377924177534789, 51.495468803135189 ], [ -0.377897838802999, 51.496606126401581 ], [ -0.381862220368653, 51.49522347642899 ], [ -0.386596438451185, 51.494684752681174 ], [ -0.406938847576804, 51.499665639731269 ], [ -0.402879548743181, 51.503581010357379 ], [ -0.393534193324886, 51.507010919360674 ], [ -0.390442917631498, 51.513203717983018 ], [ -0.389137002824232, 51.514664328894668 ], [ -0.384968839576756, 51.51637288213724 ], [ -0.381809894200636, 51.518619601487941 ], [ -0.376166809734203, 51.524944301874001 ], [ -0.376393161695312, 51.528883965190012 ], [ -0.386663917580241, 51.530398217657762 ], [ -0.387136327305186, 51.529573275550277 ], [ -0.389297304498954, 51.530801759230158 ], [ -0.392669897254342, 51.531447872971093 ], [ -0.411070092847035, 51.534289124284911 ], [ -0.411865978427159, 51.534071750642987 ], [ -0.41350786210324, 51.534710949876391 ], [ -0.413840252321418, 51.535742759025553 ], [ -0.415326615051501, 51.536555490016028 ], [ -0.417451629220689, 51.536645054208527 ], [ -0.417510192750451, 51.537837594676006 ], [ -0.419429705605192, 51.538290290013251 ], [ -0.41956846356381, 51.538705105063869 ], [ -0.418180323070834, 51.53915291859267 ], [ -0.419433980096065, 51.539932111800425 ], [ -0.419422983235029, 51.54038894767794 ], [ -0.416776525898667, 51.54015813631986 ], [ -0.405029377503509, 51.542488969686481 ], [ -0.395306368279106, 51.542550592344092 ], [ -0.396365177370166, 51.54570298950663 ], [ -0.397911198205777, 51.545665844503105 ], [ -0.39872693384625, 51.547896253522765 ], [ -0.394900060584774, 51.547645507293794 ], [ -0.394967791190413, 51.548730195375676 ], [ -0.39281724241866, 51.548967874879793 ], [ -0.385056806196369, 51.551257576880438 ], [ -0.377677572609456, 51.554698484083971 ], [ -0.377864531111118, 51.55497597630314 ], [ -0.375902722896863, 51.55308355509365 ], [ -0.373364202001991, 51.554095347269282 ], [ -0.372885097835203, 51.553747766322338 ], [ -0.362541115648908, 51.556042023901199 ], [ -0.362321804650686, 51.557247182187311 ], [ -0.347570720499032, 51.559655957753208 ], [ -0.343627444864133, 51.557715570220296 ], [ -0.338324908724317, 51.557224331679166 ], [ -0.327028646569436, 51.555029257935743 ] ] ] } },
{ "type": "Feature", "properties": { "lad_code": "E09000010", "lad_name": "Enfield", "city": "london" }, "geometry": { "type": "Polygon", "coordinates": [ [ [ -0.078984858681857, 51.68884090388422 ], [ -0.067176105198537, 51.684052981136233 ], [ -0.062115536852601, 51.68297413812936 ], [ -0.057039830897024, 51.682970762307598 ], [ -0.051730886588109, 51.683534494100734 ], [ -0.049334981223111, 51.684241363382149 ], [ -0.047085609435352, 51.683436668509984 ], [ -0.043697927467144, 51.683094324030357 ], [ -0.028402862466016, 51.682329557667764 ], [ -0.019797942877118, 51.681148890385465 ], [ -0.011091939748128, 51.680866930866067 ], [ -0.010354796540797, 51.676662112016686 ], [ -0.011376998753828, 51.671916144743086 ], [ -0.011397006154805, 51.670699794039443 ], [ -0.010584855970417, 51.669134835851395 ], [ -0.011244885364229, 51.667603802324003 ], [ -0.011520342109682, 51.663889264202837 ], [ -0.009111757381303, 51.661006839667195 ], [ -0.008967256361443, 51.660215706595324 ], [ -0.011806103686494, 51.653033867885874 ], [ -0.011863604464718, 51.64884617769988 ], [ -0.013334969504474, 51.639693902539939 ], [ -0.016835379054861, 51.633527943087039 ], [ -0.025963855122704, 51.621741479441631 ], [ -0.032124919164258, 51.616863244443913 ], [ -0.035348125577085, 51.612982786820723 ], [ -0.035519417994091, 51.611962489437104 ], [ -0.03397234665471, 51.609502489146074 ], [ -0.035249701283277, 51.60826684305011 ], [ -0.041416143533355, 51.605645362714512 ], [ -0.049764123404495, 51.60724014387749 ], [ -0.054535582033265, 51.608885724839176 ], [ -0.085626177553309, 51.608471135454721 ], [ -0.092491365433737, 51.609088629528543 ], [ -0.095183923803259, 51.608655730357881 ], [ -0.095789803759291, 51.609296796110527 ], [ -0.097687545157328, 51.608916165708081 ], [ -0.097491295302943, 51.608515083668003 ], [ -0.101783453426374, 51.608490023971058 ], [ -0.102539406798641, 51.608041683650377 ], [ -0.11083527477141, 51.608612084564811 ], [ -0.117498696250565, 51.608203394249294 ], [ -0.118755312454565, 51.608651427149084 ], [ -0.123512132579885, 51.608673126508329 ], [ -0.124977621587246, 51.609945580468512 ], [ -0.126345190963465, 51.609304212804027 ], [ -0.127680298281811, 51.609408721237756 ], [ -0.135226888081815, 51.611215594412187 ], [ -0.138731391224858, 51.610183032002801 ], [ -0.144520674233702, 51.615506255437673 ], [ -0.142058997132129, 51.616277559982102 ], [ -0.141305731987289, 51.617533557615516 ], [ -0.135440025015637, 51.62177044801961 ], [ -0.135529882239724, 51.622397093439879 ], [ -0.135064416823626, 51.622349408739971 ], [ -0.133393556009858, 51.626380275126067 ], [ -0.130459759690595, 51.629313344002163 ], [ -0.131166524842638, 51.629683535653243 ], [ -0.12912009202914, 51.632262739677721 ], [ -0.133295194080709, 51.633264862497704 ], [ -0.134446100809333, 51.633966042963912 ], [ -0.134545326504405, 51.634691617686478 ], [ -0.140244766260789, 51.6374884402248 ], [ -0.145044406294715, 51.642629141192117 ], [ -0.147854825583821, 51.642063717715772 ], [ -0.14920322497496, 51.645311773173944 ], [ -0.151659846096289, 51.645320768525799 ], [ -0.152147792030186, 51.645797826493244 ], [ -0.15109973340684, 51.647240879835643 ], [ -0.152331383701905, 51.647633790496954 ], [ -0.152253783606469, 51.647963665233696 ], [ -0.149893968322183, 51.648807414180908 ], [ -0.150971110212887, 51.650083640120947 ], [ -0.152281201252971, 51.649821728955025 ], [ -0.152585212952571, 51.651455370940454 ], [ -0.1542200159121, 51.65296315270885 ], [ -0.153420072012059, 51.653302540666814 ], [ -0.153623556952411, 51.654537042151837 ], [ -0.1546428514025, 51.654975977803666 ], [ -0.154757666832464, 51.655542142024146 ], [ -0.160464008565289, 51.656760956584421 ], [ -0.163570868646122, 51.658203896241169 ], [ -0.185890995107671, 51.662833068079529 ], [ -0.181985837811504, 51.668679860802904 ], [ -0.176736512183046, 51.672096298414267 ], [ -0.177031362856446, 51.672676393455902 ], [ -0.175465728034785, 51.672589153766829 ], [ -0.175354610025013, 51.673446211196769 ], [ -0.17249816675673, 51.67308796922007 ], [ -0.163631926477605, 51.682399622970642 ], [ -0.163517920416715, 51.688111494064444 ], [ -0.158644765569524, 51.687394039910778 ], [ -0.152904818207297, 51.685795916045464 ], [ -0.149456332982534, 51.685505948479516 ], [ -0.134674128863118, 51.68878207611786 ], [ -0.122094494636019, 51.688517514194331 ], [ -0.118229939832978, 51.689063095622018 ], [ -0.109788967271623, 51.69162956564584 ], [ -0.105804648561411, 51.691872762311554 ], [ -0.094855252872253, 51.690095112604638 ], [ -0.083915185898074, 51.689910772819339 ], [ -0.078984858681857, 51.68884090388422 ] ] ] } },
{ "type": "Feature", "properties": { "lad_code": "E09000011", "lad_name": "Greenwich", "city": "london" }, "geometry": { "type": "MultiPolygon", "coordinates": [ [ [ [ -0.020620346439962, 51.476695933504502 ], [ -0.02062070409594, 51.476708495147527 ], [ -0.020582183430421, 51.476722468755725 ], [ -0.020620346439962, 51.476695933504502 ] ] ], [ [ [ -0.016416914001197, 51.481464184430514 ], [ -0.017116246312117, 51.480411763538733 ], [ -0.017827372748222, 51.480872905349962 ], [ -0.020427056253382, 51.48021862173043 ], [ -0.020334374437256, 51.479913459077864 ], [ -0.023066316736585, 51.47966483355291 ], [ -0.02330763455102, 51.4807804390814 ], [ -0.026391492429137, 51.481506391663778 ], [ -0.025788363871147, 51.482150353427009 ], [ -0.024739528203797, 51.485482299198516 ], [ -0.018852134002316, 51.483479252593881 ], [ -0.018160551429962, 51.481963447553284 ], [ -0.016416914001197, 51.481464184430514 ] ] ], [ [ [ 0.120188060202673, 51.511446963956786 ], [ 0.121268953356135, 51.491102819103958 ], [ 0.12201695616999, 51.482994363530537 ], [ 0.124163439438733, 51.476848676328935 ], [ 0.120872201080958, 51.478453949609651 ], [ 0.118443745896955, 51.478902783200716 ], [ 0.111958171854029, 51.473072124181847 ], [ 0.108162580655773, 51.476116482494831 ], [ 0.106148876190625, 51.475015995762433 ], [ 0.104876412116207, 51.475527362753724 ], [ 0.103324831694584, 51.474585633679965 ], [ 0.102480252180421, 51.474916206412892 ], [ 0.101977756747732, 51.474463493073948 ], [ 0.098217055530942, 51.475452113309991 ], [ 0.096547973688757, 51.473253550588858 ], [ 0.093172825447284, 51.472953749255034 ], [ 0.089098819826367, 51.470454036656051 ], [ 0.08702638328557, 51.46996997541369 ], [ 0.084781623549365, 51.468729699360118 ], [ 0.083211578146635, 51.466476764313498 ], [ 0.082286251321175, 51.46664107845168 ], [ 0.082107037698252, 51.464760488032326 ], [ 0.082601756185, 51.463584216141768 ], [ 0.082229223025894, 51.461131070190881 ], [ 0.082915391295385, 51.459829308329695 ], [ 0.078645169597901, 51.459289924340574 ], [ 0.081477678027849, 51.457752615066028 ], [ 0.08570531056247, 51.45645046724546 ], [ 0.086828410661096, 51.450434478234243 ], [ 0.087845222109645, 51.448703421115646 ], [ 0.088086249939994, 51.447255327412279 ], [ 0.087387993051752, 51.445746984135731 ], [ 0.086343299827763, 51.445307073515743 ], [ 0.087400216356738, 51.443284240968637 ], [ 0.084707714377777, 51.442603377861772 ], [ 0.08299194360855, 51.443419889215178 ], [ 0.082967056310884, 51.442733499990098 ], [ 0.084434159683363, 51.44197666805897 ], [ 0.081786365831726, 51.439968290301167 ], [ 0.080856561220958, 51.440403862251245 ], [ 0.077813545351586, 51.436442357654805 ], [ 0.076542736972757, 51.4368716330616 ], [ 0.074946855351725, 51.435866642251888 ], [ 0.076504533034068, 51.434855618452936 ], [ 0.075875658078862, 51.434458248450859 ], [ 0.076373842820864, 51.434005628705869 ], [ 0.075665723124443, 51.433624842387786 ], [ 0.076079341141157, 51.433283497521906 ], [ 0.074641828854759, 51.432147194607339 ], [ 0.075333964206383, 51.431986609280592 ], [ 0.074834663136098, 51.430814380050279 ], [ 0.073329252914545, 51.431760701475966 ], [ 0.073052913030671, 51.431354998497312 ], [ 0.073450161380396, 51.431249192496786 ], [ 0.071674668563638, 51.429442601713525 ], [ 0.066593023318768, 51.426503464992905 ], [ 0.06655501689953, 51.426008475852043 ], [ 0.064130968429765, 51.425333551795276 ], [ 0.064435751279792, 51.425033848321817 ], [ 0.063112251645304, 51.424135026995984 ], [ 0.06167951101385, 51.423700358076296 ], [ 0.060980867711626, 51.425081890266426 ], [ 0.05857308391057, 51.424594661568264 ], [ 0.058181383441194, 51.424871520703654 ], [ 0.054406307163658, 51.427933092883187 ], [ 0.051031489708925, 51.431525057073983 ], [ 0.047971926092808, 51.43359988410694 ], [ 0.045164375315246, 51.436601220987846 ], [ 0.043309614581894, 51.437748822062517 ], [ 0.042144236930517, 51.439489591860742 ], [ 0.039728499778025, 51.440980609095945 ], [ 0.033476824760178, 51.443581679317276 ], [ 0.030523198760478, 51.444327687375768 ], [ 0.02935253418801, 51.441705198058742 ], [ 0.025553817115433, 51.441716240782775 ], [ 0.021479550224099, 51.442728107875936 ], [ 0.020595910207143, 51.444206006654809 ], [ 0.021494831646991, 51.444439071503609 ], [ 0.021216847081629, 51.446697532637124 ], [ 0.022927915315834, 51.44720236968832 ], [ 0.021953658710122, 51.448942422598186 ], [ 0.015074148203861, 51.45000662127643 ], [ 0.014906753308783, 51.450611072410418 ], [ 0.015104968384827, 51.450208036870691 ], [ 0.019859241827125, 51.450729499377616 ], [ 0.019533581008896, 51.451709526966596 ], [ 0.01832410989163, 51.451575029332417 ], [ 0.017522764897335, 51.455031693428332 ], [ 0.011484631118087, 51.456685012182419 ], [ 0.009877476878737, 51.459631199427541 ], [ 0.009069030986075, 51.465872740409367 ], [ 0.013239786202225, 51.466838759150257 ], [ 0.012675112372158, 51.467396964895386 ], [ 0.01306254400197, 51.468146353341425 ], [ 0.012584490288284, 51.46980817646277 ], [ 0.016517892603921, 51.469128630475467 ], [ 0.014975591682225, 51.473080550757111 ], [ 0.017937300172886, 51.473829612208164 ], [ -0.000923671765566, 51.471802847777163 ], [ -0.008255333872741, 51.472759847912428 ], [ -0.012589194853751, 51.472342995466477 ], [ -0.014071296798909, 51.472670731482388 ], [ -0.015172511654523, 51.471749302046284 ], [ -0.01313173820812, 51.468939309849645 ], [ -0.015087314903244, 51.46804433541115 ], [ -0.016587526563802, 51.46926015911972 ], [ -0.019139634495278, 51.470008569961728 ], [ -0.019270452515739, 51.470506445652063 ], [ -0.018684557092127, 51.470686147138387 ], [ -0.019327288416548, 51.472035959215404 ], [ -0.020337782355801, 51.472305313587512 ], [ -0.019998917457497, 51.473001588788861 ], [ -0.022817943934667, 51.474466060259552 ], [ -0.022886815519677, 51.47531176368674 ], [ -0.021193255836529, 51.475262593397304 ], [ -0.020584991630867, 51.475658346266975 ], [ -0.020501493459255, 51.47658246515379 ], [ -0.019026968218407, 51.477048652547964 ], [ -0.019102074932718, 51.478210159483638 ], [ -0.018397442759026, 51.479365954504807 ], [ -0.016857880224321, 51.480097109839143 ], [ -0.01574053026457, 51.481637638695553 ], [ -0.015014131517237, 51.481746196380165 ], [ -0.017935568541907, 51.48254745201168 ], [ -0.017925182984062, 51.483194849263008 ], [ -0.01116005916601, 51.483020798777552 ], [ -0.009960302746839, 51.483603223147384 ], [ -0.007282401375396, 51.48377419708207 ], [ -0.003294148724424, 51.484863710340278 ], [ 0.001349773738062, 51.487814181889448 ], [ 0.002376255554456, 51.48952775389612 ], [ 0.002660904764238, 51.491865043354508 ], [ 0.002343462956226, 51.492987358374485 ], [ 0.001927479123441, 51.49291307697424 ], [ 0.000964497552046, 51.494411060950597 ], [ 0.001000233613207, 51.495154030524269 ], [ -0.000240838699663, 51.495228375614261 ], [ -0.001004615310795, 51.496276907181127 ], [ -0.002213100022131, 51.499841071925864 ], [ -0.002255796481172, 51.501269838163942 ], [ -0.001547089783069, 51.50202951528162 ], [ -0.002079923694961, 51.502115212018005 ], [ -0.00176889902091, 51.502841737504376 ], [ 0.000793955040551, 51.504530750909879 ], [ 0.00323118751364, 51.50493814870191 ], [ 0.00511968026049, 51.504395629249757 ], [ 0.013855089876869, 51.496994495442706 ], [ 0.01793423659463, 51.49504794990424 ], [ 0.021471058998304, 51.494471659252817 ], [ 0.02154598820049, 51.493951037594528 ], [ 0.022130444386826, 51.494282288232007 ], [ 0.024266528352547, 51.493819123408969 ], [ 0.02901747482286, 51.493846893084957 ], [ 0.0402716454325, 51.495427513870347 ], [ 0.057542020473926, 51.4944413975687 ], [ 0.057754789557257, 51.494038025174682 ], [ 0.057990921612527, 51.494422099063698 ], [ 0.064138400536015, 51.494449566102482 ], [ 0.076218112052693, 51.495845803710807 ], [ 0.08228774904331, 51.498940814321855 ], [ 0.086636198126589, 51.503546421605471 ], [ 0.087617907646003, 51.503918337102277 ], [ 0.088005085335496, 51.505500470861669 ], [ 0.091957332955631, 51.508983087388444 ], [ 0.099431551774441, 51.509638638062555 ], [ 0.106858122312754, 51.509412824058252 ], [ 0.120188060202673, 51.511446963956786 ] ] ] ] } },
{ "type": "Feature", "properties": { "lad_code": "E09000012", "lad_name": "Hackney", "city": "london" }, "geometry": { "type": "Polygon", "coordinates": [ [ [ -0.061184162662563, 51.577784287214847 ], [ -0.058457955184291, 51.572563266812097 ], [ -0.056342123954081, 51.570709681415032 ], [ -0.054381285979018, 51.570283598953651 ], [ -0.053313600038875, 51.568657488098701 ], [ -0.051171145679324, 51.567727897787044 ], [ -0.046682897710869, 51.56437522888303 ], [ -0.047274732707039, 51.562704624749969 ], [ -0.045156507383854, 51.56178843740939 ], [ -0.04238964139476, 51.561366629216451 ], [ -0.040202948236186, 51.561781398928268 ], [ -0.038846908368869, 51.56115709436056 ], [ -0.036313915255028, 51.561473650079677 ], [ -0.033312738025494, 51.560618315513999 ], [ -0.030067109612775, 51.561357176817943 ], [ -0.028418101960798, 51.561018496558795 ], [ -0.025805870307525, 51.559873956528953 ], [ -0.02436638068232, 51.558637193589071 ], [ -0.023968472613492, 51.557367998639329 ], [ -0.018491944025459, 51.555182780307234 ], [ -0.017508956624302, 51.553339072720441 ], [ -0.017202113955522, 51.551575467217688 ], [ -0.019010981049971, 51.551594429782789 ], [ -0.018963366473712, 51.55053311869063 ], [ -0.017490912640712, 51.547596497118157 ], [ -0.016577425307221, 51.543328133122003 ], [ -0.025612221233443, 51.543337362502044 ], [ -0.029018689283761, 51.54227144976155 ], [ -0.029581144275754, 51.543089471446152 ], [ -0.033218693436491, 51.544684236437817 ], [ -0.037761106786115, 51.541797139731983 ], [ -0.03717121177957, 51.541415236010565 ], [ -0.041520994807535, 51.537441288610559 ], [ -0.044990605806498, 51.535780266830706 ], [ -0.047187085605035, 51.535447600213068 ], [ -0.050940179935688, 51.536460581688097 ], [ -0.052404125776455, 51.535929907595808 ], [ -0.052883669004772, 51.534937586026118 ], [ -0.054701288425754, 51.535154307647709 ], [ -0.058785042280676, 51.534103529688018 ], [ -0.060100426808771, 51.53419476574652 ], [ -0.062461477836593, 51.535531204615118 ], [ -0.062887255640053, 51.534917418346488 ], [ -0.062217193233186, 51.533257874883013 ], [ -0.065189246975509, 51.533153809188597 ], [ -0.066280338871306, 51.531218677949845 ], [ -0.072855179111341, 51.53065547084563 ], [ -0.07460206096314, 51.529850528104092 ], [ -0.075741919385421, 51.528356592933143 ], [ -0.077300037005022, 51.527303724563687 ], [ -0.076323676423031, 51.527140597260015 ], [ -0.076486462312501, 51.524316697995907 ], [ -0.075953899311416, 51.524337484163624 ], [ -0.075768209773259, 51.523679781878315 ], [ -0.076484769051064, 51.52204490486249 ], [ -0.078278511605203, 51.521900989673952 ], [ -0.078555499014267, 51.521510326631436 ], [ -0.081067167479437, 51.521971420903412 ], [ -0.081799444267129, 51.520743770207311 ], [ -0.083149570601927, 51.519849973159104 ], [ -0.08525887291603, 51.520346719725325 ], [ -0.084240485808252, 51.523928303358787 ], [ -0.085227802046165, 51.523942792623821 ], [ -0.08548990890011, 51.524536928725439 ], [ -0.084771652176394, 51.525427480170762 ], [ -0.085036151341596, 51.526235880402268 ], [ -0.087003085522731, 51.525765992250015 ], [ -0.088757693669594, 51.527450700334931 ], [ -0.095399355314727, 51.529204092349694 ], [ -0.095130304522061, 51.530082177323031 ], [ -0.09705861162274, 51.533001339568791 ], [ -0.086589963087417, 51.537300395707739 ], [ -0.083602995772281, 51.545171183619772 ], [ -0.083816183895643, 51.54658343172251 ], [ -0.076711972010268, 51.546084985693938 ], [ -0.0763527818967, 51.547201969321968 ], [ -0.07942557809986, 51.55167098447933 ], [ -0.085425076279731, 51.552132349014187 ], [ -0.087591456901733, 51.552842802011156 ], [ -0.08858065258982, 51.553938572845453 ], [ -0.090382597457579, 51.554149424994179 ], [ -0.090423267306642, 51.557572132127412 ], [ -0.091743118272141, 51.560199380747356 ], [ -0.096043134701794, 51.561213243460571 ], [ -0.098612033130911, 51.560811670126917 ], [ -0.10440003658846, 51.564764229012056 ], [ -0.096049248126003, 51.570653024714545 ], [ -0.097660771152242, 51.573643221006286 ], [ -0.086884207395254, 51.574297978314291 ], [ -0.087269035392513, 51.574695392390197 ], [ -0.08086404094869, 51.575637387689717 ], [ -0.076268301971292, 51.574933220788303 ], [ -0.075809290090369, 51.575491425487471 ], [ -0.06675513668566, 51.576341004155225 ], [ -0.061184162662563, 51.577784287214847 ] ] ] } },
{ "type": "Feature", "properties": { "lad_code": "E09000013", "lad_name": "Hammersmith and Fulham", "city": "london" }, "geometry": { "type": "Polygon", "coordinates": [ [ [ -0.234433719614757, 51.532636417621674 ], [ -0.228465011209001, 51.530317343465057 ], [ -0.228754412711694, 51.529903842762437 ], [ -0.227454179755506, 51.527994599749917 ], [ -0.227253579590929, 51.524775553941993 ], [ -0.22659206487263, 51.52462422513856 ], [ -0.226721021105104, 51.521937626245986 ], [ -0.228300951723887, 51.521093584297638 ], [ -0.222488345498544, 51.515405524324024 ], [ -0.219339825948049, 51.509552926415694 ], [ -0.217871665062699, 51.509751319074802 ], [ -0.21806723007611, 51.510222848740248 ], [ -0.217214178027833, 51.510397848828909 ], [ -0.216476320211283, 51.509111282134583 ], [ -0.2158378068567, 51.509152083237964 ], [ -0.215221813326875, 51.507650014751555 ], [ -0.216143127253463, 51.507519868795036 ], [ -0.215962553531454, 51.506399026798526 ], [ -0.21799922583496, 51.506141809466897 ], [ -0.213463805649584, 51.500176290058626 ], [ -0.210528370439779, 51.498345710251165 ], [ -0.207975178244363, 51.49603047236522 ], [ -0.207358678473614, 51.496151696326194 ], [ -0.203109293216346, 51.49337042292467 ], [ -0.201856788514519, 51.491844280944747 ], [ -0.202388409350708, 51.491660528350664 ], [ -0.197989935921139, 51.487906236105623 ], [ -0.196429043304888, 51.487185964860487 ], [ -0.195929926201248, 51.487369769597443 ], [ -0.193654169188959, 51.485889584988449 ], [ -0.183829783978542, 51.477432785970628 ], [ -0.184194278303127, 51.477178103324547 ], [ -0.179386952231086, 51.477622427391353 ], [ -0.18101317426311, 51.472599268913882 ], [ -0.18449641761955, 51.467682191281931 ], [ -0.186309516321342, 51.466527286150075 ], [ -0.190460622902585, 51.46526188289323 ], [ -0.194183017680734, 51.464839973500482 ], [ -0.202781274417223, 51.465338533445973 ], [ -0.210555748095805, 51.467136795522414 ], [ -0.210529436265417, 51.467735743522574 ], [ -0.21133130683242, 51.467406264431141 ], [ -0.216807314735495, 51.46960515673419 ], [ -0.222577756466674, 51.474744744343731 ], [ -0.223571424478388, 51.477392796517485 ], [ -0.224047891342437, 51.481698409793943 ], [ -0.22363993091543, 51.481893661537129 ], [ -0.228692139165073, 51.488825927649316 ], [ -0.234391711737691, 51.490410187245118 ], [ -0.240517065815474, 51.490098769363748 ], [ -0.244540195134291, 51.488701409117205 ], [ -0.244965279252742, 51.489000897630739 ], [ -0.245588900308478, 51.490051822111667 ], [ -0.244443161671434, 51.497937908811188 ], [ -0.245262017801001, 51.498305349284813 ], [ -0.249226228758883, 51.496948945198 ], [ -0.251313118220041, 51.499857360197545 ], [ -0.253063976494792, 51.501421312148835 ], [ -0.253387430021668, 51.502892259816321 ], [ -0.255087303550547, 51.504328179067997 ], [ -0.252549021134439, 51.504712520236822 ], [ -0.245697026770776, 51.504627475603542 ], [ -0.246490015570167, 51.506741903578913 ], [ -0.2451579686563, 51.50676841350856 ], [ -0.246458711346926, 51.510821041454747 ], [ -0.248994718155338, 51.513889294102235 ], [ -0.250713712793649, 51.519199196161274 ], [ -0.250342552651914, 51.520183804659155 ], [ -0.251791506332165, 51.522115621842701 ], [ -0.25256189638589, 51.524985299611203 ], [ -0.25035503920763, 51.527058319634385 ], [ -0.250579486869175, 51.527809948679824 ], [ -0.249894403894525, 51.528868429303287 ], [ -0.247023565408185, 51.530687179546334 ], [ -0.245414764517749, 51.531040339921539 ], [ -0.246999658483841, 51.531775867595115 ], [ -0.246305425935052, 51.53273576026524 ], [ -0.243259938667199, 51.531763084779712 ], [ -0.237552749406893, 51.532003203387276 ], [ -0.234433719614757, 51.532636417621674 ] ] ] } },
{ "type": "Feature", "properties": { "lad_code": "E09000014", "lad_name": "Haringey", "city": "london" }, "geometry": { "type": "Polygon", "coordinates": [ [ [ -0.135226888081815, 51.611215594412187 ], [ -0.126345190963465, 51.609304212804027 ], [ -0.125392525524779, 51.61001783198806 ], [ -0.123512132579885, 51.608673126508329 ], [ -0.118755312454565, 51.608651427149084 ], [ -0.117498696250565, 51.608203394249294 ], [ -0.103934461626857, 51.60843796710752 ], [ -0.102539406798641, 51.608041683650377 ], [ -0.101783453426374, 51.608490023971058 ], [ -0.097491295302943, 51.608515083668003 ], [ -0.097687545157328, 51.608916165708081 ], [ -0.095789803759291, 51.609296796110527 ], [ -0.095183923803259, 51.608655730357881 ], [ -0.092491365433737, 51.609088629528543 ], [ -0.085626177553309, 51.608471135454721 ], [ -0.054535582033265, 51.608885724839176 ], [ -0.049764123404495, 51.60724014387749 ], [ -0.041416143533355, 51.605645362714512 ], [ -0.046057715266999, 51.60012039082028 ], [ -0.050428055120378, 51.596662546695555 ], [ -0.052314070474708, 51.593539466766799 ], [ -0.053557895828332, 51.590004293700311 ], [ -0.052182700910647, 51.587660004992529 ], [ -0.05486518677065, 51.58577888845263 ], [ -0.055761729570881, 51.584253415816214 ], [ -0.057857785227675, 51.582512847852769 ], [ -0.061968994290243, 51.580027826374632 ], [ -0.062210107379569, 51.579190286604351 ], [ -0.061184162662563, 51.577784287214847 ], [ -0.06675513668566, 51.576341004155225 ], [ -0.075809290090369, 51.575491425487471 ], [ -0.076268301971292, 51.574933220788303 ], [ -0.08086404094869, 51.575637387689717 ], [ -0.087269035392513, 51.574695392390197 ], [ -0.086884207395254, 51.574297978314291 ], [ -0.097660771152242, 51.573643221006286 ], [ -0.096049248126003, 51.570653024714545 ], [ -0.10440003658846, 51.564764229012056 ], [ -0.104910563811527, 51.564668869689484 ], [ -0.110716544755933, 51.568610301029011 ], [ -0.115045876699695, 51.570587286948118 ], [ -0.116106283275097, 51.572181703359711 ], [ -0.1155769431842, 51.572578607102812 ], [ -0.117577119533341, 51.574139306723843 ], [ -0.119580466354765, 51.574377760067563 ], [ -0.118902761742601, 51.574728133802104 ], [ -0.119560507449397, 51.575504075879401 ], [ -0.12488703568391, 51.574089449365147 ], [ -0.131164753155008, 51.57359027968851 ], [ -0.140657892790822, 51.569425735825995 ], [ -0.142421506517259, 51.56910334615759 ], [ -0.144407683093349, 51.570081732928379 ], [ -0.150172079194179, 51.571551313445937 ], [ -0.157761610065511, 51.572048416075141 ], [ -0.160502327210859, 51.57277680922676 ], [ -0.1645654999392, 51.572498016755922 ], [ -0.167312749242904, 51.572960326520082 ], [ -0.171257214655554, 51.572415734865778 ], [ -0.171224391611292, 51.573571264171527 ], [ -0.169469564488406, 51.573963473140068 ], [ -0.169730461712654, 51.576366964282506 ], [ -0.169339736952447, 51.577413654115318 ], [ -0.168088450137307, 51.576926424662908 ], [ -0.166838397139352, 51.578654073647371 ], [ -0.167061552893185, 51.58175275124762 ], [ -0.166215685564876, 51.58204168456119 ], [ -0.165746657897046, 51.583221368865935 ], [ -0.161365153948369, 51.585281499127198 ], [ -0.159642901919542, 51.584460258246587 ], [ -0.1579661634757, 51.585733340697494 ], [ -0.157922358858077, 51.586207273080788 ], [ -0.157156534313336, 51.586188744225375 ], [ -0.158705042358658, 51.586630701656176 ], [ -0.15865552468617, 51.587998900012451 ], [ -0.160259993681367, 51.587986565004329 ], [ -0.16018693227692, 51.589694951954847 ], [ -0.159781403847121, 51.589718274350261 ], [ -0.15945741649312, 51.591571244855501 ], [ -0.15871135848242, 51.591995758377884 ], [ -0.159716539825344, 51.592224551426206 ], [ -0.16178654925963, 51.597476116855944 ], [ -0.156366274048641, 51.605366154505624 ], [ -0.155888674702089, 51.605462723297293 ], [ -0.156108173462688, 51.605113305038863 ], [ -0.15343155350952, 51.602843687984773 ], [ -0.152971102467379, 51.599185411130222 ], [ -0.151356284619728, 51.597468380317018 ], [ -0.144495619646516, 51.600119040708606 ], [ -0.14419748065582, 51.6010933691066 ], [ -0.141998465373398, 51.603706034900391 ], [ -0.143172177591034, 51.606715479873969 ], [ -0.143450717153254, 51.608828304002266 ], [ -0.135226888081815, 51.611215594412187 ] ] ] } },
{ "type": "Feature", "properties": { "lad_code": "E09000015", "lad_name": "Harrow", "city": "london" }, "geometry": { "type": "Polygon", "coordinates": [ [ [ -0.305597595449886, 51.634117169794415 ], [ -0.304484713664622, 51.632030263544053 ], [ -0.287408640734706, 51.617013280733104 ], [ -0.28105364403138, 51.612269949050336 ], [ -0.267137467109445, 51.600369347583225 ], [ -0.271013117099552, 51.598381486587449 ], [ -0.273091514725005, 51.598384231546362 ], [ -0.276988443566407, 51.596934898238445 ], [ -0.276534410646953, 51.596507542225524 ], [ -0.28337718304608, 51.595740621231663 ], [ -0.290429559141333, 51.593541684924418 ], [ -0.285663246834773, 51.591894596984915 ], [ -0.28422126843008, 51.590493401364235 ], [ -0.282357753945375, 51.58583779672626 ], [ -0.282481780772334, 51.585049561799472 ], [ -0.301470648717527, 51.587269454089629 ], [ -0.304719876202993, 51.587050542826503 ], [ -0.312555365981771, 51.584450663289452 ], [ -0.32022236041672, 51.580373035815306 ], [ -0.326656641077244, 51.578598881435468 ], [ -0.325374835405432, 51.575933832501399 ], [ -0.324827005192087, 51.57331249296405 ], [ -0.322170500725919, 51.569675140146813 ], [ -0.325073581332459, 51.568257366380692 ], [ -0.329871419585137, 51.567126442077722 ], [ -0.32971149938261, 51.566190951025746 ], [ -0.328694214064921, 51.565973196020785 ], [ -0.328259259631171, 51.562538842171307 ], [ -0.330064526802864, 51.562229675920882 ], [ -0.331286961970123, 51.561412594109072 ], [ -0.334056919215826, 51.558753024719451 ], [ -0.333952348238261, 51.557696604542883 ], [ -0.334879194679081, 51.557864783011446 ], [ -0.335577713879595, 51.556555372567047 ], [ -0.343627444864133, 51.557715570220296 ], [ -0.347570720499032, 51.559655957753208 ], [ -0.362321804650686, 51.557247182187311 ], [ -0.362541115648908, 51.556042023901199 ], [ -0.372885097835203, 51.553747766322338 ], [ -0.373364202001991, 51.554095347269282 ], [ -0.375902722896863, 51.55308355509365 ], [ -0.377864531111118, 51.55497597630314 ], [ -0.380262200997011, 51.559046510534529 ], [ -0.380443578567841, 51.560855583162251 ], [ -0.382353573052157, 51.562878377182891 ], [ -0.381913441434731, 51.563075360631792 ], [ -0.382420692263728, 51.563599734003617 ], [ -0.382379785057235, 51.564829476837808 ], [ -0.383317219083738, 51.56727846076847 ], [ -0.386497015246448, 51.571551749443501 ], [ -0.385672771595479, 51.572131919593893 ], [ -0.38809661900735, 51.574989970764925 ], [ -0.38755748339011, 51.575250883419272 ], [ -0.388566132251991, 51.577683761627249 ], [ -0.391585238525606, 51.58155693803802 ], [ -0.390999753180743, 51.581695646800391 ], [ -0.391065570918379, 51.583046144414482 ], [ -0.392006395652282, 51.588271963759105 ], [ -0.394480934702282, 51.590417900984008 ], [ -0.395512112422677, 51.590191315399004 ], [ -0.39555432274668, 51.591881910826544 ], [ -0.396523384884534, 51.595050003967522 ], [ -0.397717709306926, 51.596878008222049 ], [ -0.400356088316486, 51.597413346990884 ], [ -0.39994802241366, 51.598176071225211 ], [ -0.401193859534023, 51.599557556504848 ], [ -0.402359413388818, 51.601936754587875 ], [ -0.402499635567629, 51.605187155857941 ], [ -0.401782107861474, 51.606616483514124 ], [ -0.403237421721038, 51.609095641036021 ], [ -0.404025708289282, 51.613180448333353 ], [ -0.39948699318686, 51.613403945735527 ], [ -0.392700940456832, 51.615178896728445 ], [ -0.385894078064244, 51.615816536953588 ], [ -0.382048400429528, 51.617419112275485 ], [ -0.375861877766425, 51.618184280133221 ], [ -0.365559457307127, 51.621330667324216 ], [ -0.359701508226305, 51.625258574737437 ], [ -0.34924561095272, 51.626905895083524 ], [ -0.339913260097627, 51.630720097833319 ], [ -0.338307445147221, 51.629469049758562 ], [ -0.332995175939113, 51.633832250219697 ], [ -0.326570094152941, 51.636715409228543 ], [ -0.319816691992216, 51.638216951266685 ], [ -0.316696177913621, 51.640531748206072 ], [ -0.305401077319425, 51.63710426797968 ], [ -0.304473925313967, 51.636345154240125 ], [ -0.305597595449886, 51.634117169794415 ] ] ] } },
{ "type": "Feature", "properties": { "lad_code": "E09000016", "lad_name": "Havering", "city": "london" }, "geometry": { "type": "Polygon", "coordinates": [ [ [ 0.224060103834935, 51.631734484880809 ], [ 0.237324100049492, 51.624070490125227 ], [ 0.252767826813711, 51.617426149672326 ], [ 0.25766565239195, 51.614180036411298 ], [ 0.259023066359707, 51.612281594758507 ], [ 0.264535608722773, 51.608318330101412 ], [ 0.263089094711544, 51.607317380213146 ], [ 0.261650470394997, 51.607458481644066 ], [ 0.258053120157318, 51.606505194866841 ], [ 0.257972513529353, 51.604909615440818 ], [ 0.257129780788184, 51.604923130125691 ], [ 0.256599270623759, 51.603604203758216 ], [ 0.254669966178643, 51.602729398588181 ], [ 0.253982650927419, 51.601596066708929 ], [ 0.257887319427238, 51.601272781482791 ], [ 0.264619518661223, 51.599738348218075 ], [ 0.269839485071624, 51.599552153552224 ], [ 0.27028835221387, 51.597547312302424 ], [ 0.269306398147521, 51.595295683605713 ], [ 0.269851840077523, 51.59246470860792 ], [ 0.272068862304958, 51.587655972214272 ], [ 0.27378317355555, 51.586811511443422 ], [ 0.281938541354915, 51.578893977816008 ], [ 0.284997352662733, 51.574181754481721 ], [ 0.286641097218566, 51.573564826186605 ], [ 0.287096030407941, 51.57270805587229 ], [ 0.286659267481172, 51.571551486226149 ], [ 0.290261785565771, 51.564297605781995 ], [ 0.313006951132691, 51.565816304066345 ], [ 0.315266604254644, 51.557833606273746 ], [ 0.318407053864776, 51.556778763550085 ], [ 0.31886861753094, 51.555189565313512 ], [ 0.322025075455724, 51.554197240211067 ], [ 0.322277486160347, 51.552780288487803 ], [ 0.325129111000446, 51.55305662562683 ], [ 0.327787666145767, 51.550992995061584 ], [ 0.327950414339021, 51.548559815899473 ], [ 0.329439398953042, 51.546562594624852 ], [ 0.328871513955401, 51.545835571811324 ], [ 0.331416844222275, 51.545941440716831 ], [ 0.333874065180728, 51.54249227427907 ], [ 0.333304726743525, 51.541260753398873 ], [ 0.333813196966808, 51.541163429181012 ], [ 0.333995664566257, 51.540502411904939 ], [ 0.331400865036491, 51.540044078112452 ], [ 0.331561868864081, 51.540795450201578 ], [ 0.322413038019799, 51.540516469288086 ], [ 0.300694645116118, 51.538754691703986 ], [ 0.300830595031488, 51.538133301020544 ], [ 0.297177011508434, 51.537660903590101 ], [ 0.297726693365, 51.53531729095485 ], [ 0.281733913731754, 51.533940658232332 ], [ 0.276312055580132, 51.53292724321097 ], [ 0.270678159979361, 51.53309228404116 ], [ 0.265319228072895, 51.532149068662768 ], [ 0.265358622991462, 51.524954795087055 ], [ 0.266723435864654, 51.524512077260489 ], [ 0.26661007793296, 51.522954876558167 ], [ 0.264981230577178, 51.52290003883202 ], [ 0.264007384925779, 51.521083355536923 ], [ 0.263654822492212, 51.51786888694987 ], [ 0.260275037978416, 51.518370203787875 ], [ 0.258900088050027, 51.517762691287963 ], [ 0.25380630217704, 51.517884973617662 ], [ 0.252304850436741, 51.524788973792134 ], [ 0.251508232608796, 51.525969787328947 ], [ 0.250824109236735, 51.528817505798429 ], [ 0.248936851745732, 51.528672912659481 ], [ 0.248854315543893, 51.527408287291969 ], [ 0.248263022310849, 51.527550074263957 ], [ 0.24629676067791, 51.526531018542734 ], [ 0.247062097462913, 51.525091018380785 ], [ 0.245809562651641, 51.523515167225653 ], [ 0.242828081438654, 51.524391429098173 ], [ 0.241010421470346, 51.522605080642144 ], [ 0.240696667020242, 51.521206414986082 ], [ 0.244271556545862, 51.52047078943027 ], [ 0.244637727222164, 51.520149026975609 ], [ 0.244200547135559, 51.519759028958838 ], [ 0.244877881965517, 51.51875855792288 ], [ 0.243908599231752, 51.518336488066858 ], [ 0.240167357370359, 51.519350478600401 ], [ 0.237148082828665, 51.519333494304483 ], [ 0.241114388834064, 51.513742327226069 ], [ 0.239946252608784, 51.513052424633166 ], [ 0.240278895054886, 51.51075468352979 ], [ 0.241474241722847, 51.510620269385186 ], [ 0.241891270792385, 51.507959404166996 ], [ 0.239970842792433, 51.507706522864197 ], [ 0.239818637311267, 51.507277799778372 ], [ 0.233413549853787, 51.506669678033553 ], [ 0.226568966248305, 51.506562406296503 ], [ 0.225992427685494, 51.505879113284806 ], [ 0.229936977096054, 51.499365232369954 ], [ 0.22433217078274, 51.497325049339317 ], [ 0.223578076409272, 51.497905928453392 ], [ 0.221625413682759, 51.497809793962134 ], [ 0.214128144842486, 51.496038809152118 ], [ 0.213515124571771, 51.495012621267357 ], [ 0.213045871365872, 51.495021479086532 ], [ 0.211903953147794, 51.491043826156421 ], [ 0.209612231358051, 51.489768681851459 ], [ 0.208846113206493, 51.489863155014618 ], [ 0.209285186338924, 51.490423238395486 ], [ 0.208338284360304, 51.489668580550287 ], [ 0.201018369578701, 51.489147937563814 ], [ 0.196286225817861, 51.488157521481718 ], [ 0.187630310448242, 51.487884987839678 ], [ 0.187454444919127, 51.488574431071839 ], [ 0.184758952026532, 51.490706555886327 ], [ 0.183838339355126, 51.492241714729808 ], [ 0.183287682488427, 51.495369820453718 ], [ 0.182463233142969, 51.49652322453602 ], [ 0.183723013999152, 51.497153105898136 ], [ 0.182840002777347, 51.497910564969686 ], [ 0.182894728649121, 51.498648764955952 ], [ 0.182235960798135, 51.499094486114217 ], [ 0.182486812996575, 51.499399174002868 ], [ 0.180151832620985, 51.501359003149055 ], [ 0.180243213804158, 51.502171613099073 ], [ 0.178501680682601, 51.50527338818123 ], [ 0.174074636481887, 51.507992414659363 ], [ 0.166173295185882, 51.510673193375816 ], [ 0.164973509351721, 51.511648865427553 ], [ 0.159910136029159, 51.511762467225253 ], [ 0.159554594667196, 51.512414389137845 ], [ 0.158727706097627, 51.512264340529924 ], [ 0.159584631362526, 51.515770136013231 ], [ 0.164420633420333, 51.52701339701553 ], [ 0.165934568216722, 51.528792421240261 ], [ 0.170761499850919, 51.532633037031225 ], [ 0.172467245389702, 51.535776171324038 ], [ 0.175045004509939, 51.538511704222174 ], [ 0.179204174626856, 51.540289530351707 ], [ 0.18034949217764, 51.544095237700198 ], [ 0.182576356676314, 51.545833022377629 ], [ 0.185985648417565, 51.547534404563812 ], [ 0.18746528448688, 51.55019655361351 ], [ 0.189570388145473, 51.551455451522145 ], [ 0.190141279487205, 51.552719209543149 ], [ 0.187853352007435, 51.55409231869411 ], [ 0.186908699130556, 51.555781441171106 ], [ 0.18473102673625, 51.556407185697338 ], [ 0.185012057110079, 51.556789831477587 ], [ 0.18438543658247, 51.557651511791022 ], [ 0.184764235817734, 51.559873699529192 ], [ 0.182638195353686, 51.561240843424834 ], [ 0.18396708417362, 51.563850008960351 ], [ 0.185151861932519, 51.564749550553628 ], [ 0.185153077473498, 51.565511122877105 ], [ 0.183453873223856, 51.564630880402198 ], [ 0.17337398092402, 51.565091163302114 ], [ 0.161866410329799, 51.561615154793323 ], [ 0.151283458359526, 51.568082719255976 ], [ 0.150387732425795, 51.567840203248323 ], [ 0.148709487110085, 51.568636152880373 ], [ 0.146676716211701, 51.568795161812432 ], [ 0.146647939000764, 51.56942953052986 ], [ 0.149709061291466, 51.569708729956673 ], [ 0.14896125054852, 51.573147573151694 ], [ 0.147917723358774, 51.573122727209302 ], [ 0.148012224056353, 51.575790581738239 ], [ 0.146985498818607, 51.575706095046449 ], [ 0.147425188032892, 51.580810882342369 ], [ 0.148536964914893, 51.58077330810795 ], [ 0.150946760903393, 51.583826824809201 ], [ 0.151249577935307, 51.589881635776543 ], [ 0.150592202929347, 51.591372357278601 ], [ 0.151110548195366, 51.595449118452031 ], [ 0.149852798308431, 51.59700949991467 ], [ 0.148039003881448, 51.596354277135823 ], [ 0.148125975055566, 51.596774402994562 ], [ 0.147622004686246, 51.59679219258377 ], [ 0.149482897691669, 51.6029019809583 ], [ 0.148591029514835, 51.604438144646629 ], [ 0.148674780056306, 51.60869541647596 ], [ 0.147513245324627, 51.612220985545648 ], [ 0.145486120003125, 51.614532170945857 ], [ 0.144346981558852, 51.616802580738401 ], [ 0.138156925499342, 51.623542982905924 ], [ 0.15551754755162, 51.623337837982625 ], [ 0.165813238743139, 51.622376692027501 ], [ 0.168873736465759, 51.621417386967885 ], [ 0.175276257294083, 51.623584840300488 ], [ 0.180369558007743, 51.624469639933466 ], [ 0.180584749410326, 51.625732719419901 ], [ 0.181210357308474, 51.625823583467401 ], [ 0.182757279993222, 51.625722906104826 ], [ 0.185904172301849, 51.62437029680796 ], [ 0.186241071774345, 51.624556502602722 ], [ 0.185969412229331, 51.625519287209066 ], [ 0.188343842287545, 51.625410223853478 ], [ 0.189372859197655, 51.624487340583762 ], [ 0.189786824904467, 51.625101020731194 ], [ 0.194747391385363, 51.625711586063844 ], [ 0.200283916474497, 51.624932588596238 ], [ 0.203586630194007, 51.625170095942799 ], [ 0.20846916900374, 51.62668452716801 ], [ 0.21222359980055, 51.626976131555082 ], [ 0.21751951778939, 51.629090225630087 ], [ 0.222049430608932, 51.630123215532905 ], [ 0.224060103834935, 51.631734484880809 ] ] ] } },
{ "type": "Feature", "properties": { "lad_code": "E09000017", "lad_name": "Hillingdon", "city": "london" }, "geometry": { "type": "Polygon", "coordinates": [ [ [ -0.497148736009689, 51.631676081033518 ], [ -0.493501997603352, 51.630558406818302 ], [ -0.4915475810757, 51.630761711599249 ], [ -0.488199049215083, 51.626959999052502 ], [ -0.476716312871738, 51.621887303372404 ], [ -0.469171925495956, 51.616839347760155 ], [ -0.457151902980349, 51.612291194492769 ], [ -0.448899893381503, 51.615322478574008 ], [ -0.445569618954157, 51.61962160264487 ], [ -0.443277038820868, 51.619499534603065 ], [ -0.440596643610255, 51.620069943858333 ], [ -0.438303615383129, 51.619919006319542 ], [ -0.426502884744768, 51.617003562036743 ], [ -0.416638847601107, 51.616421380435234 ], [ -0.411022407027052, 51.613788166029117 ], [ -0.404025708289282, 51.613180448333353 ], [ -0.403237421721038, 51.609095641036021 ], [ -0.401782107861474, 51.606616483514124 ], [ -0.402499635567629, 51.605187155857941 ], [ -0.402359413388818, 51.601936754587875 ], [ -0.401193859534023, 51.599557556504848 ], [ -0.39994802241366, 51.598176071225211 ], [ -0.400356088316486, 51.597413346990884 ], [ -0.397717709306926, 51.596878008222049 ], [ -0.396523384884534, 51.595050003967522 ], [ -0.39555432274668, 51.591881910826544 ], [ -0.395512112422677, 51.590191315399004 ], [ -0.394480934702282, 51.590417900984008 ], [ -0.392006395652282, 51.588271963759105 ], [ -0.391065570918379, 51.583046144414482 ], [ -0.390999753180743, 51.581695646800391 ], [ -0.391585238525606, 51.58155693803802 ], [ -0.388566132251991, 51.577683761627249 ], [ -0.38755748339011, 51.575250883419272 ], [ -0.38809661900735, 51.574989970764925 ], [ -0.385672771595479, 51.572131919593893 ], [ -0.386497015246448, 51.571551749443501 ], [ -0.383317219083738, 51.56727846076847 ], [ -0.382379785057235, 51.564829476837808 ], [ -0.382420692263728, 51.563599734003617 ], [ -0.381913441434731, 51.563075360631792 ], [ -0.382353573052157, 51.562878377182891 ], [ -0.380443578567841, 51.560855583162251 ], [ -0.380262200997011, 51.559046510534529 ], [ -0.377677572609456, 51.554698484083971 ], [ -0.385056806196369, 51.551257576880438 ], [ -0.39281724241866, 51.548967874879793 ], [ -0.394967791190413, 51.548730195375676 ], [ -0.394900060584774, 51.547645507293794 ], [ -0.39872693384625, 51.547896253522765 ], [ -0.397911198205777, 51.545665844503105 ], [ -0.396365177370166, 51.54570298950663 ], [ -0.395306368279106, 51.542550592344092 ], [ -0.405029377503509, 51.542488969686481 ], [ -0.416776525898667, 51.54015813631986 ], [ -0.419422983235029, 51.54038894767794 ], [ -0.419433980096065, 51.539932111800425 ], [ -0.418180323070834, 51.53915291859267 ], [ -0.41956846356381, 51.538705105063869 ], [ -0.419429705605192, 51.538290290013251 ], [ -0.417510192750451, 51.537837594676006 ], [ -0.417451629220689, 51.536645054208527 ], [ -0.415326615051501, 51.536555490016028 ], [ -0.413840252321418, 51.535742759025553 ], [ -0.41350786210324, 51.534710949876391 ], [ -0.411865978427159, 51.534071750642987 ], [ -0.411070092847035, 51.534289124284911 ], [ -0.392669897254342, 51.531447872971093 ], [ -0.389297304498954, 51.530801759230158 ], [ -0.387136327305186, 51.529573275550277 ], [ -0.386663917580241, 51.530398217657762 ], [ -0.376393161695312, 51.528883965190012 ], [ -0.376166809734203, 51.524944301874001 ], [ -0.381809894200636, 51.518619601487941 ], [ -0.384968839576756, 51.51637288213724 ], [ -0.389137002824232, 51.514664328894668 ], [ -0.390442917631498, 51.513203717983018 ], [ -0.393534193324886, 51.507010919360674 ], [ -0.402879548743181, 51.503581010357379 ], [ -0.406938847576804, 51.499665639731269 ], [ -0.40924157123083, 51.500328776369138 ], [ -0.409658337137038, 51.499935133067176 ], [ -0.410844649399886, 51.497738705887969 ], [ -0.410558855465524, 51.496206131256599 ], [ -0.411450042897086, 51.494857709113866 ], [ -0.412651011015492, 51.488527657568739 ], [ -0.413335421312142, 51.487223898895863 ], [ -0.413948585074706, 51.487219673849488 ], [ -0.414557879574708, 51.486442457836397 ], [ -0.413992900015991, 51.486077059074518 ], [ -0.416940872839441, 51.482462577225093 ], [ -0.416422654111045, 51.482108391407081 ], [ -0.416767312256261, 51.480570967792559 ], [ -0.414911534455317, 51.476908408305981 ], [ -0.415795587326598, 51.473938398670917 ], [ -0.411384218217535, 51.470498267268077 ], [ -0.411152535690529, 51.46988747762488 ], [ -0.420229910392087, 51.467142099418403 ], [ -0.420302830137146, 51.46678134231189 ], [ -0.421945468714821, 51.466624083293176 ], [ -0.433617584387925, 51.461717774969749 ], [ -0.436600143593145, 51.457851534085151 ], [ -0.435018117913647, 51.456883837258047 ], [ -0.44144485904328, 51.456777627258511 ], [ -0.443970514574343, 51.453290728194155 ], [ -0.449143497209671, 51.453805774178761 ], [ -0.453803561040982, 51.454853441346621 ], [ -0.45397053214532, 51.455451942444043 ], [ -0.455442382599462, 51.455623819799996 ], [ -0.455756602178835, 51.455232247116385 ], [ -0.461133656022943, 51.457174183821877 ], [ -0.473637575627708, 51.458576305218109 ], [ -0.476074042951677, 51.460081824178083 ], [ -0.476501049067286, 51.460594534986789 ], [ -0.47593236123225, 51.460791717938953 ], [ -0.47717395178638, 51.461374809500875 ], [ -0.486219412751582, 51.461366044183293 ], [ -0.489637046382011, 51.461794982881507 ], [ -0.492173770223725, 51.462987626130769 ], [ -0.493885611313863, 51.462762789945742 ], [ -0.496960604597186, 51.465848806140002 ], [ -0.501035045568771, 51.467313635648239 ], [ -0.506399609971693, 51.467751037447911 ], [ -0.507314571754154, 51.466942779582808 ], [ -0.510260315924515, 51.467499539131644 ], [ -0.509826504415733, 51.469206409923068 ], [ -0.508517970783868, 51.469417570599418 ], [ -0.505961474322805, 51.472477781108047 ], [ -0.503514086080191, 51.480518885915004 ], [ -0.501974275877648, 51.482856931409884 ], [ -0.49871891504093, 51.486078620522655 ], [ -0.499015995184551, 51.486723561423766 ], [ -0.499695124299885, 51.486832934608394 ], [ -0.499043623805357, 51.487856873963175 ], [ -0.499188403553792, 51.488579872814476 ], [ -0.498326792397122, 51.488453776634124 ], [ -0.497997326020079, 51.488881148722058 ], [ -0.498648986561313, 51.48926004364192 ], [ -0.496670004838098, 51.48982549046832 ], [ -0.496780819189958, 51.490486027955932 ], [ -0.494961579670624, 51.491315989320256 ], [ -0.495368222650645, 51.492045139395977 ], [ -0.494849746200021, 51.492656251618122 ], [ -0.491464114537799, 51.493062324624475 ], [ -0.489646929742878, 51.495524380613737 ], [ -0.488722367774183, 51.495972870368341 ], [ -0.489044368731631, 51.497366308979643 ], [ -0.489526359557232, 51.497559554118212 ], [ -0.488872412705728, 51.498558253486642 ], [ -0.48978456340901, 51.498988137249214 ], [ -0.488779338605227, 51.500196326037681 ], [ -0.48751625289584, 51.500357191210369 ], [ -0.487255441873437, 51.500967543049917 ], [ -0.486282827078626, 51.500861926311273 ], [ -0.486317557893642, 51.501770583144499 ], [ -0.484713113536166, 51.503599105536807 ], [ -0.48531163514831, 51.50401642892222 ], [ -0.484915858492119, 51.504371903183255 ], [ -0.485115779002379, 51.505164896234703 ], [ -0.483970266956754, 51.505686029380726 ], [ -0.48328660444943, 51.50663935255924 ], [ -0.483288478857799, 51.507212177348968 ], [ -0.484044373179578, 51.507686393703828 ], [ -0.483611292030693, 51.508079148495966 ], [ -0.485874293913753, 51.509841618879975 ], [ -0.485556163399538, 51.510026319411722 ], [ -0.489806753705948, 51.511525294563775 ], [ -0.48994170868177, 51.513412684765953 ], [ -0.489581118819593, 51.514076147017683 ], [ -0.491219616377162, 51.515255448084204 ], [ -0.492350070675529, 51.517075536852495 ], [ -0.491651460391954, 51.518895572048699 ], [ -0.490387146232878, 51.520167873105436 ], [ -0.491193639695368, 51.521278031212056 ], [ -0.490542656029063, 51.522480910500477 ], [ -0.490277150956057, 51.524583386808906 ], [ -0.490839918102651, 51.526442116110417 ], [ -0.489476225665581, 51.527617838966023 ], [ -0.488994332011077, 51.529087067373325 ], [ -0.489907669381824, 51.530435233988015 ], [ -0.490149230822093, 51.532069496066086 ], [ -0.491209554218546, 51.533271013864436 ], [ -0.490502581358157, 51.534155750711747 ], [ -0.49334953609539, 51.535835182188805 ], [ -0.495510466471403, 51.538427445318824 ], [ -0.493605703204145, 51.541003586636485 ], [ -0.491827633156455, 51.541571447216633 ], [ -0.492118901273684, 51.542446545073084 ], [ -0.490802971408363, 51.545040094154054 ], [ -0.491585278575607, 51.54532703287672 ], [ -0.491413431936826, 51.54607571847778 ], [ -0.489332265407595, 51.546381644274788 ], [ -0.489535115705738, 51.547179109345478 ], [ -0.488169824603077, 51.547428605244725 ], [ -0.486618074089451, 51.550032553946224 ], [ -0.484248722413058, 51.551453241325163 ], [ -0.482685863340593, 51.551520330198947 ], [ -0.478903103196313, 51.554834337215688 ], [ -0.477805297424969, 51.554836282144102 ], [ -0.476616826090796, 51.55802921990761 ], [ -0.477539928027419, 51.560280307362035 ], [ -0.481061735094692, 51.560703594358074 ], [ -0.480773380401262, 51.561778873082183 ], [ -0.482814779790624, 51.562819568864505 ], [ -0.48226628077718, 51.563913150996576 ], [ -0.483242600141682, 51.565137918961128 ], [ -0.482599866171039, 51.565723995468659 ], [ -0.48478362785177, 51.566868976751429 ], [ -0.484033919492479, 51.571193490317832 ], [ -0.485082287825312, 51.572296913304839 ], [ -0.485554906801815, 51.573838777107362 ], [ -0.48404733843804, 51.575125037916251 ], [ -0.488081387697806, 51.576455738284636 ], [ -0.488141851840618, 51.57693934194296 ], [ -0.488956466417644, 51.577269048559515 ], [ -0.489487142672203, 51.578152624338983 ], [ -0.488574101367784, 51.579616492719119 ], [ -0.489624009491805, 51.581770132503017 ], [ -0.49484626887575, 51.584774885045192 ], [ -0.494962515541257, 51.586544243093073 ], [ -0.495762236226236, 51.588113626613392 ], [ -0.497230450590632, 51.58933648085857 ], [ -0.497933335914518, 51.59095863439655 ], [ -0.498843026524115, 51.591215773675721 ], [ -0.498641477691995, 51.591899271176871 ], [ -0.499563265373386, 51.592140378305757 ], [ -0.498803439113582, 51.593073925643111 ], [ -0.498589442628542, 51.594441540231202 ], [ -0.499422548303929, 51.595312752563331 ], [ -0.500848224940034, 51.600247822677268 ], [ -0.500190798188917, 51.60122584848925 ], [ -0.497406250185424, 51.600956897162533 ], [ -0.496278607567018, 51.602441426356499 ], [ -0.497131343608102, 51.603160916490047 ], [ -0.497221382326827, 51.604807606399987 ], [ -0.4985831177918, 51.608309880441801 ], [ -0.499235902250005, 51.608878428605337 ], [ -0.498398556485354, 51.609399778039091 ], [ -0.498960390206969, 51.611062389345975 ], [ -0.497796397027555, 51.614429390201451 ], [ -0.49705465722118, 51.614873093623295 ], [ -0.495342961115818, 51.618934701608495 ], [ -0.496889607978078, 51.620520916205784 ], [ -0.499132077714458, 51.621029954854798 ], [ -0.500169683392434, 51.622069018931477 ], [ -0.500068399705524, 51.623651212265713 ], [ -0.498391307340132, 51.624741184205888 ], [ -0.497656209977609, 51.626614700455441 ], [ -0.50016838530836, 51.628636739790238 ], [ -0.499282679813068, 51.630476853105229 ], [ -0.497148736009689, 51.631676081033518 ] ] ] } },
{ "type": "Feature", "properties": { "lad_code": "E09000018", "lad_name": "Hounslow", "city": "london" }, "geometry": { "type": "MultiPolygon", "coordinates": [ [ [ [ -0.326415232589135, 51.460891401244666 ], [ -0.326415652489706, 51.460885864336291 ], [ -0.32645377280212, 51.460919581337883 ], [ -0.326415232589135, 51.460891401244666 ] ] ], [ [ [ -0.323708023443954, 51.465117756784352 ], [ -0.324361762716713, 51.464566928342244 ], [ -0.324011245207251, 51.464982099005972 ], [ -0.323708023443954, 51.465117756784352 ] ] ], [ [ [ -0.321758110404683, 51.465363079930611 ], [ -0.32259715759337, 51.465341547431194 ], [ -0.321759643509638, 51.465364574825422 ], [ -0.321758110404683, 51.465363079930611 ] ] ], [ [ [ -0.319798070738346, 51.470680630031232 ], [ -0.320929464562706, 51.465982584795626 ], [ -0.321322146799332, 51.466874855631467 ], [ -0.321241541270749, 51.469561521968181 ], [ -0.319798070738346, 51.470680630031232 ] ] ], [ [ [ -0.297691065325273, 51.48522197421017 ], [ -0.298590711203176, 51.484112040985735 ], [ -0.299061191496758, 51.48466695122044 ], [ -0.298673279401723, 51.484514946234562 ], [ -0.297691065325273, 51.48522197421017 ] ] ], [ [ [ -0.280448710332194, 51.48479611832532 ], [ -0.280821663113358, 51.484721576665883 ], [ -0.281821856039272, 51.485354915479654 ], [ -0.280448710332194, 51.48479611832532 ] ] ], [ [ [ -0.244802503452163, 51.487999859853495 ], [ -0.247589423171902, 51.48654070349501 ], [ -0.244501046050957, 51.488273213461007 ], [ -0.244802503452163, 51.487999859853495 ] ] ], [ [ [ -0.280795052360512, 51.502846629194885 ], [ -0.277425027702154, 51.499085619753274 ], [ -0.272424375085285, 51.496155397474048 ], [ -0.271325720498312, 51.494800566819308 ], [ -0.269083737897914, 51.494025534542025 ], [ -0.255445051227695, 51.494977464633884 ], [ -0.255629348273087, 51.496032457513159 ], [ -0.252794629639527, 51.499887504808562 ], [ -0.253063976494792, 51.501421312148835 ], [ -0.251313118220041, 51.499857360197545 ], [ -0.249226228758883, 51.496948945198 ], [ -0.245262017801001, 51.498305349284813 ], [ -0.244443161671434, 51.497937908811188 ], [ -0.245588900308478, 51.490051822111667 ], [ -0.244540195134291, 51.488701409117205 ], [ -0.247661033383944, 51.487340300856864 ], [ -0.249736309650979, 51.48569285737436 ], [ -0.249453212559862, 51.485563187391158 ], [ -0.251424150598696, 51.482177719361381 ], [ -0.251551064901657, 51.477334040792229 ], [ -0.252720238649317, 51.475057948118952 ], [ -0.254674997581602, 51.472907743439571 ], [ -0.258089068661691, 51.471659104655238 ], [ -0.262158100698319, 51.471357087640939 ], [ -0.265701700526448, 51.471923920793628 ], [ -0.269148005250486, 51.473550409287959 ], [ -0.273084986668933, 51.476967929670472 ], [ -0.276739051688852, 51.48333759060634 ], [ -0.281588092224426, 51.486286672688159 ], [ -0.287271950576992, 51.48793090050038 ], [ -0.292484143201715, 51.48746331828611 ], [ -0.299037740352583, 51.485305868045607 ], [ -0.300424146177182, 51.483976764553404 ], [ -0.299988329502627, 51.484135457497388 ], [ -0.299739546273105, 51.483257791978822 ], [ -0.300528447458788, 51.483793563819738 ], [ -0.30144180342638, 51.48337661064231 ], [ -0.300384839781572, 51.483507692250058 ], [ -0.300204322861696, 51.483168311415447 ], [ -0.303416478096209, 51.482593454624876 ], [ -0.304227761452536, 51.483222065744094 ], [ -0.305110184676187, 51.482670551648155 ], [ -0.306295282652515, 51.482792435151559 ], [ -0.304886042005932, 51.482296187761357 ], [ -0.304044560202028, 51.48295818804705 ], [ -0.304407076341054, 51.482173450534354 ], [ -0.30011298874569, 51.482700283266453 ], [ -0.303559727726902, 51.479897365458605 ], [ -0.304140794801669, 51.479606773693249 ], [ -0.304689971413549, 51.479923602532011 ], [ -0.304485289620565, 51.479132461621084 ], [ -0.305235844597258, 51.478270601430097 ], [ -0.305772431686863, 51.478343999618907 ], [ -0.305379700233208, 51.478138694034783 ], [ -0.306197335873526, 51.476961715099549 ], [ -0.307088236697572, 51.477044630979826 ], [ -0.30628656719241, 51.476865886306726 ], [ -0.306953117553968, 51.476209626470599 ], [ -0.308095782111277, 51.475644761802982 ], [ -0.3087710851591, 51.475879762475003 ], [ -0.308256003452999, 51.475576033675758 ], [ -0.309788165921733, 51.475166494389818 ], [ -0.309529272788174, 51.474905130823771 ], [ -0.31001541787811, 51.474667096022934 ], [ -0.310638745323521, 51.474925166691648 ], [ -0.310271803715888, 51.474528711302064 ], [ -0.310684713857406, 51.474694275294354 ], [ -0.310648055156732, 51.474380812505579 ], [ -0.311174128170451, 51.474718410541328 ], [ -0.310738590038152, 51.474327263304971 ], [ -0.31167372364297, 51.474447290841844 ], [ -0.311358764981625, 51.474085758325572 ], [ -0.311867776907884, 51.474339478478846 ], [ -0.311482642169988, 51.474006610819984 ], [ -0.312054444557064, 51.474217171683868 ], [ -0.311665657562594, 51.473924717735663 ], [ -0.312039247116335, 51.473751147913617 ], [ -0.312489518490347, 51.473996825892904 ], [ -0.312193456950574, 51.473708405799826 ], [ -0.312734137769697, 51.473884344378845 ], [ -0.312492136347044, 51.473672238853489 ], [ -0.312925667954441, 51.473513017412671 ], [ -0.313467865063734, 51.473901644055466 ], [ -0.313122927990112, 51.473454707187798 ], [ -0.31422863002294, 51.473458918357366 ], [ -0.313940450145918, 51.473190848843643 ], [ -0.314312683493046, 51.473053671443516 ], [ -0.31473906984775, 51.473400611223397 ], [ -0.314441002726067, 51.4729709877479 ], [ -0.320220786421159, 51.471304462296878 ], [ -0.321468083779608, 51.47048963046614 ], [ -0.322554430556352, 51.470685923072544 ], [ -0.321519475430393, 51.470403589756735 ], [ -0.322255664707931, 51.469037393805209 ], [ -0.321796337639513, 51.465432072549774 ], [ -0.323536163173986, 51.465330168866359 ], [ -0.324059933702753, 51.465042706642933 ], [ -0.326800118504896, 51.461643157436292 ], [ -0.326535574209668, 51.459302845420218 ], [ -0.325610413466663, 51.458081255879279 ], [ -0.326956170218828, 51.457011296142348 ], [ -0.328477379473507, 51.457999483790985 ], [ -0.330395709689431, 51.457933951776027 ], [ -0.333049873759837, 51.455378729626418 ], [ -0.336295194931388, 51.455679275432779 ], [ -0.337004171041308, 51.454648549915866 ], [ -0.34066660941539, 51.457269255157975 ], [ -0.34013316002414, 51.459241606952546 ], [ -0.341728409600893, 51.459017635431998 ], [ -0.342757159783446, 51.458072120973739 ], [ -0.345310881285759, 51.457859710493942 ], [ -0.346045761483332, 51.457260195869011 ], [ -0.348590895358097, 51.456764973021514 ], [ -0.352832283009478, 51.456864103960278 ], [ -0.353508606891288, 51.458180528274049 ], [ -0.355834334087648, 51.458380983211036 ], [ -0.365053737036523, 51.45780579706971 ], [ -0.367858759521351, 51.457425110990968 ], [ -0.368456593074012, 51.456862791152645 ], [ -0.372708987488736, 51.456997819495982 ], [ -0.373045388581735, 51.457473199038454 ], [ -0.375279400375011, 51.456271290631037 ], [ -0.383772842880542, 51.449506183964061 ], [ -0.384511530062847, 51.449894901760416 ], [ -0.387807988826263, 51.44937133234567 ], [ -0.38627836727846, 51.448124058317703 ], [ -0.38624482286346, 51.446712045112321 ], [ -0.38292654000994, 51.445095053610117 ], [ -0.379769040567469, 51.444321672076178 ], [ -0.379567480131097, 51.443103582851428 ], [ -0.378226563808251, 51.442484205055102 ], [ -0.375948098764498, 51.443087060313246 ], [ -0.373902806394343, 51.443033937542523 ], [ -0.373099592321889, 51.443669251531276 ], [ -0.366844900339183, 51.441623332787806 ], [ -0.377782905740267, 51.436819272854009 ], [ -0.377893387531157, 51.436279634181808 ], [ -0.376114012773852, 51.435506126604508 ], [ -0.38317177290342, 51.432238205007145 ], [ -0.387747743190207, 51.428887415902288 ], [ -0.387956113302266, 51.428623320878955 ], [ -0.387124637166929, 51.428175703288318 ], [ -0.388408731007578, 51.427996945293835 ], [ -0.384103391434589, 51.42269208820624 ], [ -0.385452379171883, 51.420628710505802 ], [ -0.391040784670577, 51.423145484644223 ], [ -0.39277578468711, 51.423443247770855 ], [ -0.391338515050689, 51.422315070360938 ], [ -0.394533103980945, 51.423237909068284 ], [ -0.398133663288123, 51.423556054458338 ], [ -0.405382920593403, 51.422479573756668 ], [ -0.408462809575555, 51.423834299426801 ], [ -0.409027982176007, 51.425450692002173 ], [ -0.410889811433929, 51.427341863864747 ], [ -0.413107437540456, 51.427854836302984 ], [ -0.41247400918035, 51.428781464553737 ], [ -0.414373705047173, 51.429295410944796 ], [ -0.413827456122271, 51.430074895109144 ], [ -0.417921758503729, 51.431027671592275 ], [ -0.417315501403145, 51.431917834231342 ], [ -0.418377557413095, 51.431866453445437 ], [ -0.419099984928481, 51.432359127672889 ], [ -0.421175210097628, 51.432171251997026 ], [ -0.423520018975546, 51.430877360261945 ], [ -0.427506837127413, 51.430819435353627 ], [ -0.427852645613709, 51.429252216680261 ], [ -0.429445967843595, 51.429394936067915 ], [ -0.429555642175741, 51.428797508718681 ], [ -0.432660997129353, 51.429018056066987 ], [ -0.440004337448764, 51.430626645709957 ], [ -0.439773431176188, 51.434619778977989 ], [ -0.447737840600284, 51.435003380239266 ], [ -0.446309631827993, 51.439996769300201 ], [ -0.456495914080967, 51.438224965513712 ], [ -0.455412073438213, 51.442119595627084 ], [ -0.457464557611874, 51.442999112840532 ], [ -0.457482363382245, 51.449090766258891 ], [ -0.461502324773549, 51.448992469257306 ], [ -0.461340497660325, 51.452391233856375 ], [ -0.459858958814953, 51.452239543509734 ], [ -0.459314646195219, 51.45271531882522 ], [ -0.458744254557038, 51.456341589875699 ], [ -0.455756602178835, 51.455232247116385 ], [ -0.455442382599462, 51.455623819799996 ], [ -0.45397053214532, 51.455451942444043 ], [ -0.453803561040982, 51.454853441346621 ], [ -0.449143497209671, 51.453805774178761 ], [ -0.443970514574343, 51.453290728194155 ], [ -0.44144485904328, 51.456777627258511 ], [ -0.435018117913647, 51.456883837258047 ], [ -0.436600143593145, 51.457851534085151 ], [ -0.433617584387925, 51.461717774969749 ], [ -0.421945468714821, 51.466624083293176 ], [ -0.420302830137146, 51.46678134231189 ], [ -0.420229910392087, 51.467142099418403 ], [ -0.411152535690529, 51.46988747762488 ], [ -0.411384218217535, 51.470498267268077 ], [ -0.415795587326598, 51.473938398670917 ], [ -0.414911534455317, 51.476908408305981 ], [ -0.416767312256261, 51.480570967792559 ], [ -0.416422654111045, 51.482108391407081 ], [ -0.416940872839441, 51.482462577225093 ], [ -0.413992900015991, 51.486077059074518 ], [ -0.414557879574708, 51.486442457836397 ], [ -0.413948585074706, 51.487219673849488 ], [ -0.413335421312142, 51.487223898895863 ], [ -0.412651011015492, 51.488527657568739 ], [ -0.411450042897086, 51.494857709113866 ], [ -0.410558855465524, 51.496206131256599 ], [ -0.410844649399886, 51.497738705887969 ], [ -0.40924157123083, 51.500328776369138 ], [ -0.386596438451185, 51.494684752681174 ], [ -0.381862220368653, 51.49522347642899 ], [ -0.377897838802999, 51.496606126401581 ], [ -0.377924177534789, 51.495468803135189 ], [ -0.37584511987684, 51.495391131468033 ], [ -0.373830270801607, 51.491959757810278 ], [ -0.371940340329806, 51.49099020311268 ], [ -0.371872297117997, 51.490475814943856 ], [ -0.367933985266035, 51.491788822542965 ], [ -0.368376122698321, 51.492298550929291 ], [ -0.36581538766693, 51.493653526872301 ], [ -0.365384655056155, 51.493313305064412 ], [ -0.363755388936485, 51.494695574015267 ], [ -0.363139276894987, 51.495875345117511 ], [ -0.358074047374433, 51.497767493606005 ], [ -0.350640755609574, 51.499106138079661 ], [ -0.342300401037881, 51.495987357829733 ], [ -0.335286336227796, 51.496157473176382 ], [ -0.329966829565804, 51.495020096941559 ], [ -0.327363107046426, 51.496001942445794 ], [ -0.326149264668831, 51.495003201832624 ], [ -0.324697666880266, 51.495993276347718 ], [ -0.319203428823198, 51.49421682572514 ], [ -0.315816384252803, 51.495906816211132 ], [ -0.315302308194626, 51.495554326579459 ], [ -0.315734100528208, 51.49534772729875 ], [ -0.314489934779137, 51.49435678642439 ], [ -0.315107321321441, 51.493963886130295 ], [ -0.313906673361207, 51.493607590672369 ], [ -0.31193317938302, 51.491970975786451 ], [ -0.305453348402218, 51.494536779244129 ], [ -0.305873999710163, 51.496182270773616 ], [ -0.301399331033228, 51.495193587642696 ], [ -0.301155117948971, 51.494404950196227 ], [ -0.29755942529598, 51.494884071901154 ], [ -0.300691676314227, 51.499328512746779 ], [ -0.293920253953455, 51.501576759315469 ], [ -0.28573405088079, 51.500782899687415 ], [ -0.280795052360512, 51.502846629194885 ] ] ] ] } },
{ "type": "Feature", "properties": { "lad_code": "E09000019", "lad_name": "Islington", "city": "london" }, "geometry": { "type": "Polygon", "coordinates": [ [ [ -0.117577119533341, 51.574139306723843 ], [ -0.1155769431842, 51.572578607102812 ], [ -0.116106283275097, 51.572181703359711 ], [ -0.115045876699695, 51.570587286948118 ], [ -0.110716544755933, 51.568610301029011 ], [ -0.098612033130911, 51.560811670126917 ], [ -0.096043134701794, 51.561213243460571 ], [ -0.091743118272141, 51.560199380747356 ], [ -0.090423267306642, 51.557572132127412 ], [ -0.090382597457579, 51.554149424994179 ], [ -0.08858065258982, 51.553938572845453 ], [ -0.087591456901733, 51.552842802011156 ], [ -0.085425076279731, 51.552132349014187 ], [ -0.07942557809986, 51.55167098447933 ], [ -0.0763527818967, 51.547201969321968 ], [ -0.076711972010268, 51.546084985693938 ], [ -0.083816183895643, 51.54658343172251 ], [ -0.083602995772281, 51.545171183619772 ], [ -0.086589963087417, 51.537300395707739 ], [ -0.09705861162274, 51.533001339568791 ], [ -0.095130304522061, 51.530082177323031 ], [ -0.095399355314727, 51.529204092349694 ], [ -0.088757693669594, 51.527450700334931 ], [ -0.087003085522731, 51.525765992250015 ], [ -0.085036151341596, 51.526235880402268 ], [ -0.084771652176394, 51.525427480170762 ], [ -0.08548990890011, 51.524536928725439 ], [ -0.085227802046165, 51.523942792623821 ], [ -0.084240485808252, 51.523928303358787 ], [ -0.08525887291603, 51.520346719725325 ], [ -0.086225909372327, 51.518810446371951 ], [ -0.090009202856474, 51.519971615436724 ], [ -0.089699484234161, 51.520717257528581 ], [ -0.09434465641967, 51.521483121672603 ], [ -0.095116316934828, 51.523107268935206 ], [ -0.096441446636017, 51.522829855042019 ], [ -0.09678471337895, 51.523312210005699 ], [ -0.097971408888058, 51.522872593898441 ], [ -0.097411045631713, 51.521590292007424 ], [ -0.097688864127475, 51.520710724760498 ], [ -0.105316195135097, 51.518553100889079 ], [ -0.107027402030376, 51.522181914580479 ], [ -0.10826405900902, 51.522085192275107 ], [ -0.108995429224295, 51.523018040927901 ], [ -0.112389674063509, 51.523714257222842 ], [ -0.113653281089055, 51.524564509494411 ], [ -0.114254863606474, 51.525480656361452 ], [ -0.112945077786041, 51.526406888805099 ], [ -0.115476982306841, 51.527755903812917 ], [ -0.115951591759871, 51.529829551456736 ], [ -0.119864783886237, 51.530945151247813 ], [ -0.122589558545787, 51.530751096573653 ], [ -0.122425781424704, 51.537047400630385 ], [ -0.125090198268354, 51.541140703803343 ], [ -0.127105092454102, 51.547527778889382 ], [ -0.130153826497879, 51.549609266351112 ], [ -0.13101757261146, 51.551480754882959 ], [ -0.135329781373717, 51.554635876248611 ], [ -0.137013323209192, 51.555259051070209 ], [ -0.1410606765415, 51.56049740805117 ], [ -0.140653109431224, 51.564456778298577 ], [ -0.142421506517259, 51.56910334615759 ], [ -0.140657892790822, 51.569425735825995 ], [ -0.131164753155008, 51.57359027968851 ], [ -0.12488703568391, 51.574089449365147 ], [ -0.119560507449397, 51.575504075879401 ], [ -0.118902761742601, 51.574728133802104 ], [ -0.119580466354765, 51.574377760067563 ], [ -0.117577119533341, 51.574139306723843 ] ] ] } },
{ "type": "Feature", "properties": { "lad_code": "E09000020", "lad_name": "Kensington and Chelsea", "city": "london" }, "geometry": { "type": "Polygon", "coordinates": [ [ [ -0.228465011209001, 51.530317343465057 ], [ -0.223752585391362, 51.529944977138662 ], [ -0.217815384445761, 51.528598628792693 ], [ -0.2160451158309, 51.527918578360307 ], [ -0.215521039824055, 51.526716831593795 ], [ -0.212985070697505, 51.526882181323394 ], [ -0.206041908377369, 51.52585246582629 ], [ -0.203977534239845, 51.523531031775462 ], [ -0.201650313983573, 51.522740467683988 ], [ -0.200644800946496, 51.5207101416119 ], [ -0.203766711182943, 51.520622691666638 ], [ -0.201473669859511, 51.51780265909877 ], [ -0.200789552367933, 51.517982282682205 ], [ -0.199195465522491, 51.514539471343554 ], [ -0.195077389697129, 51.51503858463952 ], [ -0.194028441476159, 51.511699236096469 ], [ -0.192939673984629, 51.511841408269269 ], [ -0.19214735534908, 51.509876324881915 ], [ -0.187883781500341, 51.510193290712486 ], [ -0.184229217226171, 51.50178760431362 ], [ -0.180336076398385, 51.501460988271631 ], [ -0.179548059022133, 51.497780031695008 ], [ -0.168174078649919, 51.499032016817075 ], [ -0.167602903461035, 51.49827922735016 ], [ -0.165742561327024, 51.499217854049142 ], [ -0.165443621771378, 51.498684282542079 ], [ -0.160925606142341, 51.50167565708319 ], [ -0.158482548474749, 51.502224908526905 ], [ -0.157896926900359, 51.499002314850749 ], [ -0.156081590286295, 51.497774426713853 ], [ -0.155273422345054, 51.495052909507272 ], [ -0.156003443443371, 51.494461868868733 ], [ -0.154997906343056, 51.493825174880449 ], [ -0.155987559372554, 51.493199430484474 ], [ -0.154767444142313, 51.491970095381035 ], [ -0.1558254914518, 51.491463492247505 ], [ -0.155193761783662, 51.490037995513539 ], [ -0.15585899569891, 51.489612949253676 ], [ -0.150184749076291, 51.486035763228806 ], [ -0.150048451730105, 51.485461462209585 ], [ -0.175783563306968, 51.481618899091956 ], [ -0.177706408515541, 51.480349829094799 ], [ -0.179286505025107, 51.477993157718117 ], [ -0.18390055783637, 51.47744231173256 ], [ -0.193654169188959, 51.485889584988449 ], [ -0.195929926201248, 51.487369769597443 ], [ -0.196429043304888, 51.487185964860487 ], [ -0.197989935921139, 51.487906236105623 ], [ -0.202388409350708, 51.491660528350664 ], [ -0.201856788514519, 51.491844280944747 ], [ -0.203109293216346, 51.49337042292467 ], [ -0.207358678473614, 51.496151696326194 ], [ -0.207975178244363, 51.49603047236522 ], [ -0.210528370439779, 51.498345710251165 ], [ -0.213463805649584, 51.500176290058626 ], [ -0.21799922583496, 51.506141809466897 ], [ -0.215962553531454, 51.506399026798526 ], [ -0.216143127253463, 51.507519868795036 ], [ -0.215221813326875, 51.507650014751555 ], [ -0.2158378068567, 51.509152083237964 ], [ -0.216476320211283, 51.509111282134583 ], [ -0.217214178027833, 51.510397848828909 ], [ -0.21806723007611, 51.510222848740248 ], [ -0.217871665062699, 51.509751319074802 ], [ -0.219339825948049, 51.509552926415694 ], [ -0.222488345498544, 51.515405524324024 ], [ -0.228300951723887, 51.521093584297638 ], [ -0.226721021105104, 51.521937626245986 ], [ -0.22659206487263, 51.52462422513856 ], [ -0.227253579590929, 51.524775553941993 ], [ -0.227454179755506, 51.527994599749917 ], [ -0.228754412711694, 51.529903842762437 ], [ -0.228465011209001, 51.530317343465057 ] ] ] } },
{ "type": "Feature", "properties": { "lad_code": "E09000021", "lad_name": "Kingston upon Thames", "city": "london" }, "geometry": { "type": "Polygon", "coordinates": [ [ [ -0.251180037863101, 51.422391056115544 ], [ -0.2496746507221, 51.418565943503069 ], [ -0.249544019383712, 51.414776475974108 ], [ -0.247181147944961, 51.409607370274998 ], [ -0.247506804664017, 51.408479438433773 ], [ -0.245359862313185, 51.407070959307028 ], [ -0.244726847241266, 51.403856059760045 ], [ -0.245249390378682, 51.401756031002151 ], [ -0.246839899855952, 51.400509030388001 ], [ -0.246750266629545, 51.398619374913984 ], [ -0.247430249791923, 51.397570414807042 ], [ -0.244695821357941, 51.394725111775209 ], [ -0.241731554982662, 51.393897844672857 ], [ -0.240118573325771, 51.39118878674514 ], [ -0.238754218587711, 51.386089217700793 ], [ -0.241662510588215, 51.384495867977677 ], [ -0.243256162257393, 51.382598079099552 ], [ -0.244302812436109, 51.383067135695349 ], [ -0.245051843700637, 51.38006033466057 ], [ -0.248497046278444, 51.380060420315388 ], [ -0.253906193271325, 51.37874973492012 ], [ -0.258235740578861, 51.378919839192022 ], [ -0.26101502218169, 51.379596896071675 ], [ -0.262290913630175, 51.377411299417687 ], [ -0.264647596877302, 51.375617590820035 ], [ -0.272469546823155, 51.372248164004965 ], [ -0.274046293757578, 51.370656744379708 ], [ -0.275856120674362, 51.370015255721839 ], [ -0.276583818577109, 51.368809258435313 ], [ -0.279843117234989, 51.367826635907903 ], [ -0.284094862179421, 51.365151624695883 ], [ -0.287223306608019, 51.362541043806665 ], [ -0.288419375501622, 51.362161599048846 ], [ -0.285233885873366, 51.361193229421524 ], [ -0.287042542687688, 51.359399519179441 ], [ -0.289032254607173, 51.358746495517025 ], [ -0.291223729742852, 51.356578901237377 ], [ -0.291353866702776, 51.35508848366792 ], [ -0.29272185871561, 51.353658827425889 ], [ -0.292906564588563, 51.352352381600205 ], [ -0.299254573002483, 51.348370995971393 ], [ -0.301400748912206, 51.345304557395977 ], [ -0.30408945330765, 51.343173249216726 ], [ -0.30540884436256, 51.339560245692489 ], [ -0.305158897195186, 51.336352305631927 ], [ -0.306212993923899, 51.33507701272039 ], [ -0.310953198462418, 51.332390835034417 ], [ -0.313716375039023, 51.331416306948142 ], [ -0.318978969361744, 51.327957897422685 ], [ -0.32397045180227, 51.326717432342676 ], [ -0.327164446973981, 51.326696532350105 ], [ -0.327433953470178, 51.326295356135454 ], [ -0.330138943349221, 51.327518627872088 ], [ -0.330679078098442, 51.329011023713953 ], [ -0.329116315918091, 51.33026388056679 ], [ -0.329718696459335, 51.332766114153031 ], [ -0.328979239763825, 51.340232891543977 ], [ -0.327480758095332, 51.344007250087479 ], [ -0.328177405149832, 51.344041468448935 ], [ -0.330533865888264, 51.348421183868389 ], [ -0.327977678936262, 51.352212450018833 ], [ -0.32375262858169, 51.354413155641865 ], [ -0.319792338811429, 51.359930015886633 ], [ -0.318285343532204, 51.363506262238204 ], [ -0.318505494251084, 51.365763890708983 ], [ -0.317921180389106, 51.369799390866532 ], [ -0.31750542819066, 51.371970515276338 ], [ -0.316694388561614, 51.373167472998624 ], [ -0.314341461373978, 51.374639010482348 ], [ -0.308695101673262, 51.375449712654543 ], [ -0.307892196302169, 51.378365155033912 ], [ -0.307388539346953, 51.378384850694474 ], [ -0.308517537851656, 51.380501833215064 ], [ -0.309276700962953, 51.380448961198127 ], [ -0.30952392438723, 51.382433623570826 ], [ -0.31066502861697, 51.384816786443331 ], [ -0.311762985576026, 51.385765524137724 ], [ -0.310832007062509, 51.386213962005428 ], [ -0.313253355102221, 51.388723576812055 ], [ -0.316015904201631, 51.387572524262033 ], [ -0.316759920087149, 51.388773131220255 ], [ -0.314134118538419, 51.390218180197706 ], [ -0.317720159588735, 51.393667993400911 ], [ -0.309520783815296, 51.40014495226108 ], [ -0.308755436516072, 51.402259151021305 ], [ -0.309070384313058, 51.409166458143773 ], [ -0.308274311318876, 51.415313902215516 ], [ -0.305952616142395, 51.421262045685076 ], [ -0.306728639111408, 51.423046483638011 ], [ -0.308383939945223, 51.425009782798924 ], [ -0.314452318734565, 51.428249250975639 ], [ -0.312925936532118, 51.430256519879755 ], [ -0.310673060398285, 51.432209926280919 ], [ -0.309780609442331, 51.432139198518456 ], [ -0.308089745810022, 51.431073311057737 ], [ -0.308564940355642, 51.430780929353041 ], [ -0.306904101329179, 51.430150421810282 ], [ -0.306433248509809, 51.430157818930276 ], [ -0.305939846974001, 51.431361630318463 ], [ -0.301776583970465, 51.430391284567506 ], [ -0.302102061237073, 51.431160575956412 ], [ -0.301616411667251, 51.431435142402037 ], [ -0.295506146284592, 51.427661988332154 ], [ -0.295453283080075, 51.427037573793612 ], [ -0.294743332236294, 51.42699850304971 ], [ -0.294814949290949, 51.4264443514055 ], [ -0.293416751564921, 51.426504080431158 ], [ -0.293031798603333, 51.428941429532543 ], [ -0.290639113927579, 51.428990671503591 ], [ -0.286582513812002, 51.420185945118568 ], [ -0.280422188093329, 51.421891787618264 ], [ -0.270928383762042, 51.429559539107579 ], [ -0.264573030347098, 51.43291041518264 ], [ -0.254090097649517, 51.437288444987686 ], [ -0.253112279051382, 51.435284832096634 ], [ -0.25130467326029, 51.434227855564473 ], [ -0.251108901051952, 51.432558457246351 ], [ -0.253330849320864, 51.430839148255394 ], [ -0.254262248113315, 51.429302675793437 ], [ -0.252262903323558, 51.425702772434946 ], [ -0.252951460929391, 51.423214421145232 ], [ -0.251180037863101, 51.422391056115544 ] ] ] } },
{ "type": "Feature", "properties": { "lad_code": "E09000022", "lad_name": "Lambeth", "city": "london" }, "geometry": { "type": "Polygon", "coordinates": [ [ [ -0.11102815538855, 51.508490787520358 ], [ -0.108883084177704, 51.508424559776124 ], [ -0.108190723592767, 51.506920772273091 ], [ -0.10736431656887, 51.507070703208406 ], [ -0.106511590514702, 51.505061555733725 ], [ -0.106428808458495, 51.503365295470374 ], [ -0.107417896481051, 51.503034263572317 ], [ -0.106782956157251, 51.502208273247568 ], [ -0.106103029864458, 51.502522921093927 ], [ -0.105942169403662, 51.502032039738729 ], [ -0.108292452534668, 51.500441296627692 ], [ -0.110283121736728, 51.496762063108712 ], [ -0.111491921061052, 51.4964576477443 ], [ -0.110959393387275, 51.495466790502363 ], [ -0.104877763390802, 51.493526762817361 ], [ -0.103297826917161, 51.491251641350082 ], [ -0.108485947510816, 51.4858478010242 ], [ -0.106384851260313, 51.484897589376658 ], [ -0.107214868545236, 51.483648069004623 ], [ -0.105637463165845, 51.482939207750086 ], [ -0.106043701186581, 51.482697055742889 ], [ -0.104059115829082, 51.480900431158453 ], [ -0.108234654468841, 51.480285205325032 ], [ -0.09999788371989, 51.476863135574803 ], [ -0.100679671409677, 51.474446534552143 ], [ -0.098854826292322, 51.4718708658135 ], [ -0.096000933754773, 51.469866666752033 ], [ -0.094169095525919, 51.470672328427078 ], [ -0.093040914844787, 51.472027771471772 ], [ -0.092782159794675, 51.469868671903349 ], [ -0.0900887503566, 51.465830010672839 ], [ -0.090683555935568, 51.463316924989513 ], [ -0.092269887957476, 51.461057880157902 ], [ -0.094973156893429, 51.45878670819463 ], [ -0.09583830560012, 51.457414537239558 ], [ -0.101106135074218, 51.453926856977908 ], [ -0.101479989905046, 51.452215941206447 ], [ -0.100788385111688, 51.450335787852445 ], [ -0.099988002440892, 51.450272504094812 ], [ -0.099160067720445, 51.448974679061173 ], [ -0.096063565974967, 51.446725715879857 ], [ -0.095091134672058, 51.445411887645498 ], [ -0.094452465618697, 51.443235242313754 ], [ -0.091045127672282, 51.43755324234079 ], [ -0.088223764620174, 51.429335565200979 ], [ -0.085935193887442, 51.428504683384688 ], [ -0.086100982965256, 51.427817412492921 ], [ -0.084060893748129, 51.42569170105785 ], [ -0.083488334726336, 51.422997226363862 ], [ -0.081760368566729, 51.423378826124534 ], [ -0.080902079134812, 51.421860184845322 ], [ -0.079861335082429, 51.422140002621148 ], [ -0.078934443879027, 51.421568696191081 ], [ -0.079243315333786, 51.420869107489125 ], [ -0.078313665683914, 51.420605202262678 ], [ -0.078583354160329, 51.419874708628591 ], [ -0.086309430393219, 51.419284155517985 ], [ -0.092727946484266, 51.422554143647957 ], [ -0.105988231438689, 51.422594534869262 ], [ -0.112658839008736, 51.423242496194597 ], [ -0.115618298047047, 51.420631541205005 ], [ -0.119839518049677, 51.418801767064267 ], [ -0.122517139046415, 51.415027129501695 ], [ -0.124106610219623, 51.414597055675721 ], [ -0.12447819290032, 51.413365569481122 ], [ -0.127908643701602, 51.411999187044245 ], [ -0.13270580244062, 51.412346038208561 ], [ -0.133586150071621, 51.412579966594478 ], [ -0.133529311792496, 51.412939267495652 ], [ -0.134108622700539, 51.410991473383199 ], [ -0.142623512384371, 51.413348409472441 ], [ -0.14481514658243, 51.412389508923447 ], [ -0.148090369569483, 51.412870620889073 ], [ -0.144336889949577, 51.415345315755083 ], [ -0.145010221918168, 51.415791736889069 ], [ -0.137817669672567, 51.421108447627681 ], [ -0.138892252848614, 51.424337500042952 ], [ -0.138394222007866, 51.43048479153326 ], [ -0.135281923387623, 51.430322455495116 ], [ -0.136489976598692, 51.433880223574079 ], [ -0.137910361343764, 51.433784227542318 ], [ -0.139791211993315, 51.435743575991658 ], [ -0.139963865524283, 51.436946856776551 ], [ -0.137685171994741, 51.438585656548227 ], [ -0.137501596681903, 51.440157596179311 ], [ -0.137005624446749, 51.440245725086712 ], [ -0.135957541872558, 51.44200709189316 ], [ -0.143636326381187, 51.44183861704699 ], [ -0.145490551680152, 51.445068005095933 ], [ -0.144838865911664, 51.448436965326003 ], [ -0.143141812893054, 51.449708970327592 ], [ -0.14231122085296, 51.450981790279428 ], [ -0.147729929624434, 51.452339500082275 ], [ -0.147377973264195, 51.452963419343916 ], [ -0.148165601747965, 51.456401558732949 ], [ -0.150958451091351, 51.463796652936061 ], [ -0.151236796592828, 51.465860412728212 ], [ -0.150576682411003, 51.465948001850755 ], [ -0.150562957301871, 51.467627313073756 ], [ -0.143142134791762, 51.470511809608041 ], [ -0.142729469010471, 51.470075437933453 ], [ -0.140443953127657, 51.471529184378348 ], [ -0.139810475758265, 51.471331698313556 ], [ -0.139514488257307, 51.471792155014924 ], [ -0.138351682640862, 51.471961901635758 ], [ -0.136930007717747, 51.473087894714801 ], [ -0.135819385352837, 51.472710615671474 ], [ -0.13468973685895, 51.47333934032639 ], [ -0.134471121352636, 51.47396158128516 ], [ -0.135232290663642, 51.474290728720547 ], [ -0.129962365056163, 51.481172581007833 ], [ -0.127506793882393, 51.482008757572096 ], [ -0.126333542651406, 51.484470018670478 ], [ -0.128531863764324, 51.485041637584871 ], [ -0.127024189538524, 51.48581544400048 ], [ -0.124910141682522, 51.487856781352491 ], [ -0.124229830748196, 51.487853454667018 ], [ -0.122147141925008, 51.491899146175115 ], [ -0.119405975744424, 51.503813064684451 ], [ -0.118254319002665, 51.505833201534493 ], [ -0.115145736270052, 51.507658678683896 ], [ -0.11102815538855, 51.508490787520358 ] ] ] } },
{ "type": "Feature", "properties": { "lad_code": "E09000023", "lad_name": "Lewisham", "city": "london" }, "geometry": { "type": "Polygon", "coordinates": [ [ [ -0.032410651369023, 51.493052001428204 ], [ -0.029473092899314, 51.48855069050888 ], [ -0.024739528203797, 51.485482299198516 ], [ -0.025788363871147, 51.482150353427009 ], [ -0.026391492429137, 51.481506391663778 ], [ -0.02330763455102, 51.4807804390814 ], [ -0.023066316736585, 51.47966483355291 ], [ -0.020334374437256, 51.479913459077864 ], [ -0.020427056253382, 51.48021862173043 ], [ -0.017827372748222, 51.480872905349962 ], [ -0.017116246312117, 51.480411763538733 ], [ -0.019192549081091, 51.479650249701919 ], [ -0.019444398163727, 51.47801387658361 ], [ -0.019865875316059, 51.478048153362174 ], [ -0.019413731837774, 51.477189267691003 ], [ -0.022829556579205, 51.475928680022832 ], [ -0.020949156318978, 51.476134596062721 ], [ -0.020979507914183, 51.475676246931108 ], [ -0.022886815519677, 51.47531176368674 ], [ -0.022817943934667, 51.474466060259552 ], [ -0.019998917457497, 51.473001588788861 ], [ -0.020337782355801, 51.472305313587512 ], [ -0.019327288416548, 51.472035959215404 ], [ -0.018684557092127, 51.470686147138387 ], [ -0.019270452515739, 51.470506445652063 ], [ -0.019139634495278, 51.470008569961728 ], [ -0.016587526563802, 51.46926015911972 ], [ -0.015087314903244, 51.46804433541115 ], [ -0.01313173820812, 51.468939309849645 ], [ -0.015172511654523, 51.471749302046284 ], [ -0.014071296798909, 51.472670731482388 ], [ -0.012589194853751, 51.472342995466477 ], [ -0.008255333872741, 51.472759847912428 ], [ -0.000923671765566, 51.471802847777163 ], [ 0.017937300172886, 51.473829612208164 ], [ 0.014975591682225, 51.473080550757111 ], [ 0.016517892603921, 51.469128630475467 ], [ 0.012584490288284, 51.46980817646277 ], [ 0.01306254400197, 51.468146353341425 ], [ 0.012675112372158, 51.467396964895386 ], [ 0.013239786202225, 51.466838759150257 ], [ 0.009069030986075, 51.465872740409367 ], [ 0.009877476878737, 51.459631199427541 ], [ 0.011484631118087, 51.456685012182419 ], [ 0.017522764897335, 51.455031693428332 ], [ 0.01832410989163, 51.451575029332417 ], [ 0.019533581008896, 51.451709526966596 ], [ 0.019859241827125, 51.450729499377616 ], [ 0.015104968384827, 51.450208036870691 ], [ 0.014906753308783, 51.450611072410418 ], [ 0.015074148203861, 51.45000662127643 ], [ 0.021953658710122, 51.448942422598186 ], [ 0.022927915315834, 51.44720236968832 ], [ 0.021216847081629, 51.446697532637124 ], [ 0.021494831646991, 51.444439071503609 ], [ 0.020595910207143, 51.444206006654809 ], [ 0.021479550224099, 51.442728107875936 ], [ 0.025553817115433, 51.441716240782775 ], [ 0.02935253418801, 51.441705198058742 ], [ 0.028566673110476, 51.440403651263438 ], [ 0.028789610411469, 51.438772032174263 ], [ 0.02475594850688, 51.438207643148196 ], [ 0.025409510632553, 51.435666640829574 ], [ 0.027155162495212, 51.436527052859049 ], [ 0.028660682901702, 51.436409569801143 ], [ 0.029060364513699, 51.434674302373928 ], [ 0.028566406727137, 51.4340337217022 ], [ 0.031378831343576, 51.43258339919992 ], [ 0.031132807881927, 51.432094152324467 ], [ 0.031580880267366, 51.432555253129692 ], [ 0.032467945611546, 51.431890494402325 ], [ 0.033229460909755, 51.432231132043007 ], [ 0.033710288886238, 51.431695122076093 ], [ 0.037682422768147, 51.433340939278452 ], [ 0.037513534780657, 51.431367543787196 ], [ 0.038338488329561, 51.428281176977329 ], [ 0.037818264003848, 51.42780082371651 ], [ 0.038447875904534, 51.427584061604598 ], [ 0.039029387581537, 51.424688056208907 ], [ 0.036204808213032, 51.422388670809561 ], [ 0.025432643522157, 51.428973309125482 ], [ 0.021192319079628, 51.426862663238303 ], [ 0.018721612685555, 51.427057954107461 ], [ 0.015954851086024, 51.42618969692473 ], [ 0.014093777063744, 51.426174886798094 ], [ 0.014392045917559, 51.425215634156643 ], [ 0.011856630932466, 51.424086002183472 ], [ 0.009955927311131, 51.422482134109956 ], [ 0.008079691103471, 51.423039824861995 ], [ 0.007362395775475, 51.42140278583495 ], [ 0.006282557017393, 51.421030799561073 ], [ 0.005190037233796, 51.419356162377255 ], [ 0.005644844027098, 51.418526726424602 ], [ 0.003507449174883, 51.417427832001799 ], [ 0.001716796262677, 51.418586153019312 ], [ -0.000145135975239, 51.417575684818679 ], [ -0.00075519452942, 51.415907583544836 ], [ -0.003417540201715, 51.415651289914216 ], [ -0.003306641938268, 51.415036155160436 ], [ -0.004993181712293, 51.414600274069912 ], [ -0.005609513702759, 51.415820560022915 ], [ -0.006579516839844, 51.415979141388853 ], [ -0.006617737320351, 51.414664024603532 ], [ -0.010338394318815, 51.413578383686747 ], [ -0.014265831257188, 51.413650197096821 ], [ -0.014300815008146, 51.41516120009414 ], [ -0.017992854228795, 51.415056774982801 ], [ -0.017824141723127, 51.415744766042458 ], [ -0.02102562857753, 51.416024877226263 ], [ -0.022199841943143, 51.416742156754559 ], [ -0.02172367550042, 51.417279317551937 ], [ -0.022584447273747, 51.417564976252429 ], [ -0.021422441692521, 51.418342847401718 ], [ -0.02078519135424, 51.419946762245907 ], [ -0.021675302344117, 51.420442890505036 ], [ -0.021024028210762, 51.420976412494788 ], [ -0.022268530299649, 51.421776247997045 ], [ -0.02260053109447, 51.421557636181355 ], [ -0.024366109222077, 51.423117375992078 ], [ -0.030106854750368, 51.42564604534607 ], [ -0.031997448960848, 51.42553666162722 ], [ -0.031820043661293, 51.424710811267069 ], [ -0.037495988302444, 51.424982215140048 ], [ -0.038479302841417, 51.423957455004036 ], [ -0.041023483390063, 51.424263320964457 ], [ -0.043701684311873, 51.422893360612235 ], [ -0.046277031769279, 51.4223756019747 ], [ -0.046018349186718, 51.422796033594139 ], [ -0.051773804041682, 51.422517252789582 ], [ -0.051827551529175, 51.423570538912742 ], [ -0.054763373571718, 51.423726450516227 ], [ -0.055162459323447, 51.422943371842294 ], [ -0.056780963922384, 51.422965600249832 ], [ -0.062430402366364, 51.425155413025834 ], [ -0.066048003874861, 51.425075417895009 ], [ -0.067911470788214, 51.425925602627345 ], [ -0.068927656853593, 51.425630519952129 ], [ -0.071867876589359, 51.426295342722973 ], [ -0.073933224108275, 51.426213353997028 ], [ -0.075106586235708, 51.428983525726871 ], [ -0.074889958027036, 51.429842040164885 ], [ -0.072891272631263, 51.432097137458889 ], [ -0.069139607384224, 51.432830958298297 ], [ -0.066838269071327, 51.433881825167425 ], [ -0.065877393475759, 51.434626773765117 ], [ -0.064419073470308, 51.437050866183064 ], [ -0.063426439051276, 51.437572068983656 ], [ -0.064074819245549, 51.44084111988721 ], [ -0.065056236871573, 51.44116366006552 ], [ -0.064061668689778, 51.44207178670414 ], [ -0.063043464268589, 51.446199150550108 ], [ -0.061827267846719, 51.447786615016852 ], [ -0.057603504274409, 51.450325790320136 ], [ -0.053881605650341, 51.44868642680467 ], [ -0.049022513101148, 51.450106599334767 ], [ -0.046105880538805, 51.449868171231522 ], [ -0.041673328414322, 51.454996886032717 ], [ -0.046159764251275, 51.456946064567397 ], [ -0.045237113965564, 51.459430804133923 ], [ -0.045216777346618, 51.462044913456715 ], [ -0.045999093611287, 51.463974619564191 ], [ -0.048540974428823, 51.465626250403972 ], [ -0.048202014547096, 51.465894062631925 ], [ -0.050837583301119, 51.466653676945086 ], [ -0.050569821082374, 51.466789374898184 ], [ -0.051322764114963, 51.467369523358066 ], [ -0.05087701802327, 51.46757640725869 ], [ -0.052295223334492, 51.469225550160473 ], [ -0.051683402761325, 51.469715448966149 ], [ -0.052767296841748, 51.472969378986164 ], [ -0.052713199108913, 51.47801372489694 ], [ -0.054260404961319, 51.478595075830562 ], [ -0.052808052656042, 51.482724458300879 ], [ -0.05308155658099, 51.485036887817408 ], [ -0.053560134416552, 51.48567926071879 ], [ -0.052951311743056, 51.486002798923558 ], [ -0.052880515422631, 51.486683362132347 ], [ -0.053995514067572, 51.487940174099705 ], [ -0.052617601437239, 51.487550869883499 ], [ -0.050513068137617, 51.487919559142895 ], [ -0.050091522647027, 51.488329430238196 ], [ -0.051962854808892, 51.489113717910278 ], [ -0.046567057875135, 51.490668435909249 ], [ -0.04655506430156, 51.490347485443827 ], [ -0.042281879469921, 51.490087917518721 ], [ -0.040303208468429, 51.491044710169461 ], [ -0.041050075738613, 51.49182975918756 ], [ -0.040056916232564, 51.492181525156084 ], [ -0.040518179337281, 51.492796174943322 ], [ -0.039261004866495, 51.4929653157606 ], [ -0.03727729826331, 51.492223538178195 ], [ -0.032410651369023, 51.493052001428204 ] ] ] } },
{ "type": "Feature", "properties": { "lad_code": "E09000024", "lad_name": "Merton", "city": "london" }, "geometry": { "type": "Polygon", "coordinates": [ [ [ -0.189242717040975, 51.438544232479167 ], [ -0.190273871576192, 51.434801886678621 ], [ -0.191195321645785, 51.433455033496962 ], [ -0.189799233333885, 51.431351576223385 ], [ -0.187422378650533, 51.432103350723281 ], [ -0.187292272123711, 51.432986580370638 ], [ -0.185750792753464, 51.43316662977184 ], [ -0.184255750205652, 51.431267861883256 ], [ -0.184579532634462, 51.427819679657993 ], [ -0.184070399751637, 51.426352796582194 ], [ -0.181964100229384, 51.424731706342421 ], [ -0.173595365193662, 51.423177273864646 ], [ -0.167977786144448, 51.420820639659233 ], [ -0.164859023020012, 51.42035875155959 ], [ -0.165040636705269, 51.42010783633431 ], [ -0.161674155193275, 51.419857304256368 ], [ -0.159940659055148, 51.42196580600401 ], [ -0.159885892103873, 51.422603399925528 ], [ -0.151414144679502, 51.419874601429783 ], [ -0.149446592637043, 51.419888547279655 ], [ -0.144480238790435, 51.417751983336935 ], [ -0.140384789684736, 51.419263858929085 ], [ -0.145010221918168, 51.415791736889069 ], [ -0.144336889949577, 51.415345315755083 ], [ -0.148090369569483, 51.412870620889073 ], [ -0.14481514658243, 51.412389508923447 ], [ -0.142623512384371, 51.413348409472441 ], [ -0.134108622700539, 51.410991473383199 ], [ -0.133529311792496, 51.412939267495652 ], [ -0.133586150071621, 51.412579966594478 ], [ -0.13270580244062, 51.412346038208561 ], [ -0.127908643701602, 51.411999187044245 ], [ -0.127751005841893, 51.412316502599957 ], [ -0.128198831213101, 51.410938138021308 ], [ -0.129482203572862, 51.409574700184351 ], [ -0.132103181505627, 51.409202894564068 ], [ -0.132329052527841, 51.406808687741226 ], [ -0.130471569828793, 51.403274481934908 ], [ -0.127738995604035, 51.401468975941725 ], [ -0.125424317042316, 51.398826678575617 ], [ -0.125707305384932, 51.398324470434964 ], [ -0.12416550643813, 51.39760991430024 ], [ -0.129677923470334, 51.39365266049235 ], [ -0.12875311378484, 51.393502585782294 ], [ -0.134347573110435, 51.390847681613685 ], [ -0.141875444532048, 51.389304831513869 ], [ -0.144306025576865, 51.390665886365326 ], [ -0.158052073124945, 51.389252316724267 ], [ -0.16098653433696, 51.387820287075606 ], [ -0.165324594251056, 51.388000106294712 ], [ -0.166354915363006, 51.389610106299955 ], [ -0.171333227932211, 51.392518825186421 ], [ -0.174838222035014, 51.393413981689818 ], [ -0.17932482636204, 51.3898055319642 ], [ -0.188424022472654, 51.385435327795584 ], [ -0.193868835468961, 51.387914598880421 ], [ -0.200307261085395, 51.384942595856373 ], [ -0.203431670862683, 51.387254302273874 ], [ -0.205098484183756, 51.386136802826094 ], [ -0.209808398235434, 51.388300766620674 ], [ -0.21810462721311, 51.380183492686186 ], [ -0.227748786012581, 51.38397039395285 ], [ -0.233736352699045, 51.387615934909917 ], [ -0.234665146448392, 51.390558747790436 ], [ -0.239714928168648, 51.389274915337886 ], [ -0.240118573325771, 51.39118878674514 ], [ -0.241731554982662, 51.393897844672857 ], [ -0.244695821357941, 51.394725111775209 ], [ -0.247430249791923, 51.397570414807042 ], [ -0.246750266629545, 51.398619374913984 ], [ -0.246839899855952, 51.400509030388001 ], [ -0.245249390378682, 51.401756031002151 ], [ -0.244726847241266, 51.403856059760045 ], [ -0.245359862313185, 51.407070959307028 ], [ -0.247506804664017, 51.408479438433773 ], [ -0.247181147944961, 51.409607370274998 ], [ -0.249544019383712, 51.414776475974108 ], [ -0.2496746507221, 51.418565943503069 ], [ -0.251180037863101, 51.422391056115544 ], [ -0.252951460929391, 51.423214421145232 ], [ -0.252262903323558, 51.425702772434946 ], [ -0.254262248113315, 51.429302675793437 ], [ -0.253330849320864, 51.430839148255394 ], [ -0.251108901051952, 51.432558457246351 ], [ -0.231265756720119, 51.438163133168878 ], [ -0.224337656214845, 51.438868428397079 ], [ -0.220653554488561, 51.43846097726 ], [ -0.217846137009505, 51.438693047676388 ], [ -0.215721881944736, 51.437743081292425 ], [ -0.21255432268231, 51.437829707597366 ], [ -0.190051131814027, 51.441464620509684 ], [ -0.189878908336924, 51.440271157651445 ], [ -0.190664199545198, 51.438919486204341 ], [ -0.189242717040975, 51.438544232479167 ] ] ] } },
{ "type": "Feature", "properties": { "lad_code": "E09000025", "lad_name": "Newham", "city": "london" }, "geometry": { "type": "Polygon", "coordinates": [ [ [ 0.055635622592376, 51.55935190473663 ], [ 0.060123992763528, 51.556405991854746 ], [ 0.063615892553494, 51.557275148286138 ], [ 0.066580627917971, 51.554717999666451 ], [ 0.066902900371781, 51.553280773034807 ], [ 0.067758014687317, 51.553265636800482 ], [ 0.0686864998124, 51.547463121947885 ], [ 0.068334749373457, 51.544389354366523 ], [ 0.066865749963389, 51.541864649082953 ], [ 0.066657413876349, 51.540647245983386 ], [ 0.067057333970141, 51.53946507109125 ], [ 0.068879057740872, 51.537192050516751 ], [ 0.068245882791193, 51.536988787551486 ], [ 0.067928024037435, 51.536195157603174 ], [ 0.069498289207472, 51.53626122673375 ], [ 0.071729108443241, 51.532896493978669 ], [ 0.07271829203046, 51.529273812359229 ], [ 0.075157387616418, 51.529510333021186 ], [ 0.077958929049229, 51.529119009586736 ], [ 0.078481856811821, 51.528808936617288 ], [ 0.07750604626355, 51.528846008623319 ], [ 0.077580187730867, 51.528484624754526 ], [ 0.078822500373514, 51.528437793954048 ], [ 0.080079150198561, 51.527506483113143 ], [ 0.085173985618834, 51.52558135851681 ], [ 0.088834491048238, 51.526231149018521 ], [ 0.089648909204875, 51.525583101262008 ], [ 0.092061150210982, 51.525622832366025 ], [ 0.092223924461497, 51.524141966377805 ], [ 0.090673355801789, 51.523934455121008 ], [ 0.091748158375518, 51.52355917746646 ], [ 0.091796813530715, 51.522544823824141 ], [ 0.094431377453426, 51.520301768819401 ], [ 0.093908369841683, 51.518971632433257 ], [ 0.094744930137557, 51.516485925407082 ], [ 0.096874745583345, 51.515313873699668 ], [ 0.090232395880127, 51.514795201349386 ], [ 0.090507326130195, 51.514297604184854 ], [ 0.083290328883626, 51.511522709237298 ], [ 0.083653629227278, 51.510972641276766 ], [ 0.080224588178531, 51.508399531214778 ], [ 0.077948316420344, 51.505145471656164 ], [ 0.076635167522458, 51.504920573322245 ], [ 0.078204157080427, 51.504377360763989 ], [ 0.078122469153096, 51.503975482035322 ], [ 0.07773176844082, 51.504539990915362 ], [ 0.076219260643554, 51.503839230153297 ], [ 0.07662919063314, 51.503461648836691 ], [ 0.075234870585803, 51.502264482612375 ], [ 0.073931677330677, 51.50212386910588 ], [ 0.074636920374708, 51.501601953124947 ], [ 0.073639057276332, 51.500359714037479 ], [ 0.069667093392815, 51.499192478360378 ], [ 0.060097763016314, 51.498356041611522 ], [ 0.043445568002509, 51.499907289940936 ], [ 0.034934890153227, 51.499643958305121 ], [ 0.024623089954898, 51.498614634250316 ], [ 0.01964943542712, 51.499638790334231 ], [ 0.015142562255099, 51.502512157344256 ], [ 0.014615689263664, 51.502980737130265 ], [ 0.014836737136727, 51.503239076851585 ], [ 0.013057916432075, 51.504448568776553 ], [ 0.01337933667925, 51.504932181044744 ], [ 0.012003761050303, 51.50528049875404 ], [ 0.009664340883273, 51.506836330806429 ], [ 0.010445594430149, 51.508580427434801 ], [ 0.009806617065896, 51.509168845307741 ], [ 0.006547086829689, 51.51002716704209 ], [ 0.008148611132429, 51.512543875847697 ], [ 0.008093557511996, 51.513340221406388 ], [ 0.007179576477963, 51.514367543849211 ], [ 0.006294452305044, 51.514609304231918 ], [ 0.005116608562249, 51.514175316976008 ], [ 0.004254143302552, 51.513409962205564 ], [ 0.003684719159259, 51.511038862025693 ], [ 0.002542491658622, 51.510970692608645 ], [ 0.004361325686464, 51.514699296474355 ], [ 0.003123909735685, 51.515830747772149 ], [ -0.002564333474558, 51.518480329368813 ], [ -0.005151896141288, 51.516919429974443 ], [ -0.00658295118058, 51.518958764606509 ], [ -0.008581839759043, 51.520044213996144 ], [ -0.008685321904909, 51.520757937305184 ], [ -0.007251880134928, 51.522819437570618 ], [ -0.006538098260422, 51.525682744356047 ], [ -0.002115988267728, 51.527028307923565 ], [ 0.000634636048299, 51.528309189451903 ], [ 0.000839622567248, 51.529268806140067 ], [ 0.001793751161658, 51.530313659819178 ], [ 0.001081825810541, 51.5310933301677 ], [ -0.000803912096561, 51.528139394847059 ], [ -0.00232871147346, 51.527158277827418 ], [ -0.003830412903665, 51.526955880406561 ], [ -0.003917578729128, 51.528255812439504 ], [ -0.004337294916808, 51.527879148009063 ], [ -0.004213375107322, 51.52686887365833 ], [ -0.004960663849415, 51.526444993440059 ], [ -0.006475600446774, 51.526318325686702 ], [ -0.006996263606794, 51.527088850900725 ], [ -0.008003279487124, 51.527231593474795 ], [ -0.006969067933305, 51.526060978888403 ], [ -0.007890621503877, 51.523023585886136 ], [ -0.008117984348068, 51.523833736359471 ], [ -0.007590132748128, 51.526274266790338 ], [ -0.008668514159677, 51.527554588578838 ], [ -0.010295079117549, 51.528480455775558 ], [ -0.01071561034635, 51.529279702464372 ], [ -0.013709939277592, 51.529844940043525 ], [ -0.017174944086379, 51.53131362752179 ], [ -0.018038905715735, 51.532220759497726 ], [ -0.018098928288856, 51.533437271676753 ], [ -0.021295517399262, 51.537005802029981 ], [ -0.019473705235748, 51.538252507189455 ], [ -0.017726794781993, 51.540955153131996 ], [ -0.016622750441872, 51.54138855330514 ], [ -0.016119167650398, 51.542475093879837 ], [ -0.019010981049971, 51.551594429782789 ], [ -0.016946459208604, 51.551401102341934 ], [ -0.010870132892402, 51.552621855796438 ], [ -0.009470804110591, 51.552195078723685 ], [ -0.008713992456067, 51.549921071279762 ], [ -0.003788201970369, 51.551164217464617 ], [ 0.003292748856287, 51.552093362873741 ], [ 0.005720485496616, 51.551860456240583 ], [ 0.005745593068125, 51.550657959758858 ], [ 0.009541275771011, 51.551245290108938 ], [ 0.010797995895536, 51.55224296853671 ], [ 0.009610439985944, 51.553411515059985 ], [ 0.011111467933827, 51.554384135007638 ], [ 0.011604968649449, 51.553912837904441 ], [ 0.01461391358941, 51.554962732649173 ], [ 0.016253443495648, 51.55319110061243 ], [ 0.016966241226043, 51.553149447643726 ], [ 0.021495913790842, 51.554892979255797 ], [ 0.02044694516185, 51.556126563684792 ], [ 0.022554250108846, 51.556092715905592 ], [ 0.02268554022424, 51.556698981036952 ], [ 0.023358152997121, 51.556786135611375 ], [ 0.023766804420109, 51.55552241269249 ], [ 0.025347370448413, 51.555543524102831 ], [ 0.025491159099489, 51.55404253096409 ], [ 0.035403388587815, 51.555257146880173 ], [ 0.046245816088612, 51.554828822970862 ], [ 0.04431280832273, 51.557589957946874 ], [ 0.042910072208726, 51.558359511925481 ], [ 0.042002475891067, 51.561490825752564 ], [ 0.05031834101929, 51.564020605167904 ], [ 0.051532882992433, 51.562171246290241 ], [ 0.054071135051973, 51.560839556094102 ], [ 0.054415272032071, 51.559625953211096 ], [ 0.055635622592376, 51.55935190473663 ] ] ] } },
{ "type": "Feature", "properties": { "lad_code": "E09000026", "lad_name": "Redbridge", "city": "london" }, "geometry": { "type": "Polygon", "coordinates": [ [ [ 0.032671651198424, 51.622340615314691 ], [ 0.037519039184397, 51.617898782703264 ], [ 0.040761427067331, 51.615727376183905 ], [ 0.044112044790301, 51.617049540384428 ], [ 0.053646253735375, 51.618277546317422 ], [ 0.054424889431034, 51.617608755973556 ], [ 0.054138548267951, 51.616679409046213 ], [ 0.05324152546757, 51.616341002045665 ], [ 0.05187856682603, 51.616896442321028 ], [ 0.05012806583673, 51.616415081048686 ], [ 0.048469254089903, 51.615030999605438 ], [ 0.048539242179825, 51.613848375595829 ], [ 0.047929689638125, 51.613301183595908 ], [ 0.048839509694604, 51.613575110260165 ], [ 0.062595925421469, 51.607038354008445 ], [ 0.063933608299303, 51.607240103601576 ], [ 0.065940585499373, 51.606319503170518 ], [ 0.072785115874539, 51.604680400597211 ], [ 0.079342259781058, 51.607036921570646 ], [ 0.084417023476094, 51.606338551224702 ], [ 0.087115175809493, 51.60441374304429 ], [ 0.08880975958798, 51.604858138423459 ], [ 0.089161936417623, 51.605413821486785 ], [ 0.092517826843065, 51.606191253967985 ], [ 0.091707962682377, 51.607408009474568 ], [ 0.091913643648705, 51.608228431285724 ], [ 0.09261139858285, 51.609419390795743 ], [ 0.093885859564239, 51.609837121649669 ], [ 0.094626275046527, 51.610789092694006 ], [ 0.092257968078821, 51.61357254915859 ], [ 0.098041448188515, 51.615419801100636 ], [ 0.100163234799715, 51.612728372495255 ], [ 0.103387559484162, 51.61345184114802 ], [ 0.103810895014309, 51.612549559525711 ], [ 0.109604831260079, 51.613959856671329 ], [ 0.116683063056906, 51.61691962554486 ], [ 0.118579538891717, 51.615364732218026 ], [ 0.119280159891555, 51.615366468636964 ], [ 0.124171443772699, 51.617503823410971 ], [ 0.126071254257373, 51.619641080184458 ], [ 0.128811980303973, 51.620666071403356 ], [ 0.129161775636413, 51.621401444282391 ], [ 0.135783288140835, 51.623544751701729 ], [ 0.138156925499342, 51.623542982905924 ], [ 0.144346981558852, 51.616802580738401 ], [ 0.145486120003125, 51.614532170945857 ], [ 0.147513245324627, 51.612220985545648 ], [ 0.148674780056306, 51.60869541647596 ], [ 0.148591029514835, 51.604438144646629 ], [ 0.149482897691669, 51.6029019809583 ], [ 0.148178748896461, 51.59896627787095 ], [ 0.146572739991875, 51.599433770668853 ], [ 0.137568242955949, 51.593892192769466 ], [ 0.129547127377272, 51.590044035647324 ], [ 0.130995230299893, 51.587522768467544 ], [ 0.126360000335745, 51.586723883107375 ], [ 0.127232170913957, 51.583924607770861 ], [ 0.128065976137977, 51.582832125257383 ], [ 0.127732491044752, 51.581635181021333 ], [ 0.132528674923071, 51.581305320513962 ], [ 0.13354073175534, 51.579952363158036 ], [ 0.130797260957879, 51.579364247057669 ], [ 0.131616774765935, 51.577084134885432 ], [ 0.129164459504632, 51.576311227076395 ], [ 0.129416920648052, 51.573943353842616 ], [ 0.130073247335809, 51.5730633389677 ], [ 0.130883067787449, 51.573341060973995 ], [ 0.131551866363977, 51.571823262777244 ], [ 0.129880288204967, 51.571537310917677 ], [ 0.130432406882648, 51.5702806679706 ], [ 0.129297508090527, 51.566524398538192 ], [ 0.127653308966969, 51.566160160558134 ], [ 0.125001776041643, 51.564340002173473 ], [ 0.119024342443225, 51.563050927772281 ], [ 0.11885092801085, 51.562731842960758 ], [ 0.119718786207377, 51.562506444134442 ], [ 0.117460087104924, 51.559179448726553 ], [ 0.120464735587008, 51.558572572562156 ], [ 0.118874144196016, 51.557370116952896 ], [ 0.117058192245252, 51.557416797597575 ], [ 0.117058100318244, 51.556911026448731 ], [ 0.113246049605003, 51.557265905262888 ], [ 0.112710501410427, 51.556524178123503 ], [ 0.114716067167925, 51.55531718480146 ], [ 0.112327443135701, 51.553500782761716 ], [ 0.111919584245672, 51.552668089501552 ], [ 0.108392025005158, 51.552695345488566 ], [ 0.108291781989159, 51.552155934076502 ], [ 0.104289311396733, 51.549840900043328 ], [ 0.09349278808469, 51.545856816298269 ], [ 0.092240788613401, 51.548635975171074 ], [ 0.092581358187492, 51.549648626283236 ], [ 0.091677410795739, 51.549108547241133 ], [ 0.091509833581806, 51.54830171262131 ], [ 0.08586507083287, 51.547343306350967 ], [ 0.081633067252978, 51.545583543634471 ], [ 0.081485558725505, 51.545168623107585 ], [ 0.077933063759214, 51.544050933704099 ], [ 0.076783005698892, 51.544583847673387 ], [ 0.075521936862163, 51.544010160239772 ], [ 0.071782873835511, 51.543560799103645 ], [ 0.069684482457816, 51.544064967596562 ], [ 0.069638357848943, 51.546445650236528 ], [ 0.068953789507365, 51.548974966275168 ], [ 0.06943164615596, 51.550382889717511 ], [ 0.068578829825969, 51.551376786935656 ], [ 0.067956930106614, 51.554298240347727 ], [ 0.06598381051728, 51.556793076753905 ], [ 0.0632362601654, 51.558251813118424 ], [ 0.060927962628933, 51.558474486757021 ], [ 0.057369279587322, 51.560848515723322 ], [ 0.06069844407969, 51.558423662985632 ], [ 0.064038402277522, 51.557817041636788 ], [ 0.06584385069604, 51.556720151975256 ], [ 0.067549094272061, 51.554657043306911 ], [ 0.068299794469316, 51.551426220706567 ], [ 0.069219101878753, 51.550292215409655 ], [ 0.068689616699397, 51.549017844068487 ], [ 0.069395424166754, 51.54632691562005 ], [ 0.069316867421383, 51.544153287635353 ], [ 0.068334749373457, 51.544389354366523 ], [ 0.0686864998124, 51.547463121947885 ], [ 0.067758014687317, 51.553265636800482 ], [ 0.066902900371781, 51.553280773034807 ], [ 0.066580627917971, 51.554717999666451 ], [ 0.063615892553494, 51.557275148286138 ], [ 0.060123992763528, 51.556405991854746 ], [ 0.058230460814183, 51.557876268340891 ], [ 0.057170494822418, 51.558002428814298 ], [ 0.056933784418428, 51.558668996494355 ], [ 0.056287871124708, 51.558586351028232 ], [ 0.055635622592376, 51.55935190473663 ], [ 0.054415272032071, 51.559625953211096 ], [ 0.054071135051973, 51.560839556094102 ], [ 0.051532882992433, 51.562171246290241 ], [ 0.05031834101929, 51.564020605167904 ], [ 0.042002475891067, 51.561490825752564 ], [ 0.042910072208726, 51.558359511925481 ], [ 0.04431280832273, 51.557589957946874 ], [ 0.046245816088612, 51.554828822970862 ], [ 0.035403388587815, 51.555257146880173 ], [ 0.025491159099489, 51.55404253096409 ], [ 0.025347370448413, 51.555543524102831 ], [ 0.023766804420109, 51.55552241269249 ], [ 0.023358152997121, 51.556786135611375 ], [ 0.02268554022424, 51.556698981036952 ], [ 0.022554250108846, 51.556092715905592 ], [ 0.02044694516185, 51.556126563684792 ], [ 0.017113382964757, 51.558839037637959 ], [ 0.014792611146425, 51.559424605761095 ], [ 0.014437436120891, 51.565614118817933 ], [ 0.017550405238932, 51.565661932185577 ], [ 0.018831706348451, 51.566324416669936 ], [ 0.018970943942708, 51.566974622805525 ], [ 0.017656237325291, 51.570012621211319 ], [ 0.019103908012059, 51.569853305785841 ], [ 0.018894000950052, 51.572320522058654 ], [ 0.018027609169049, 51.572035876534741 ], [ 0.016459561893464, 51.572885626104828 ], [ 0.017385582252094, 51.574484692102473 ], [ 0.0174785954961, 51.577386189930863 ], [ 0.015324264372148, 51.581641452016669 ], [ 0.015676852511568, 51.581835662174413 ], [ 0.015305639313177, 51.582473322952382 ], [ 0.015513855942118, 51.583345200619938 ], [ 0.013386730424984, 51.583782187659907 ], [ 0.012069455291031, 51.5926892368906 ], [ 0.012940202094167, 51.599121916516957 ], [ 0.019118819781087, 51.607788977938363 ], [ 0.019552760221169, 51.607609712671128 ], [ 0.019254522949893, 51.608244410120605 ], [ 0.021398348125793, 51.611090560344323 ], [ 0.021224195488472, 51.612306168406647 ], [ 0.016248258071823, 51.616855871002869 ], [ 0.008668303243733, 51.619068644951831 ], [ 0.014511922113214, 51.618891772826217 ], [ 0.014701689011317, 51.619759868648003 ], [ 0.014244542344515, 51.620275282091932 ], [ 0.015880109976348, 51.620948041204642 ], [ 0.016203110878538, 51.621773264852848 ], [ 0.018818888338525, 51.623255110696924 ], [ 0.018466004463887, 51.623503982367893 ], [ 0.019039904609148, 51.62366720129895 ], [ 0.018755373901077, 51.624090429049261 ], [ 0.019094007503236, 51.625043812023428 ], [ 0.020061497452457, 51.626427386556017 ], [ 0.01991249154646, 51.627004513953651 ], [ 0.020553768735034, 51.627333801601381 ], [ 0.020969717533296, 51.628916385684519 ], [ 0.029049305958314, 51.62511544040516 ], [ 0.02891096065864, 51.624675308710856 ], [ 0.030701031833089, 51.623634600583976 ], [ 0.030497959818252, 51.623291010391107 ], [ 0.032671651198424, 51.622340615314691 ] ] ] } },
{ "type": "Feature", "properties": { "lad_code": "E09000027", "lad_name": "Richmond upon Thames", "city": "london" }, "geometry": { "type": "MultiPolygon", "coordinates": [ [ [ [ -0.331207398569326, 51.439565451553044 ], [ -0.330689327439344, 51.438894689568279 ], [ -0.33150354233061, 51.439350176734102 ], [ -0.331207398569326, 51.439565451553044 ] ] ], [ [ [ -0.32093018195803, 51.446133241357117 ], [ -0.325078165911015, 51.444778971506913 ], [ -0.325509821253565, 51.445036025848246 ], [ -0.32515971147226, 51.444752709705256 ], [ -0.32809019946594, 51.443966339312475 ], [ -0.325809187092738, 51.445723274283139 ], [ -0.32093018195803, 51.446133241357117 ] ] ], [ [ [ -0.308760916604777, 51.458164611853292 ], [ -0.308472550920344, 51.457788166463196 ], [ -0.309941746291815, 51.45852155189997 ], [ -0.308760916604777, 51.458164611853292 ] ] ], [ [ [ -0.326898939502273, 51.46124830863468 ], [ -0.326908414751035, 51.461252002127011 ], [ -0.326883386036129, 51.461292063911422 ], [ -0.326898939502273, 51.46124830863468 ] ] ], [ [ [ -0.325334455194578, 51.463688428943733 ], [ -0.325738178261985, 51.463125070689259 ], [ -0.325227907301533, 51.463837103146084 ], [ -0.325334455194578, 51.463688428943733 ] ] ], [ [ [ -0.294815840025032, 51.485982469998227 ], [ -0.297441014092744, 51.484567411355002 ], [ -0.296431290145616, 51.485612105893111 ], [ -0.294815840025032, 51.485982469998227 ] ] ], [ [ [ -0.289910247881404, 51.487174464548374 ], [ -0.294552614842117, 51.486089216995168 ], [ -0.291903300707831, 51.487030007544845 ], [ -0.289910247881404, 51.487174464548374 ] ] ], [ [ [ -0.22664600984911, 51.476184437192849 ], [ -0.222942707269789, 51.471838064455063 ], [ -0.22373635013912, 51.471590207578245 ], [ -0.223641041409589, 51.470741564913681 ], [ -0.231217112642556, 51.472823492894015 ], [ -0.232756700859001, 51.472510289606262 ], [ -0.233506636794553, 51.467998203300027 ], [ -0.232897461627375, 51.466634042442777 ], [ -0.233650402714482, 51.466088942064232 ], [ -0.233313550475615, 51.463971502332157 ], [ -0.244269304872298, 51.465261122397166 ], [ -0.252973956179195, 51.465223903397103 ], [ -0.25597042493893, 51.463073309225578 ], [ -0.257981408708598, 51.460378681171321 ], [ -0.256823342695614, 51.459822330877877 ], [ -0.258490094135059, 51.45704351524887 ], [ -0.259134588106898, 51.45495364979049 ], [ -0.247313477599677, 51.449196143089686 ], [ -0.241622442337353, 51.443118340767938 ], [ -0.242745508372923, 51.441911675304901 ], [ -0.256209707883766, 51.436652752098297 ], [ -0.270928383762042, 51.429559539107579 ], [ -0.280422188093329, 51.421891787618264 ], [ -0.286582513812002, 51.420185945118568 ], [ -0.290639113927579, 51.428990671503591 ], [ -0.293031798603333, 51.428941429532543 ], [ -0.293416751564921, 51.426504080431158 ], [ -0.294814949290949, 51.4264443514055 ], [ -0.294743332236294, 51.42699850304971 ], [ -0.295453283080075, 51.427037573793612 ], [ -0.295506146284592, 51.427661988332154 ], [ -0.301616411667251, 51.431435142402037 ], [ -0.302102061237073, 51.431160575956412 ], [ -0.301776583970465, 51.430391284567506 ], [ -0.305939846974001, 51.431361630318463 ], [ -0.306433248509809, 51.430157818930276 ], [ -0.306904101329179, 51.430150421810282 ], [ -0.308564940355642, 51.430780929353041 ], [ -0.308089745810022, 51.431073311057737 ], [ -0.309780609442331, 51.432139198518456 ], [ -0.310673060398285, 51.432209926280919 ], [ -0.314452318734565, 51.428249250975639 ], [ -0.308383939945223, 51.425009782798924 ], [ -0.306728639111408, 51.423046483638011 ], [ -0.305952616142395, 51.421262045685076 ], [ -0.308274311318876, 51.415313902215516 ], [ -0.309070384313058, 51.409166458143773 ], [ -0.308755436516072, 51.402259151021305 ], [ -0.309520783815296, 51.40014495226108 ], [ -0.312951718428323, 51.397059833736989 ], [ -0.319855196594241, 51.392594394402273 ], [ -0.325882546465643, 51.391440590167704 ], [ -0.327609120890027, 51.391745819137277 ], [ -0.328693916446848, 51.392309769365951 ], [ -0.332309969231578, 51.395995626404186 ], [ -0.336732496258257, 51.399222476053701 ], [ -0.340552431551615, 51.403087629299009 ], [ -0.343740765668047, 51.403897089714732 ], [ -0.355130453706055, 51.409807268429127 ], [ -0.355378356863725, 51.410752253833898 ], [ -0.359160682334489, 51.411903196675894 ], [ -0.364761144598657, 51.411592119141396 ], [ -0.373881356312579, 51.408493460055404 ], [ -0.379449028553082, 51.407834131022589 ], [ -0.383371112855874, 51.40853844059064 ], [ -0.383798492308223, 51.410118901300912 ], [ -0.389197980526995, 51.410319991243639 ], [ -0.389670948233395, 51.410693364677286 ], [ -0.390313707737904, 51.414337853301532 ], [ -0.386143916009026, 51.414280512471777 ], [ -0.386615336185623, 51.415021649814264 ], [ -0.38678304618519, 51.417654196451636 ], [ -0.387714980963145, 51.419327975287175 ], [ -0.38666311764864, 51.420080511994975 ], [ -0.392933798552397, 51.423276557462408 ], [ -0.391040784670577, 51.423145484644223 ], [ -0.385452379171883, 51.420628710505802 ], [ -0.384103391434589, 51.42269208820624 ], [ -0.388408731007578, 51.427996945293835 ], [ -0.387124637166929, 51.428175703288318 ], [ -0.387956113302266, 51.428623320878955 ], [ -0.387747743190207, 51.428887415902288 ], [ -0.38317177290342, 51.432238205007145 ], [ -0.376114012773852, 51.435506126604508 ], [ -0.377893387531157, 51.436279634181808 ], [ -0.377782905740267, 51.436819272854009 ], [ -0.366844900339183, 51.441623332787806 ], [ -0.373099592321889, 51.443669251531276 ], [ -0.373902806394343, 51.443033937542523 ], [ -0.375948098764498, 51.443087060313246 ], [ -0.378226563808251, 51.442484205055102 ], [ -0.379567480131097, 51.443103582851428 ], [ -0.379769040567469, 51.444321672076178 ], [ -0.38292654000994, 51.445095053610117 ], [ -0.38624482286346, 51.446712045112321 ], [ -0.38627836727846, 51.448124058317703 ], [ -0.387807988826263, 51.44937133234567 ], [ -0.384511530062847, 51.449894901760416 ], [ -0.383772842880542, 51.449506183964061 ], [ -0.375279400375011, 51.456271290631037 ], [ -0.373045388581735, 51.457473199038454 ], [ -0.372708987488736, 51.456997819495982 ], [ -0.368456593074012, 51.456862791152645 ], [ -0.367858759521351, 51.457425110990968 ], [ -0.365053737036523, 51.45780579706971 ], [ -0.355834334087648, 51.458380983211036 ], [ -0.353508606891288, 51.458180528274049 ], [ -0.352832283009478, 51.456864103960278 ], [ -0.348590895358097, 51.456764973021514 ], [ -0.346045761483332, 51.457260195869011 ], [ -0.345310881285759, 51.457859710493942 ], [ -0.342757159783446, 51.458072120973739 ], [ -0.341728409600893, 51.459017635431998 ], [ -0.34013316002414, 51.459241606952546 ], [ -0.34066660941539, 51.457269255157975 ], [ -0.337004171041308, 51.454648549915866 ], [ -0.336295194931388, 51.455679275432779 ], [ -0.333049873759837, 51.455378729626418 ], [ -0.330395709689431, 51.457933951776027 ], [ -0.328477379473507, 51.457999483790985 ], [ -0.326956170218828, 51.457011296142348 ], [ -0.325610413466663, 51.458081255879279 ], [ -0.326535574209668, 51.459302845420218 ], [ -0.32635320884935, 51.460814875618823 ], [ -0.326842720778631, 51.46132453599985 ], [ -0.326400423016429, 51.462065109664714 ], [ -0.323708023443954, 51.465117756784352 ], [ -0.321758110404683, 51.465363079930611 ], [ -0.31898556953999, 51.462661272312786 ], [ -0.314018129931398, 51.459713524523259 ], [ -0.307556041727152, 51.457212914893432 ], [ -0.308058373906125, 51.456668481210713 ], [ -0.307285981241663, 51.45700353976963 ], [ -0.305970065499467, 51.456156333169581 ], [ -0.303914329682398, 51.453290855389959 ], [ -0.304373429460221, 51.451621310444345 ], [ -0.308877632181194, 51.448677058065364 ], [ -0.315826667740816, 51.446658480435012 ], [ -0.325172255481498, 51.446533833955755 ], [ -0.32720867956983, 51.445643885791668 ], [ -0.330391128361139, 51.442960509423521 ], [ -0.331653754986038, 51.441264083995392 ], [ -0.331229392481208, 51.439741025687269 ], [ -0.33186665995166, 51.439172333704477 ], [ -0.330598083489151, 51.438468604279237 ], [ -0.32908918757306, 51.436663012873424 ], [ -0.328476280297214, 51.433907679297967 ], [ -0.32724408205417, 51.43242600029096 ], [ -0.322353594286477, 51.429889488430426 ], [ -0.318507358335116, 51.429093850745041 ], [ -0.318340810637985, 51.429543702542318 ], [ -0.319091483787822, 51.430012712148205 ], [ -0.323375839566668, 51.430867652767979 ], [ -0.326974529276844, 51.433385690950331 ], [ -0.327617135173414, 51.434383576695424 ], [ -0.32804201548937, 51.436695741734674 ], [ -0.329096236411245, 51.438047045066277 ], [ -0.328528112454356, 51.438002076984198 ], [ -0.329168039864577, 51.438188799684454 ], [ -0.33010569787607, 51.439660728557811 ], [ -0.330099986963637, 51.441592665032225 ], [ -0.327812831464613, 51.443444420982985 ], [ -0.321733176544462, 51.4453677956717 ], [ -0.313008633014907, 51.446491619511775 ], [ -0.305779174270016, 51.448599049910889 ], [ -0.302842933579104, 51.451307360842989 ], [ -0.302634466101927, 51.452232809756424 ], [ -0.302824388612795, 51.453398728021916 ], [ -0.305059548580655, 51.456456179526924 ], [ -0.308015245700806, 51.458808050412983 ], [ -0.313902517647367, 51.460725821633012 ], [ -0.319793452599102, 51.464672308163266 ], [ -0.318602454054184, 51.47020622952472 ], [ -0.317737983733603, 51.47100494237543 ], [ -0.314618298269891, 51.471793736684567 ], [ -0.306826092248947, 51.474934471697232 ], [ -0.302605279277147, 51.479247792817773 ], [ -0.295284633820977, 51.484825682060645 ], [ -0.290024997459434, 51.486339408586112 ], [ -0.287314062902933, 51.486499478746161 ], [ -0.2844551168612, 51.485901511095399 ], [ -0.277963722974857, 51.482056089569554 ], [ -0.274008176033444, 51.475648397036956 ], [ -0.27051103672474, 51.472695307098427 ], [ -0.267848348157297, 51.471229963049055 ], [ -0.264050203778668, 51.470215739852307 ], [ -0.258576474178569, 51.470429884637831 ], [ -0.255700997918316, 51.471169485597812 ], [ -0.251500168617735, 51.473628797439169 ], [ -0.249678606292438, 51.476084033709363 ], [ -0.249401404492918, 51.482064359999008 ], [ -0.248422698394931, 51.483833393440236 ], [ -0.241102139127069, 51.48828073427034 ], [ -0.239019363757781, 51.488859163626458 ], [ -0.235659275628484, 51.48899794966907 ], [ -0.231338082539523, 51.487879392937067 ], [ -0.228041536013629, 51.4851170563525 ], [ -0.226860163304707, 51.480966717780639 ], [ -0.22664600984911, 51.476184437192849 ] ] ] ] } },
{ "type": "Feature", "properties": { "lad_code": "E09000028", "lad_name": "Southwark", "city": "london" }, "geometry": { "type": "Polygon", "coordinates": [ [ [ -0.108883084177704, 51.508424559776124 ], [ -0.096138827474518, 51.508376826080557 ], [ -0.092102837951005, 51.507228533771915 ], [ -0.081161303818021, 51.50593854384821 ], [ -0.072744421751861, 51.503601389652502 ], [ -0.07089827438211, 51.502568810854889 ], [ -0.073513456221655, 51.500485049922446 ], [ -0.070803967627843, 51.502208904300403 ], [ -0.063815024524434, 51.500628379286177 ], [ -0.057281242421576, 51.500852484514638 ], [ -0.050747873873018, 51.502898820658991 ], [ -0.048809765356107, 51.50402457121352 ], [ -0.04919638485111, 51.504358154804713 ], [ -0.047731752355024, 51.504153929753336 ], [ -0.0480355314272, 51.504766887953814 ], [ -0.047008009961193, 51.505359481230421 ], [ -0.046077011860873, 51.505146945150045 ], [ -0.046568977815097, 51.505655220760509 ], [ -0.04534467284988, 51.505922315834759 ], [ -0.044393734955195, 51.506949427691339 ], [ -0.041328272010254, 51.507489806056761 ], [ -0.037291142105553, 51.507229509603256 ], [ -0.03734101346345, 51.506421096837229 ], [ -0.036816902639683, 51.507132185124334 ], [ -0.034221273980805, 51.506302929334339 ], [ -0.033085287939847, 51.505092626965556 ], [ -0.033044091605943, 51.504359485096508 ], [ -0.032348599193977, 51.504348267660163 ], [ -0.032516196632007, 51.49828283921596 ], [ -0.032970911452271, 51.496940669911787 ], [ -0.032575268823484, 51.496007789122245 ], [ -0.033983882725138, 51.495681599278079 ], [ -0.032560870777717, 51.495673020698256 ], [ -0.03269051979197, 51.494401835385929 ], [ -0.033275761380577, 51.494142771834667 ], [ -0.032666214828989, 51.494129849308003 ], [ -0.032419160056831, 51.493087885530421 ], [ -0.03727729826331, 51.492223538178195 ], [ -0.039261004866495, 51.4929653157606 ], [ -0.040518179337281, 51.492796174943322 ], [ -0.040056916232564, 51.492181525156084 ], [ -0.041050075738613, 51.49182975918756 ], [ -0.040303208468429, 51.491044710169461 ], [ -0.042281879469921, 51.490087917518721 ], [ -0.04655506430156, 51.490347485443827 ], [ -0.046567057875135, 51.490668435909249 ], [ -0.051962854808892, 51.489113717910278 ], [ -0.050091522647027, 51.488329430238196 ], [ -0.050513068137617, 51.487919559142895 ], [ -0.052617601437239, 51.487550869883499 ], [ -0.053995514067572, 51.487940174099705 ], [ -0.052880515422631, 51.486683362132347 ], [ -0.052951311743056, 51.486002798923558 ], [ -0.053560134416552, 51.48567926071879 ], [ -0.05308155658099, 51.485036887817408 ], [ -0.052808052656042, 51.482724458300879 ], [ -0.054260404961319, 51.478595075830562 ], [ -0.052713199108913, 51.47801372489694 ], [ -0.052767296841748, 51.472969378986164 ], [ -0.051683402761325, 51.469715448966149 ], [ -0.052295223334492, 51.469225550160473 ], [ -0.05087701802327, 51.46757640725869 ], [ -0.051322764114963, 51.467369523358066 ], [ -0.050569821082374, 51.466789374898184 ], [ -0.050837583301119, 51.466653676945086 ], [ -0.048202014547096, 51.465894062631925 ], [ -0.048540974428823, 51.465626250403972 ], [ -0.045999093611287, 51.463974619564191 ], [ -0.045216777346618, 51.462044913456715 ], [ -0.045237113965564, 51.459430804133923 ], [ -0.046159764251275, 51.456946064567397 ], [ -0.041673328414322, 51.454996886032717 ], [ -0.046105880538805, 51.449868171231522 ], [ -0.049022513101148, 51.450106599334767 ], [ -0.053881605650341, 51.44868642680467 ], [ -0.057603504274409, 51.450325790320136 ], [ -0.061827267846719, 51.447786615016852 ], [ -0.063043464268589, 51.446199150550108 ], [ -0.064061668689778, 51.44207178670414 ], [ -0.065056236871573, 51.44116366006552 ], [ -0.064074819245549, 51.44084111988721 ], [ -0.063426439051276, 51.437572068983656 ], [ -0.064419073470308, 51.437050866183064 ], [ -0.065877393475759, 51.434626773765117 ], [ -0.066838269071327, 51.433881825167425 ], [ -0.069139607384224, 51.432830958298297 ], [ -0.072252095342191, 51.432498768948797 ], [ -0.074889958027036, 51.429842040164885 ], [ -0.075106586235708, 51.428983525726871 ], [ -0.073933224108275, 51.426213353997028 ], [ -0.075067451865392, 51.425627390741731 ], [ -0.078313665683914, 51.420605202262678 ], [ -0.079243315333786, 51.420869107489125 ], [ -0.078934443879027, 51.421568696191081 ], [ -0.079861335082429, 51.422140002621148 ], [ -0.080902079134812, 51.421860184845322 ], [ -0.081760368566729, 51.423378826124534 ], [ -0.083488334726336, 51.422997226363862 ], [ -0.084060893748129, 51.42569170105785 ], [ -0.086100982965256, 51.427817412492921 ], [ -0.085935193887442, 51.428504683384688 ], [ -0.088223764620174, 51.429335565200979 ], [ -0.091045127672282, 51.43755324234079 ], [ -0.094452465618697, 51.443235242313754 ], [ -0.095091134672058, 51.445411887645498 ], [ -0.096063565974967, 51.446725715879857 ], [ -0.099160067720445, 51.448974679061173 ], [ -0.099988002440892, 51.450272504094812 ], [ -0.100788385111688, 51.450335787852445 ], [ -0.101479989905046, 51.452215941206447 ], [ -0.101106135074218, 51.453926856977908 ], [ -0.09583830560012, 51.457414537239558 ], [ -0.094973156893429, 51.45878670819463 ], [ -0.092269887957476, 51.461057880157902 ], [ -0.090683555935568, 51.463316924989513 ], [ -0.0900887503566, 51.465830010672839 ], [ -0.092782159794675, 51.469868671903349 ], [ -0.093040914844787, 51.472027771471772 ], [ -0.094169095525919, 51.470672328427078 ], [ -0.096000933754773, 51.469866666752033 ], [ -0.098854826292322, 51.4718708658135 ], [ -0.100679671409677, 51.474446534552143 ], [ -0.09999788371989, 51.476863135574803 ], [ -0.108234654468841, 51.480285205325032 ], [ -0.104059115829082, 51.480900431158453 ], [ -0.106043701186581, 51.482697055742889 ], [ -0.105637463165845, 51.482939207750086 ], [ -0.107214868545236, 51.483648069004623 ], [ -0.106384851260313, 51.484897589376658 ], [ -0.108485947510816, 51.4858478010242 ], [ -0.103297826917161, 51.491251641350082 ], [ -0.104877763390802, 51.493526762817361 ], [ -0.110959393387275, 51.495466790502363 ], [ -0.111491921061052, 51.4964576477443 ], [ -0.110283121736728, 51.496762063108712 ], [ -0.108292452534668, 51.500441296627692 ], [ -0.105942169403662, 51.502032039738729 ], [ -0.106103029864458, 51.502522921093927 ], [ -0.106782956157251, 51.502208273247568 ], [ -0.107417896481051, 51.503034263572317 ], [ -0.106428808458495, 51.503365295470374 ], [ -0.106511590514702, 51.505061555733725 ], [ -0.10736431656887, 51.507070703208406 ], [ -0.108190723592767, 51.506920772273091 ], [ -0.108883084177704, 51.508424559776124 ] ] ] } },
{ "type": "Feature", "properties": { "lad_code": "E09000029", "lad_name": "Sutton", "city": "london" }, "geometry": { "type": "Polygon", "coordinates": [ [ [ -0.166354915363006, 51.389610106299955 ], [ -0.165324594251056, 51.388000106294712 ], [ -0.16098653433696, 51.387820287075606 ], [ -0.158052073124945, 51.389252316724267 ], [ -0.144306025576865, 51.390665886365326 ], [ -0.141875444532048, 51.389304831513869 ], [ -0.134862125607227, 51.39096187371883 ], [ -0.132638445182684, 51.39012552713487 ], [ -0.13326029016618, 51.38955272244452 ], [ -0.129591964898501, 51.387231555442959 ], [ -0.130657722812125, 51.386268797327027 ], [ -0.128785416163359, 51.385643696736963 ], [ -0.129540293334526, 51.385301273333042 ], [ -0.128674134693501, 51.382494043332315 ], [ -0.130287227682422, 51.382214646224526 ], [ -0.128074479278602, 51.380475719180225 ], [ -0.125866294792536, 51.375599795524579 ], [ -0.126860032741925, 51.375466945745501 ], [ -0.126699824871308, 51.37491579362004 ], [ -0.127867662866822, 51.374741562146539 ], [ -0.124787371151754, 51.373686832566193 ], [ -0.124771227866061, 51.372936990678632 ], [ -0.123352102144166, 51.371198901734395 ], [ -0.122103635221527, 51.365754615993708 ], [ -0.124141433386312, 51.365350617160459 ], [ -0.122362358100771, 51.364521762467277 ], [ -0.121326747431329, 51.364727331664504 ], [ -0.120928894506169, 51.363308219858347 ], [ -0.12139223096239, 51.361040467969588 ], [ -0.122039556382228, 51.360964454015104 ], [ -0.121842372924109, 51.35997756444565 ], [ -0.122910295229844, 51.359924522187704 ], [ -0.121919988362949, 51.359072214747393 ], [ -0.124616770611997, 51.358873475903529 ], [ -0.124580397920398, 51.358363833557227 ], [ -0.12421427512293, 51.357414828119637 ], [ -0.121399447516324, 51.357740685774083 ], [ -0.120174587120317, 51.353028121143424 ], [ -0.11912030455805, 51.353138468681173 ], [ -0.116867770757962, 51.34576344632886 ], [ -0.126880466060993, 51.344865245700142 ], [ -0.127304555154687, 51.347091915850108 ], [ -0.12837291002887, 51.347451363033002 ], [ -0.128877323229341, 51.347271431221287 ], [ -0.128989803020963, 51.346583163070065 ], [ -0.131444147348823, 51.346025550516316 ], [ -0.131117814460145, 51.345471757660512 ], [ -0.132889504701199, 51.345435198569291 ], [ -0.132510398498038, 51.344273458006136 ], [ -0.13689475333942, 51.344721187501591 ], [ -0.144601499740619, 51.342088997079124 ], [ -0.143484387899719, 51.340540361496807 ], [ -0.144305786121328, 51.340220316888839 ], [ -0.144489300148287, 51.339512787789559 ], [ -0.147509291741025, 51.338799506145925 ], [ -0.145619913894271, 51.332456564539683 ], [ -0.144096935028382, 51.33069238588029 ], [ -0.149213524402824, 51.328847680774878 ], [ -0.144436920617442, 51.326466505243623 ], [ -0.144257820631665, 51.32593078154428 ], [ -0.145602322922688, 51.323494768833704 ], [ -0.150703260103918, 51.322170299491816 ], [ -0.152096315127292, 51.322273270066525 ], [ -0.152746507128056, 51.323002271276756 ], [ -0.156549277024264, 51.321487266549418 ], [ -0.158660086816438, 51.323977826360753 ], [ -0.160625708294417, 51.323243471445963 ], [ -0.164212529406609, 51.326042472880872 ], [ -0.163592725183068, 51.326215345953749 ], [ -0.164387597817429, 51.328127968317482 ], [ -0.162315929534786, 51.328891289049459 ], [ -0.163102105564376, 51.330266081274573 ], [ -0.170091215346481, 51.329476207744612 ], [ -0.169919777816078, 51.330247760542228 ], [ -0.172879983554363, 51.330015295028474 ], [ -0.174164373723611, 51.333213332297731 ], [ -0.174691491426076, 51.33317021545642 ], [ -0.175045019995742, 51.333811507044921 ], [ -0.187484261917369, 51.340813811882299 ], [ -0.193254396883919, 51.3426270653706 ], [ -0.196715439210325, 51.34315966444796 ], [ -0.196566326314071, 51.34344783853836 ], [ -0.197344452167444, 51.3435965565522 ], [ -0.199582498259128, 51.341885459747132 ], [ -0.2012243980226, 51.339885575498926 ], [ -0.202080046132867, 51.340141588967391 ], [ -0.213079041390563, 51.3355549153844 ], [ -0.21199352592641, 51.33332749970382 ], [ -0.214254758392129, 51.330254129087393 ], [ -0.216110433092544, 51.329800850404823 ], [ -0.220866769023718, 51.329803326479094 ], [ -0.229847688445976, 51.336523975609161 ], [ -0.226851867032098, 51.337889654282428 ], [ -0.224115586250172, 51.340042407706257 ], [ -0.223286145230163, 51.339882301734342 ], [ -0.222301789295012, 51.340461790497109 ], [ -0.222725407447394, 51.34083060871631 ], [ -0.221810965654053, 51.341346426002211 ], [ -0.217289471898416, 51.343388298619168 ], [ -0.217802518647492, 51.345632568532629 ], [ -0.220210544905428, 51.350080971602679 ], [ -0.220445883470941, 51.351420830587749 ], [ -0.222116860907249, 51.3513257374426 ], [ -0.221999854245219, 51.353531651909016 ], [ -0.222761373283037, 51.357087180237677 ], [ -0.226969543024607, 51.362626841902028 ], [ -0.233215969020474, 51.366011333246071 ], [ -0.233974024931352, 51.365386088076939 ], [ -0.237849290270241, 51.367008258129069 ], [ -0.240915343837222, 51.367038152942904 ], [ -0.241174818045817, 51.366263332704456 ], [ -0.245406821668409, 51.366890693967001 ], [ -0.244703708596897, 51.369062529243202 ], [ -0.244964547067252, 51.38064744463427 ], [ -0.244302812436109, 51.383067135695349 ], [ -0.243256162257393, 51.382598079099552 ], [ -0.241662510588215, 51.384495867977677 ], [ -0.238754218587711, 51.386089217700793 ], [ -0.239714928168648, 51.389274915337886 ], [ -0.234665146448392, 51.390558747790436 ], [ -0.233736352699045, 51.387615934909917 ], [ -0.227748786012581, 51.38397039395285 ], [ -0.21810462721311, 51.380183492686186 ], [ -0.209808398235434, 51.388300766620674 ], [ -0.205098484183756, 51.386136802826094 ], [ -0.203431670862683, 51.387254302273874 ], [ -0.200307261085395, 51.384942595856373 ], [ -0.193868835468961, 51.387914598880421 ], [ -0.188424022472654, 51.385435327795584 ], [ -0.17932482636204, 51.3898055319642 ], [ -0.174838222035014, 51.393413981689818 ], [ -0.171333227932211, 51.392518825186421 ], [ -0.166354915363006, 51.389610106299955 ] ] ] } },
{ "type": "Feature", "properties": { "lad_code": "E09000030", "lad_name": "Tower Hamlets", "city": "london" }, "geometry": { "type": "Polygon", "coordinates": [ [ [ -0.029581144275754, 51.543089471446152 ], [ -0.029018689283761, 51.54227144976155 ], [ -0.025612221233443, 51.543337362502044 ], [ -0.016577425307221, 51.543328133122003 ], [ -0.016119167650398, 51.542475093879837 ], [ -0.016622750441872, 51.54138855330514 ], [ -0.017726794781993, 51.540955153131996 ], [ -0.019473705235748, 51.538252507189455 ], [ -0.021295517399262, 51.537005802029981 ], [ -0.018098928288856, 51.533437271676753 ], [ -0.018038905715735, 51.532220759497726 ], [ -0.017174944086379, 51.53131362752179 ], [ -0.013709939277592, 51.529844940043525 ], [ -0.01071561034635, 51.529279702464372 ], [ -0.007590132748128, 51.526274266790338 ], [ -0.008117984348068, 51.523833736359471 ], [ -0.007890621503877, 51.523023585886136 ], [ -0.008663710387744, 51.521824323734194 ], [ -0.009378079135223, 51.521820578048015 ], [ -0.009192925639557, 51.519893817315101 ], [ -0.006750919228974, 51.51829751149517 ], [ -0.005998448334052, 51.516420299649489 ], [ -0.004401866667061, 51.516409565166114 ], [ -0.003481344904542, 51.517612953355794 ], [ -0.002620118761108, 51.517789410832897 ], [ 0.002645284096531, 51.515516084445544 ], [ 0.00356153665731, 51.514544011422231 ], [ 0.001731485971649, 51.510911171038558 ], [ 0.002780527156643, 51.510384801454066 ], [ 0.004300044473477, 51.510594450753757 ], [ 0.005912844526665, 51.513927891644379 ], [ 0.006667109419804, 51.513922632457273 ], [ 0.007366003593733, 51.512726434983364 ], [ 0.005555508919763, 51.510025333453427 ], [ 0.006323745632572, 51.509371914092121 ], [ 0.00893024743779, 51.508837192473486 ], [ 0.008762543426031, 51.507367062255355 ], [ 0.005773836570137, 51.508264311827119 ], [ 0.003648715715056, 51.508378991889231 ], [ 0.003442552225916, 51.508015612455786 ], [ -0.001760295897505, 51.507474890683611 ], [ -0.005800869995267, 51.505134529943881 ], [ -0.005616740236365, 51.504797320739826 ], [ -0.007246257383757, 51.503117761720198 ], [ -0.00766026912897, 51.501504765015007 ], [ -0.008684342203119, 51.501348150528635 ], [ -0.007769404429106, 51.500802941852527 ], [ -0.007304118251181, 51.498306760956545 ], [ -0.005632644729767, 51.495835931724223 ], [ -0.006238956808827, 51.495609734229419 ], [ -0.00545060682306, 51.494643102516072 ], [ -0.004786549461148, 51.494542328281632 ], [ -0.00332562720448, 51.492270186962408 ], [ -0.003084798032393, 51.490875320962665 ], [ -0.003713380057899, 51.488983662180168 ], [ -0.004461569101558, 51.488277431049525 ], [ -0.005152315445759, 51.488606177176209 ], [ -0.004647067905873, 51.488136254945381 ], [ -0.006695638179651, 51.48708316051556 ], [ -0.011526307967826, 51.486139833083847 ], [ -0.016403627300766, 51.486141419267625 ], [ -0.021006497594305, 51.487328532308943 ], [ -0.023849797368459, 51.4889457076601 ], [ -0.025725804361789, 51.490694639726783 ], [ -0.027358292307007, 51.493511459997912 ], [ -0.026259049361565, 51.494013188874881 ], [ -0.02765557934256, 51.49425026223426 ], [ -0.027899763524269, 51.494684218467903 ], [ -0.02743933625116, 51.501811700766183 ], [ -0.026774693994749, 51.50333871298222 ], [ -0.028483891035117, 51.505665589695816 ], [ -0.028656134116682, 51.504990380940782 ], [ -0.028961718564538, 51.505392093140657 ], [ -0.028478917968123, 51.5057176050057 ], [ -0.030129371100313, 51.507422090024676 ], [ -0.031551880301367, 51.50783933109669 ], [ -0.02988319330968, 51.508907064684436 ], [ -0.032626459804152, 51.508241078488851 ], [ -0.035943495797879, 51.509380558272909 ], [ -0.037360714992365, 51.509359500358975 ], [ -0.036949958997219, 51.509977343974306 ], [ -0.037827714888371, 51.509498427147392 ], [ -0.042131978249016, 51.509798849949846 ], [ -0.046084899366668, 51.509354816042467 ], [ -0.049714050573532, 51.508078469766076 ], [ -0.049426316930226, 51.507847969762686 ], [ -0.056189636656012, 51.503875366524568 ], [ -0.059656472237927, 51.502824437629883 ], [ -0.065373150477199, 51.503489014058459 ], [ -0.06810692141274, 51.504478572964416 ], [ -0.068093960040447, 51.504877001536087 ], [ -0.068691280519056, 51.504535139054894 ], [ -0.070600488985772, 51.505354765750376 ], [ -0.071212259766058, 51.505165193094491 ], [ -0.071298053125056, 51.505778100720434 ], [ -0.079491089330246, 51.507824179773209 ], [ -0.078730966988127, 51.508833516980907 ], [ -0.079097809670214, 51.509062667019499 ], [ -0.078840904407861, 51.509459301613091 ], [ -0.077881838987137, 51.510084006056523 ], [ -0.076238456882075, 51.51055897714761 ], [ -0.075543603628373, 51.509735002922113 ], [ -0.072838942155738, 51.510235695134199 ], [ -0.074029621253052, 51.514477035556865 ], [ -0.076898365621846, 51.516623574968932 ], [ -0.07819983012462, 51.518469658408605 ], [ -0.078125402141889, 51.518977070428747 ], [ -0.079439271337532, 51.518883760049924 ], [ -0.078278511605203, 51.521900989673952 ], [ -0.076146428288105, 51.522367412888556 ], [ -0.075768209773259, 51.523679781878315 ], [ -0.075953899311416, 51.524337484163624 ], [ -0.076486462312501, 51.524316697995907 ], [ -0.076323676423031, 51.527140597260015 ], [ -0.077300037005022, 51.527303724563687 ], [ -0.075741919385421, 51.528356592933143 ], [ -0.07460206096314, 51.529850528104092 ], [ -0.072855179111341, 51.53065547084563 ], [ -0.066280338871306, 51.531218677949845 ], [ -0.065189246975509, 51.533153809188597 ], [ -0.062217193233186, 51.533257874883013 ], [ -0.062887255640053, 51.534917418346488 ], [ -0.062461477836593, 51.535531204615118 ], [ -0.060100426808771, 51.53419476574652 ], [ -0.058785042280676, 51.534103529688018 ], [ -0.054701288425754, 51.535154307647709 ], [ -0.052883669004772, 51.534937586026118 ], [ -0.052404125776455, 51.535929907595808 ], [ -0.050940179935688, 51.536460581688097 ], [ -0.047187085605035, 51.535447600213068 ], [ -0.044990605806498, 51.535780266830706 ], [ -0.041520994807535, 51.537441288610559 ], [ -0.03717121177957, 51.541415236010565 ], [ -0.037761106786115, 51.541797139731983 ], [ -0.033218693436491, 51.544684236437817 ], [ -0.029581144275754, 51.543089471446152 ] ] ] } },
{ "type": "Feature", "properties": { "lad_code": "E09000031", "lad_name": "Waltham Forest", "city": "london" }, "geometry": { "type": "Polygon", "coordinates": [ [ [ -0.008217711355897, 51.643607366478705 ], [ -0.004585740955345, 51.643536705327087 ], [ -0.004010444861939, 51.642715855730522 ], [ -0.000521086064257, 51.643709472361323 ], [ 0.00104091177351, 51.641761173508556 ], [ 0.009872322126834, 51.641448411344882 ], [ 0.017394302963507, 51.640256517888304 ], [ 0.02269313856311, 51.641114055759772 ], [ 0.023056475110693, 51.637716693747663 ], [ 0.025132851260503, 51.637287943601073 ], [ 0.0246860581356, 51.636050179845988 ], [ 0.025712332765303, 51.634563965292145 ], [ 0.024303377318748, 51.632387793817202 ], [ 0.023863994499059, 51.630795604145128 ], [ 0.021792767922227, 51.628831385512783 ], [ 0.020969717533296, 51.628916385684519 ], [ 0.01844201179569, 51.622784733906201 ], [ 0.017031596752325, 51.622354404161804 ], [ 0.015880109976348, 51.620948041204642 ], [ 0.014244542344515, 51.620275282091932 ], [ 0.014701689011317, 51.619759868648003 ], [ 0.014511922113214, 51.618891772826217 ], [ 0.008668303243733, 51.619068644951831 ], [ 0.016248258071823, 51.616855871002869 ], [ 0.021224195488472, 51.612306168406647 ], [ 0.021398348125793, 51.611090560344323 ], [ 0.019254522949893, 51.608244410120605 ], [ 0.019552760221169, 51.607609712671128 ], [ 0.019118819781087, 51.607788977938363 ], [ 0.012940202094167, 51.599121916516957 ], [ 0.012069455291031, 51.5926892368906 ], [ 0.013386730424984, 51.583782187659907 ], [ 0.015513855942118, 51.583345200619938 ], [ 0.015305639313177, 51.582473322952382 ], [ 0.015676852511568, 51.581835662174413 ], [ 0.015324264372148, 51.581641452016669 ], [ 0.0174785954961, 51.577386189930863 ], [ 0.017385582252094, 51.574484692102473 ], [ 0.016459561893464, 51.572885626104828 ], [ 0.018027609169049, 51.572035876534741 ], [ 0.018894000950052, 51.572320522058654 ], [ 0.019103908012059, 51.569853305785841 ], [ 0.017656237325291, 51.570012621211319 ], [ 0.018970943942708, 51.566974622805525 ], [ 0.018831706348451, 51.566324416669936 ], [ 0.017550405238932, 51.565661932185577 ], [ 0.014437436120891, 51.565614118817933 ], [ 0.014792611146425, 51.559424605761095 ], [ 0.017113382964757, 51.558839037637959 ], [ 0.021495913790842, 51.554892979255797 ], [ 0.016966241226043, 51.553149447643726 ], [ 0.016253443495648, 51.55319110061243 ], [ 0.01461391358941, 51.554962732649173 ], [ 0.011604968649449, 51.553912837904441 ], [ 0.011111467933827, 51.554384135007638 ], [ 0.009610439985944, 51.553411515059985 ], [ 0.010797995895536, 51.55224296853671 ], [ 0.009541275771011, 51.551245290108938 ], [ 0.005745593068125, 51.550657959758858 ], [ 0.005720485496616, 51.551860456240583 ], [ 0.003292748856287, 51.552093362873741 ], [ -0.003788201970369, 51.551164217464617 ], [ -0.008713992456067, 51.549921071279762 ], [ -0.009470804110591, 51.552195078723685 ], [ -0.010870132892402, 51.552621855796438 ], [ -0.016946459208604, 51.551401102341934 ], [ -0.018491944025459, 51.555182780307234 ], [ -0.023968472613492, 51.557367998639329 ], [ -0.02436638068232, 51.558637193589071 ], [ -0.025805870307525, 51.559873956528953 ], [ -0.028418101960798, 51.561018496558795 ], [ -0.030067109612775, 51.561357176817943 ], [ -0.033312738025494, 51.560618315513999 ], [ -0.036313915255028, 51.561473650079677 ], [ -0.038846908368869, 51.56115709436056 ], [ -0.040202948236186, 51.561781398928268 ], [ -0.04238964139476, 51.561366629216451 ], [ -0.045156507383854, 51.56178843740939 ], [ -0.047274732707039, 51.562704624749969 ], [ -0.046682897710869, 51.56437522888303 ], [ -0.051171145679324, 51.567727897787044 ], [ -0.053313600038875, 51.568657488098701 ], [ -0.054381285979018, 51.570283598953651 ], [ -0.056342123954081, 51.570709681415032 ], [ -0.058457955184291, 51.572563266812097 ], [ -0.062210107379569, 51.579190286604351 ], [ -0.061026170561227, 51.580848439823654 ], [ -0.057857785227675, 51.582512847852769 ], [ -0.055761729570881, 51.584253415816214 ], [ -0.05486518677065, 51.58577888845263 ], [ -0.052182700910647, 51.587660004992529 ], [ -0.053557895828332, 51.590004293700311 ], [ -0.052314070474708, 51.593539466766799 ], [ -0.050428055120378, 51.596662546695555 ], [ -0.046057715266999, 51.60012039082028 ], [ -0.041416143533355, 51.605645362714512 ], [ -0.035249701283277, 51.60826684305011 ], [ -0.03397234665471, 51.609502489146074 ], [ -0.035519417994091, 51.611962489437104 ], [ -0.035348125577085, 51.612982786820723 ], [ -0.032124919164258, 51.616863244443913 ], [ -0.025963855122704, 51.621741479441631 ], [ -0.016835379054861, 51.633527943087039 ], [ -0.013334969504474, 51.639693902539939 ], [ -0.012286012674996, 51.646227468913921 ], [ -0.009240431834551, 51.646526564898714 ], [ -0.007370131116739, 51.646160323956337 ], [ -0.008472144058048, 51.644496559340261 ], [ -0.008217711355897, 51.643607366478705 ] ] ] } },
{ "type": "Feature", "properties": { "lad_code": "E09000032", "lad_name": "Wandsworth", "city": "london" }, "geometry": { "type": "Polygon", "coordinates": [ [ [ -0.126333542651406, 51.484470018670478 ], [ -0.127506793882393, 51.482008757572096 ], [ -0.129962365056163, 51.481172581007833 ], [ -0.135232290663642, 51.474290728720547 ], [ -0.134471121352636, 51.47396158128516 ], [ -0.13468973685895, 51.47333934032639 ], [ -0.135819385352837, 51.472710615671474 ], [ -0.136930007717747, 51.473087894714801 ], [ -0.138351682640862, 51.471961901635758 ], [ -0.139514488257307, 51.471792155014924 ], [ -0.139810475758265, 51.471331698313556 ], [ -0.140443953127657, 51.471529184378348 ], [ -0.142729469010471, 51.470075437933453 ], [ -0.143142134791762, 51.470511809608041 ], [ -0.150562957301871, 51.467627313073756 ], [ -0.150576682411003, 51.465948001850755 ], [ -0.151236796592828, 51.465860412728212 ], [ -0.150958451091351, 51.463796652936061 ], [ -0.148165601747965, 51.456401558732949 ], [ -0.147377973264195, 51.452963419343916 ], [ -0.147729929624434, 51.452339500082275 ], [ -0.14231122085296, 51.450981790279428 ], [ -0.143141812893054, 51.449708970327592 ], [ -0.144838865911664, 51.448436965326003 ], [ -0.145601730762524, 51.446017502441556 ], [ -0.145490551680152, 51.445068005095933 ], [ -0.143636326381187, 51.44183861704699 ], [ -0.135957541872558, 51.44200709189316 ], [ -0.137005624446749, 51.440245725086712 ], [ -0.137501596681903, 51.440157596179311 ], [ -0.137685171994741, 51.438585656548227 ], [ -0.139963865524283, 51.436946856776551 ], [ -0.139791211993315, 51.435743575991658 ], [ -0.137910361343764, 51.433784227542318 ], [ -0.136489976598692, 51.433880223574079 ], [ -0.135281923387623, 51.430322455495116 ], [ -0.138394222007866, 51.43048479153326 ], [ -0.138892252848614, 51.424337500042952 ], [ -0.137817669672567, 51.421108447627681 ], [ -0.140384789684736, 51.419263858929085 ], [ -0.144480238790435, 51.417751983336935 ], [ -0.149446592637043, 51.419888547279655 ], [ -0.151414144679502, 51.419874601429783 ], [ -0.159885892103873, 51.422603399925528 ], [ -0.159940659055148, 51.42196580600401 ], [ -0.161674155193275, 51.419857304256368 ], [ -0.165040636705269, 51.42010783633431 ], [ -0.164859023020012, 51.42035875155959 ], [ -0.167977786144448, 51.420820639659233 ], [ -0.173595365193662, 51.423177273864646 ], [ -0.181964100229384, 51.424731706342421 ], [ -0.184070399751637, 51.426352796582194 ], [ -0.184579532634462, 51.427819679657993 ], [ -0.184255750205652, 51.431267861883256 ], [ -0.185750792753464, 51.43316662977184 ], [ -0.187292272123711, 51.432986580370638 ], [ -0.187422378650533, 51.432103350723281 ], [ -0.189799233333885, 51.431351576223385 ], [ -0.191195321645785, 51.433455033496962 ], [ -0.190273871576192, 51.434801886678621 ], [ -0.189300723672156, 51.438037665120142 ], [ -0.189242717040975, 51.438544232479167 ], [ -0.190664199545198, 51.438919486204341 ], [ -0.189878908336924, 51.440271157651445 ], [ -0.190051131814027, 51.441464620509684 ], [ -0.21255432268231, 51.437829707597366 ], [ -0.215721881944736, 51.437743081292425 ], [ -0.217846137009505, 51.438693047676388 ], [ -0.220653554488561, 51.43846097726 ], [ -0.224337656214845, 51.438868428397079 ], [ -0.231265756720119, 51.438163133168878 ], [ -0.251108901051952, 51.432558457246351 ], [ -0.25130467326029, 51.434227855564473 ], [ -0.253112279051382, 51.435284832096634 ], [ -0.254090097649517, 51.437288444987686 ], [ -0.242745508372923, 51.441911675304901 ], [ -0.241622442337353, 51.443118340767938 ], [ -0.247313477599677, 51.449196143089686 ], [ -0.259134588106898, 51.45495364979049 ], [ -0.258490094135059, 51.45704351524887 ], [ -0.256823342695614, 51.459822330877877 ], [ -0.257981408708598, 51.460378681171321 ], [ -0.25597042493893, 51.463073309225578 ], [ -0.252973956179195, 51.465223903397103 ], [ -0.244269304872298, 51.465261122397166 ], [ -0.233313550475615, 51.463971502332157 ], [ -0.233650402714482, 51.466088942064232 ], [ -0.232897461627375, 51.466634042442777 ], [ -0.233506636794553, 51.467998203300027 ], [ -0.232981800018007, 51.471680988278706 ], [ -0.232756700859001, 51.472510289606262 ], [ -0.231217112642556, 51.472823492894015 ], [ -0.223641041409589, 51.470741564913681 ], [ -0.223466011604227, 51.471478466627929 ], [ -0.222909147669098, 51.471719754444457 ], [ -0.218066064207272, 51.468191791201342 ], [ -0.212781813330891, 51.465544924309562 ], [ -0.207292024647449, 51.463899997688621 ], [ -0.199128233124853, 51.462709004143704 ], [ -0.195524759760798, 51.462888123663546 ], [ -0.195087221740784, 51.462563710167728 ], [ -0.195167974750772, 51.460017615982636 ], [ -0.193325459811831, 51.459797246980592 ], [ -0.194779224811946, 51.460183837558084 ], [ -0.194883229422654, 51.461761827326015 ], [ -0.193909344121639, 51.461488743593783 ], [ -0.194817749670653, 51.462910512335483 ], [ -0.190387245573325, 51.463404694615129 ], [ -0.183623318218632, 51.465460464742982 ], [ -0.180981690798548, 51.467580504330193 ], [ -0.1791659398001, 51.470005480614503 ], [ -0.178496832554693, 51.470179434455531 ], [ -0.178598896010473, 51.470653577074756 ], [ -0.177925476028291, 51.470624679308223 ], [ -0.178535929154592, 51.470770400952297 ], [ -0.17528689610677, 51.477752933375321 ], [ -0.173978900333113, 51.479079200786131 ], [ -0.171657616016484, 51.48026286406472 ], [ -0.148956350957132, 51.483607127343205 ], [ -0.136937492765675, 51.482436595969652 ], [ -0.128531863764324, 51.485041637584871 ], [ -0.126333542651406, 51.484470018670478 ] ] ] } },
{ "type": "Feature", "properties": { "lad_code": "E09000033", "lad_name": "Westminster", "city": "london" }, "geometry": { "type": "Polygon", "coordinates": [ [ [ -0.174153719088281, 51.538259634105579 ], [ -0.173502228100153, 51.53764434857186 ], [ -0.171959418127976, 51.538401790278066 ], [ -0.170901669182747, 51.537776199562742 ], [ -0.169472710621169, 51.538591488577886 ], [ -0.164924196976273, 51.535782624864503 ], [ -0.160422021764671, 51.537296449690565 ], [ -0.159377346867557, 51.536337602332139 ], [ -0.152727366240961, 51.537507456168477 ], [ -0.147149019484372, 51.525032941094203 ], [ -0.145789447846369, 51.525265004355539 ], [ -0.145231002301822, 51.523987189188972 ], [ -0.144112917190406, 51.523995746221061 ], [ -0.144012328414734, 51.524676422777212 ], [ -0.143409968216828, 51.524546596007383 ], [ -0.143570229065858, 51.523964181927006 ], [ -0.142870380704404, 51.523865897235126 ], [ -0.13698671837268, 51.518884942948468 ], [ -0.135233251780087, 51.518928036113614 ], [ -0.134031639317887, 51.517545602053488 ], [ -0.132431556042417, 51.517115520566222 ], [ -0.132541851734312, 51.516671455885678 ], [ -0.130807970485132, 51.517080334468957 ], [ -0.129636236938155, 51.513997230027293 ], [ -0.127671804706721, 51.512677376896995 ], [ -0.122879308577401, 51.515138579253872 ], [ -0.122091638950652, 51.514613598069424 ], [ -0.11947683991804, 51.514500643533701 ], [ -0.114720493891375, 51.516024811431308 ], [ -0.113851335408338, 51.514822036270402 ], [ -0.111593535862627, 51.515333372446875 ], [ -0.111082703022482, 51.513827602126852 ], [ -0.111961469052959, 51.513686488903524 ], [ -0.111730070705928, 51.513188528361198 ], [ -0.112534553500689, 51.512725927683711 ], [ -0.111581548382596, 51.511798429773208 ], [ -0.111528319490054, 51.510832163912305 ], [ -0.116918313313384, 51.510102548833771 ], [ -0.119568164669068, 51.509061013950848 ], [ -0.122418054412105, 51.506060001330624 ], [ -0.125420183755297, 51.491639111924833 ], [ -0.128431622055176, 51.488188624231086 ], [ -0.132523041057692, 51.485729230152494 ], [ -0.138124736901123, 51.484806214886241 ], [ -0.146478006083845, 51.485676279473104 ], [ -0.149021309357542, 51.485541997718506 ], [ -0.149094491849264, 51.486206801932191 ], [ -0.149719415012217, 51.486104707149295 ], [ -0.149240362120933, 51.48552117540256 ], [ -0.150048451730105, 51.485461462209585 ], [ -0.150184749076291, 51.486035763228806 ], [ -0.15585899569891, 51.489612949253676 ], [ -0.155193761783662, 51.490037995513539 ], [ -0.1558254914518, 51.491463492247505 ], [ -0.154767444142313, 51.491970095381035 ], [ -0.155987559372554, 51.493199430484474 ], [ -0.154997906343056, 51.493825174880449 ], [ -0.156003443443371, 51.494461868868733 ], [ -0.155273422345054, 51.495052909507272 ], [ -0.156081590286295, 51.497774426713853 ], [ -0.157896926900359, 51.499002314850749 ], [ -0.158482548474749, 51.502224908526905 ], [ -0.160925606142341, 51.50167565708319 ], [ -0.165443621771378, 51.498684282542079 ], [ -0.165742561327024, 51.499217854049142 ], [ -0.167602903461035, 51.49827922735016 ], [ -0.168174078649919, 51.499032016817075 ], [ -0.179548059022133, 51.497780031695008 ], [ -0.180336076398385, 51.501460988271631 ], [ -0.184229217226171, 51.50178760431362 ], [ -0.187883781500341, 51.510193290712486 ], [ -0.19214735534908, 51.509876324881915 ], [ -0.192939673984629, 51.511841408269269 ], [ -0.194028441476159, 51.511699236096469 ], [ -0.195077389697129, 51.51503858463952 ], [ -0.199195465522491, 51.514539471343554 ], [ -0.200789552367933, 51.517982282682205 ], [ -0.201473669859511, 51.51780265909877 ], [ -0.203766711182943, 51.520622691666638 ], [ -0.200644800946496, 51.5207101416119 ], [ -0.201650313983573, 51.522740467683988 ], [ -0.203977534239845, 51.523531031775462 ], [ -0.206041908377369, 51.52585246582629 ], [ -0.212985070697505, 51.526882181323394 ], [ -0.215521039824055, 51.526716831593795 ], [ -0.2160451158309, 51.527918578360307 ], [ -0.215880188952796, 51.529750566512462 ], [ -0.215131425768252, 51.530168343088278 ], [ -0.215291130517823, 51.531358700189045 ], [ -0.207838652587022, 51.532790110378173 ], [ -0.203037711302853, 51.532893651997412 ], [ -0.201700110176258, 51.532558099621632 ], [ -0.198199637287849, 51.53041611334374 ], [ -0.197826473712257, 51.527897810899972 ], [ -0.196503980577938, 51.527636841448619 ], [ -0.19302274589929, 51.531981667651557 ], [ -0.192371864303708, 51.533258934718887 ], [ -0.193040988104365, 51.53394790653995 ], [ -0.191492541908102, 51.536290369770668 ], [ -0.188747581986465, 51.534528555154637 ], [ -0.184185755230554, 51.538226534632145 ], [ -0.180139187336162, 51.5395629216708 ], [ -0.173937040294986, 51.539471137491198 ], [ -0.174153719088281, 51.538259634105579 ] ] ] } }
]
}
