msoa_code,msoa_name,lad_code,lad_name,total_listings,avg_nightly_price,median_nightly_price,avg_review_score,avg_availability_365,median_house_price_2025,median_house_price_2015,price_growth_10yr,less_than_15_minute_walk,less_than_30_minute_walk,gp_surgery_count,total_parks_count,city,median_monthly_rent,str_annual_revenue_est,str_gross_yield,ltr_annual_revenue_est,ltr_gross_yield,str_vs_ltr_yield_delta
E02000629,Lambeth 012,E09000022,Lambeth,103,177.17,125.0,4.82,192.4,562300.0,557500.0,0.008609865792095661,100.0,100.0,44.0,229.0,london,2529.0,29656.0,0.0527,30348.0,0.054,-0.0013
E02000177,Camden 012,E09000007,Camden,137,215.44,165.0,4.53,190.1,627500.0,570000.0,0.10087719559669495,100.0,100.0,34.0,153.0,london,2724.0,39146.0,0.0624,32688.0,0.0521,0.0103
E02000802,Richmond upon Thames 019,E09000027,Richmond upon Thames,19,164.74,153.0,4.73,210.5,765000.0,510000.0,0.5,77.0,100.0,29.0,142.0,london,2307.0,36299.0,0.0474,27684.0,0.0362,0.0112
E02000690,Merton 002,E09000024,Merton,32,227.19,190.0,4.9,255.5,1625000.0,1902500.0,-0.1458607167005539,20.0,95.0,21.0,99.0,london,2097.0,45078.0,0.0277,25164.0,0.0155,0.0122
E02000027,Barnet 004,E09000003,Barnet,16,125.06,82.5,4.46,235.6,542500.0,432000.0,0.25578704476356506,41.0,100.0,52.0,123.0,london,1931.0,19573.0,0.0361,23172.0,0.0427,-0.0066
E02000906,Waltham Forest 012,E09000031,Waltham Forest,47,116.6,110.0,4.64,178.1,561900.0,360000.0,0.5608333349227905,64.0,100.0,39.0,99.0,london,1758.0,26098.0,0.0464,21096.0,0.0375,0.0089
E02000323,Greenwich 011,E09000011,Greenwich,64,106.69,85.0,4.56,277.8,412250.0,264500.0,0.5586011409759521,84.0,100.0,38.0,144.0,london,1949.0,20166.0,0.0489,23388.0,0.0567,-0.0078
E02000974,Westminster 015,E09000033,Westminster,552,303.95,199.0,4.46,214.6,790000.0,900000.0,-0.12222222238779068,100.0,100.0,41.0,97.0,london,3149.0,47213.0,0.0598,37788.0,0.0478,0.012
E02000628,Lambeth 011,E09000022,Lambeth,85,101.08,87.0,4.61,198.1,448000.0,388000.0,0.15463916957378387,100.0,100.0,44.0,229.0,london,2529.0,20641.0,0.0461,30348.0,0.0677,-0.0216
E02000529,Hounslow 004,E09000018,Hounslow,10,103.2,54.0,4.81,184.7,495000.0,267500.0,0.8504672646522522,0.0,100.0,43.0,158.0,london,1922.0,12812.0,0.0259,23064.0,0.0466,-0.0207
E02000937,Wandsworth 015,E09000032,Wandsworth,71,207.87,175.0,4.85,243.5,880000.0,798000.0,0.10275689512491226,86.0,100.0,47.0,139.0,london,2599.0,41519.0,0.0472,31188.0,0.0354,0.0118
E02000876,Tower Hamlets 013,E09000030,Tower Hamlets,93,137.8,104.0,4.53,210.7,440500.0,370000.0,0.19054053723812103,100.0,100.0,33.0,238.0,london,2410.0,24674.0,0.056,28920.0,0.0657,-0.0097
E02000981,Westminster 022,E09000033,Westminster,298,241.99,170.5,4.7,217.8,740000.0,775000.0,-0.04516129195690155,100.0,100.0,41.0,97.0,london,3149.0,40451.0,0.0547,37788.0,0.0511,0.0036
E02000930,Wandsworth 008,E09000032,Wandsworth,152,192.34,160.0,4.77,212.0,761000.0,667625.0,0.13986144959926605,100.0,100.0,47.0,139.0,london,2599.0,37960.0,0.0499,31188.0,0.041,0.0089
E02000978,Westminster 019,E09000033,Westminster,304,878.33,425.0,4.56,221.0,3625000.0,3150000.0,0.15079365670681,100.0,100.0,41.0,97.0,london,3149.0,100831.0,0.0278,37788.0,0.0104,0.0174
E02000101,Brent 009,E09000005,Brent,52,244.58,113.5,4.7,184.8,482000.0,285000.0,0.6912280917167664,69.0,100.0,61.0,123.0,london,1990.0,26928.0,0.0559,23880.0,0.0495,0.0064
E02000116,Brent 024,E09000005,Brent,46,101.59,86.5,4.7,236.5,442500.0,389500.0,0.13607189059257507,88.0,100.0,61.0,123.0,london,1990.0,20522.0,0.0464,23880.0,0.054,-0.0076
E02000743,Newham 030,E09000025,Newham,92,131.24,125.0,4.71,235.0,390000.0,265500.0,0.4689265489578247,94.0,100.0,48.0,161.0,london,1918.0,29656.0,0.076,23016.0,0.059,0.017
E02006921,Hackney 029,E09000012,Hackney,44,113.43,94.0,4.65,283.0,460500.0,372500.0,0.23624160885810852,100.0,100.0,38.0,189.0,london,2615.0,22302.0,0.0484,31380.0,0.0681,-0.0197
E02000136,Bromley 010,E09000006,Bromley,30,346.7,105.0,4.8,257.5,707500.0,439950.0,0.608137309551239,15.0,89.0,48.0,154.0,london,1673.0,24911.0,0.0352,20076.0,0.0284,0.0068
E02000341,Greenwich 029,E09000011,Greenwich,13,52.85,48.0,4.82,263.3,422000.0,275250.0,0.5331516861915588,16.0,100.0,38.0,144.0,london,1949.0,11388.0,0.027,23388.0,0.0554,-0.0284
E02000063,Barnet 040,E09000003,Barnet,58,130.29,89.5,4.78,209.4,680000.0,537500.0,0.26511627435684204,78.0,100.0,52.0,123.0,london,1931.0,21234.0,0.0312,23172.0,0.0341,-0.0029
E02000016,Barking and Dagenham 015,E09000002,Barking and Dagenham,57,96.33,87.0,4.69,258.2,228000.0,178000.0,0.2808988690376282,100.0,100.0,38.0,86.0,london,1688.0,20641.0,0.0905,20256.0,0.0888,0.0017
E02000452,Harrow 020,E09000015,Harrow,27,83.93,69.0,4.75,205.7,417500.0,285000.0,0.4649122953414917,100.0,100.0,32.0,73.0,london,1755.0,16370.0,0.0392,21060.0,0.0504,-0.0112
E02000606,Kingston upon Thames 009,E09000021,Kingston upon Thames,63,158.0,112.0,4.8,242.2,475000.0,405000.0,0.17283950746059418,90.0,100.0,20.0,69.0,london,1799.0,26572.0,0.0559,21588.0,0.0454,0.0105
E02000094,Brent 002,E09000005,Brent,28,99.93,100.5,4.64,239.7,445000.0,395000.0,0.1265822798013687,28.0,100.0,61.0,123.0,london,1990.0,23844.0,0.0536,23880.0,0.0537,-0.0001
E02000202,Croydon 009,E09000008,Croydon,26,52.73,42.5,4.63,262.3,412500.0,302500.0,0.3636363744735718,68.0,100.0,51.0,127.0,london,1565.0,10083.0,0.0244,18780.0,0.0455,-0.0211
E02000907,Waltham Forest 013,E09000031,Waltham Forest,32,107.06,92.0,4.82,176.4,552500.0,360000.0,0.5347222089767456,96.0,100.0,39.0,99.0,london,1758.0,21827.0,0.0395,21096.0,0.0382,0.0013
E02000539,Hounslow 014,E09000018,Hounslow,28,112.25,85.5,4.87,192.6,444000.0,350000.0,0.2685714364051819,95.0,100.0,43.0,158.0,london,1922.0,20285.0,0.0457,23064.0,0.0519,-0.0062
E02000321,Greenwich 009,E09000011,Greenwich,31,120.48,99.0,4.66,214.3,360000.0,226500.0,0.5894039869308472,94.0,100.0,38.0,144.0,london,1949.0,23488.0,0.0652,23388.0,0.065,0.0002
E02000088,Bexley 024,E09000004,Bexley,6,210.33,163.0,5.0,308.7,540000.0,332500.0,0.6240601539611816,79.0,100.0,28.0,91.0,london,1525.0,38672.0,0.0716,18300.0,0.0339,0.0377
E02000781,Redbridge 031,E09000026,Redbridge,35,99.66,80.0,4.64,274.7,530000.0,346000.0,0.5317919254302979,33.0,100.0,45.0,76.0,london,1724.0,18980.0,0.0358,20688.0,0.039,-0.0032
E02000511,Hillingdon 018,E09000017,Hillingdon,13,54.77,46.0,4.79,309.9,530000.0,327500.0,0.6183205842971802,0.0,0.0,46.0,193.0,london,1553.0,10914.0,0.0206,18636.0,0.0352,-0.0146
E02000250,Ealing 013,E09000009,Ealing,16,729.56,115.0,4.84,164.4,855000.0,712000.0,0.2008426934480667,20.0,100.0,71.0,183.0,london,2057.0,27284.0,0.0319,24684.0,0.0289,0.003
E02000364,Hackney 020,E09000012,Hackney,136,143.73,119.5,4.77,169.5,680000.0,602000.0,0.12956809997558594,100.0,100.0,38.0,189.0,london,2615.0,28351.0,0.0417,31380.0,0.0461,-0.0044
E02000635,Lambeth 018,E09000022,Lambeth,99,127.78,108.0,4.8,177.4,602500.0,530000.0,0.13679245114326477,100.0,100.0,44.0,229.0,london,2529.0,25623.0,0.0425,30348.0,0.0504,-0.0079
E02000377,Hammersmith and Fulham 006,E09000013,Hammersmith and Fulham,70,143.13,111.5,4.74,225.3,482500.0,525000.0,-0.08095238357782364,77.0,100.0,27.0,96.0,london,2755.0,26453.0,0.0548,33060.0,0.0685,-0.0137
E02006931,Greenwich 038,E09000011,Greenwich,91,136.81,120.0,4.81,209.8,657500.0,550000.0,0.19545455276966095,100.0,100.0,38.0,144.0,london,1949.0,28470.0,0.0433,23388.0,0.0356,0.0077
E02000179,Camden 014,E09000007,Camden,68,204.62,156.0,4.65,223.6,1390000.0,902500.0,0.5401661992073059,100.0,100.0,34.0,153.0,london,2724.0,37011.0,0.0266,32688.0,0.0235,0.0031
E02000566,Islington 013,E09000019,Islington,82,164.29,150.5,4.75,174.7,930000.0,795000.0,0.16981132328510284,100.0,100.0,33.0,194.0,london,2811.0,35706.0,0.0384,33732.0,0.0363,0.0021
E02000286,Enfield 010,E09000010,Enfield,10,587.9,76.5,4.78,264.4,389000.0,335000.0,0.16119402647018433,98.0,100.0,45.0,145.0,london,1775.0,18150.0,0.0467,21300.0,0.0548,-0.0081
E02000949,Wandsworth 027,E09000032,Wandsworth,60,178.4,136.0,4.83,195.9,601375.0,620000.0,-0.030040321871638298,100.0,100.0,47.0,139.0,london,2599.0,32266.0,0.0537,31188.0,0.0519,0.0018
E02000175,Camden 010,E09000007,Camden,117,143.22,122.0,4.73,172.7,744975.0,675000.0,0.10366666316986084,100.0,100.0,34.0,153.0,london,2724.0,28944.0,0.0389,32688.0,0.0439,-0.005
E02000813,Southwark 007,E09000028,Southwark,81,132.69,99.0,4.71,163.3,480000.0,410000.0,0.17073170840740204,100.0,100.0,45.0,296.0,london,2395.0,23488.0,0.0489,28740.0,0.0599,-0.011
E02000663,Lewisham 011,E09000023,Lewisham,28,176.29,119.0,4.82,184.0,486250.0,420000.0,0.1577380895614624,100.0,100.0,36.0,154.0,london,1816.0,28233.0,0.0581,21792.0,0.0448,0.0133
E02000215,Croydon 022,E09000008,Croydon,99,104.78,85.0,4.79,245.4,365000.0,265000.0,0.37735849618911743,100.0,100.0,51.0,127.0,london,1565.0,20166.0,0.0552,18780.0,0.0515,0.0037
E02000748,Newham 035,E09000025,Newham,39,138.13,129.0,4.76,214.1,410500.0,246500.0,0.6653143763542175,100.0,100.0,48.0,161.0,london,1918.0,30605.0,0.0746,23016.0,0.0561,0.0185
E02000823,Southwark 017,E09000028,Southwark,101,105.68,90.0,4.69,209.0,500000.0,387000.0,0.29198965430259705,71.0,100.0,45.0,296.0,london,2395.0,21352.0,0.0427,28740.0,0.0575,-0.0148
E02000135,Bromley 009,E09000006,Bromley,33,113.21,77.0,4.81,209.8,350000.0,270000.0,0.29629629850387573,100.0,100.0,48.0,154.0,london,1673.0,18268.0,0.0522,20076.0,0.0574,-0.0052
E02000044,Barnet 021,E09000003,Barnet,24,103.21,95.0,4.61,188.6,445000.0,320000.0,0.390625,94.0,100.0,52.0,123.0,london,1931.0,22539.0,0.0506,23172.0,0.0521,-0.0015
E02000248,Ealing 011,E09000009,Ealing,63,101.86,84.0,4.53,237.5,445000.0,415000.0,0.07228915393352509,96.0,100.0,71.0,183.0,london,2057.0,19929.0,0.0448,24684.0,0.0555,-0.0107
E02000287,Enfield 011,E09000010,Enfield,17,218.18,148.0,4.56,268.1,995000.0,640000.0,0.5546875,92.0,100.0,45.0,145.0,london,1775.0,35113.0,0.0353,21300.0,0.0214,0.0139
E02000504,Hillingdon 011,E09000017,Hillingdon,7,136.43,96.0,4.89,227.4,675000.0,541000.0,0.24768947064876556,58.0,100.0,46.0,193.0,london,1553.0,22776.0,0.0337,18636.0,0.0276,0.0061
E02000536,Hounslow 011,E09000018,Hounslow,19,66.79,54.0,4.76,218.9,550000.0,350000.0,0.5714285969734192,70.0,100.0,43.0,158.0,london,1922.0,12812.0,0.0233,23064.0,0.0419,-0.0186
E02000538,Hounslow 013,E09000018,Hounslow,20,81.35,52.5,4.32,287.5,430000.0,295000.0,0.4576271176338196,7.0,95.0,43.0,158.0,london,1922.0,12456.0,0.029,23064.0,0.0536,-0.0246
E02000065,Bexley 001,E09000004,Bexley,44,94.59,71.5,4.67,293.2,351500.0,210000.0,0.6738095283508301,16.0,61.0,28.0,91.0,london,1525.0,16963.0,0.0483,18300.0,0.0521,-0.0038
E02000610,Kingston upon Thames 013,E09000021,Kingston upon Thames,26,142.65,118.5,4.83,183.6,440000.0,390000.0,0.12820513546466827,92.0,100.0,20.0,69.0,london,1799.0,28114.0,0.0639,21588.0,0.0491,0.0148
E02006925,Redbridge 036,E09000026,Redbridge,52,243.65,78.0,4.65,273.2,625000.0,440000.0,0.4204545319080353,57.0,100.0,45.0,76.0,london,1724.0,18506.0,0.0296,20688.0,0.0331,-0.0035
E02000460,Harrow 028,E09000015,Harrow,17,80.53,80.0,3.52,308.9,415000.0,364000.0,0.14010989665985107,65.0,100.0,32.0,73.0,london,1755.0,18980.0,0.0457,21060.0,0.0507,-0.005
E02000617,Kingston upon Thames 020,E09000021,Kingston upon Thames,10,104.9,79.0,4.75,311.1,482750.0,350000.0,0.3792857229709625,67.0,100.0,20.0,69.0,london,1799.0,18743.0,0.0388,21588.0,0.0447,-0.0059
E02000384,Hammersmith and Fulham 013,E09000013,Hammersmith and Fulham,158,228.66,157.5,4.66,196.5,597500.0,660000.0,-0.09469696879386902,100.0,100.0,27.0,96.0,london,2755.0,37367.0,0.0625,33060.0,0.0553,0.0072
E02000973,Westminster 014,E09000033,Westminster,301,283.76,189.0,4.72,192.1,810000.0,865000.0,-0.06358381360769272,100.0,100.0,41.0,97.0,london,3149.0,44840.0,0.0554,37788.0,0.0467,0.0087
E02000631,Lambeth 014,E09000022,Lambeth,92,139.75,89.5,4.71,171.7,539000.0,468500.0,0.150480255484581,100.0,100.0,44.0,229.0,london,2529.0,21234.0,0.0394,30348.0,0.0563,-0.0169
E02000744,Newham 031,E09000025,Newham,52,137.69,120.5,4.69,228.1,360000.0,244000.0,0.4754098355770111,74.0,100.0,48.0,161.0,london,1918.0,28589.0,0.0794,23016.0,0.0639,0.0155
E02000923,Wandsworth 001,E09000032,Wandsworth,107,179.15,129.0,4.78,191.8,800000.0,700000.0,0.1428571492433548,43.0,100.0,47.0,139.0,london,2599.0,30605.0,0.0383,31188.0,0.039,-0.0007
E02000183,Camden 018,E09000007,Camden,133,329.01,237.0,4.71,217.1,992500.0,987500.0,0.005063291173428297,100.0,100.0,34.0,153.0,london,2724.0,56228.0,0.0567,32688.0,0.0329,0.0238
E02000888,Tower Hamlets 025,E09000030,Tower Hamlets,122,164.87,119.5,4.61,177.3,525000.0,520000.0,0.009615384973585606,100.0,100.0,33.0,238.0,london,2410.0,28351.0,0.054,28920.0,0.0551,-0.0011
E02000725,Newham 012,E09000025,Newham,74,145.46,120.5,4.7,206.9,460000.0,350000.0,0.3142857253551483,100.0,100.0,48.0,161.0,london,1918.0,28589.0,0.0622,23016.0,0.05,0.0122
E02000622,Lambeth 005,E09000022,Lambeth,105,157.39,117.0,4.69,205.7,517500.0,550000.0,-0.059090908616781235,91.0,100.0,44.0,229.0,london,2529.0,27758.0,0.0536,30348.0,0.0586,-0.005
E02000669,Lewisham 017,E09000023,Lewisham,46,95.96,86.5,4.4,222.0,450000.0,323975.0,0.38899606466293335,100.0,100.0,36.0,154.0,london,1816.0,20522.0,0.0456,21792.0,0.0484,-0.0028
E02000816,Southwark 010,E09000028,Southwark,125,114.62,104.0,4.54,234.9,499250.0,388500.0,0.2850707769393921,100.0,100.0,45.0,296.0,london,2395.0,24674.0,0.0494,28740.0,0.0576,-0.0082
E02000173,Camden 008,E09000007,Camden,107,186.62,122.0,4.68,198.0,1247500.0,1200000.0,0.03958333283662796,100.0,100.0,34.0,153.0,london,2724.0,28944.0,0.0232,32688.0,0.0262,-0.003
E02000880,Tower Hamlets 017,E09000030,Tower Hamlets,149,127.31,98.0,4.51,205.0,401000.0,355000.0,0.12957745790481567,100.0,100.0,33.0,238.0,london,2410.0,23250.0,0.058,28920.0,0.0721,-0.0141
E02007108,Hackney 030,E09000012,Hackney,139,126.34,113.0,4.72,173.3,612500.0,551250.0,0.1111111119389534,100.0,100.0,38.0,189.0,london,2615.0,26809.0,0.0438,31380.0,0.0512,-0.0074
E02000427,Haringey 031,E09000014,Haringey,59,137.8,113.0,4.76,191.3,542000.0,502700.0,0.07817783951759338,100.0,100.0,36.0,141.0,london,2214.0,26809.0,0.0495,26568.0,0.049,0.0005
E02006785,Bexley 029,E09000004,Bexley,18,80.61,65.0,4.67,274.4,470000.0,275000.0,0.7090908885002136,78.0,100.0,28.0,91.0,london,1525.0,15421.0,0.0328,18300.0,0.0389,-0.0061
E02000420,Haringey 024,E09000014,Haringey,76,109.22,65.0,4.6,207.4,578250.0,405000.0,0.4277777671813965,100.0,100.0,36.0,141.0,london,2214.0,15421.0,0.0267,26568.0,0.0459,-0.0192
E02000023,Barking and Dagenham 022,E09000002,Barking and Dagenham,26,156.15,140.5,4.47,279.8,330000.0,250000.0,0.3199999928474426,38.0,100.0,38.0,86.0,london,1688.0,33334.0,0.101,20256.0,0.0614,0.0396
E02000929,Wandsworth 007,E09000032,Wandsworth,71,126.76,112.0,4.61,224.7,415000.0,450000.0,-0.07777778059244156,100.0,100.0,47.0,139.0,london,2599.0,26572.0,0.064,31188.0,0.0752,-0.0112
E02000944,Wandsworth 022,E09000032,Wandsworth,50,174.72,81.0,4.75,184.8,420000.0,360000.0,0.1666666716337204,76.0,100.0,47.0,139.0,london,2599.0,19217.0,0.0458,31188.0,0.0743,-0.0285
E02000675,Lewisham 023,E09000023,Lewisham,31,99.26,71.0,4.73,249.4,502500.0,356000.0,0.41151684522628784,76.0,100.0,36.0,154.0,london,1816.0,16845.0,0.0335,21792.0,0.0434,-0.0099
E02000784,Richmond upon Thames 001,E09000027,Richmond upon Thames,53,455.11,250.0,4.83,195.3,1297500.0,1400000.0,-0.07321428507566452,42.0,100.0,29.0,142.0,london,2307.0,59312.0,0.0457,27684.0,0.0213,0.0244
E02000721,Newham 008,E09000025,Newham,19,65.89,43.0,4.84,205.3,425000.0,250000.0,0.699999988079071,94.0,100.0,48.0,161.0,london,1918.0,10202.0,0.024,23016.0,0.0542,-0.0302
E02000928,Wandsworth 006,E09000032,Wandsworth,56,165.0,131.0,4.69,195.7,925000.0,825000.0,0.12121212482452393,82.0,100.0,47.0,139.0,london,2599.0,31080.0,0.0336,31188.0,0.0337,-0.0001
E02000461,Harrow 029,E09000015,Harrow,25,122.68,73.0,4.88,273.2,426250.0,349975.0,0.21794414520263672,90.0,100.0,32.0,73.0,london,1755.0,17319.0,0.0406,21060.0,0.0494,-0.0088
E02000411,Haringey 015,E09000014,Haringey,69,129.48,117.0,4.66,193.5,442500.0,300000.0,0.4749999940395355,100.0,100.0,36.0,141.0,london,2214.0,27758.0,0.0627,26568.0,0.06,0.0027
E02000845,Sutton 006,E09000029,Sutton,17,148.12,85.0,4.8,187.4,529500.0,365000.0,0.45068493485450745,77.0,100.0,22.0,94.0,london,1547.0,20166.0,0.0381,18564.0,0.0351,0.003
E02000206,Croydon 013,E09000008,Croydon,37,72.57,53.0,4.55,219.5,337000.0,240000.0,0.40416666865348816,100.0,100.0,51.0,127.0,london,1565.0,12574.0,0.0373,18780.0,0.0557,-0.0184
E02000608,Kingston upon Thames 011,E09000021,Kingston upon Thames,20,142.0,109.5,4.66,182.6,450000.0,375000.0,0.20000000298023224,100.0,100.0,20.0,69.0,london,1799.0,25979.0,0.0577,21588.0,0.048,0.0097
E02006836,Sutton 025,E09000029,Sutton,16,95.63,69.5,4.92,215.4,590000.0,470000.0,0.25531914830207825,74.0,100.0,22.0,94.0,london,1547.0,16489.0,0.0279,18564.0,0.0315,-0.0036
E02000068,Bexley 004,E09000004,Bexley,33,81.12,48.0,4.77,236.8,340000.0,188500.0,0.8037135004997253,86.0,100.0,28.0,91.0,london,1525.0,11388.0,0.0335,18300.0,0.0538,-0.0203
E02007112,Tower Hamlets 034,E09000030,Tower Hamlets,69,201.62,145.0,4.69,205.2,470000.0,433000.0,0.08545034378767014,100.0,100.0,33.0,238.0,london,2410.0,34401.0,0.0732,28920.0,0.0615,0.0117
E02000469,Havering 006,E09000016,Havering,17,76.71,50.0,4.81,231.6,395000.0,243750.0,0.620512843132019,0.0,41.0,37.0,119.0,london,1565.0,11862.0,0.03,18780.0,0.0475,-0.0175
E02000054,Barnet 031,E09000003,Barnet,57,247.12,120.0,4.39,275.6,450000.0,355000.0,0.26760563254356384,35.0,100.0,52.0,123.0,london,1931.0,28470.0,0.0633,23172.0,0.0515,0.0118
E02000049,Barnet 026,E09000003,Barnet,20,173.0,158.0,4.46,239.3,414000.0,246000.0,0.6829268336296082,75.0,100.0,52.0,123.0,london,1931.0,37486.0,0.0905,23172.0,0.056,0.0345
E02000005,Barking and Dagenham 004,E09000002,Barking and Dagenham,13,107.23,92.0,4.36,239.8,396000.0,250000.0,0.5839999914169312,4.0,100.0,38.0,86.0,london,1688.0,21827.0,0.0551,20256.0,0.0512,0.0039
E02006794,Haringey 037,E09000014,Haringey,31,145.23,123.0,4.77,231.3,392000.0,245000.0,0.6000000238418579,100.0,100.0,36.0,141.0,london,2214.0,29182.0,0.0744,26568.0,0.0678,0.0066
E02000752,Redbridge 002,E09000026,Redbridge,14,143.14,98.5,4.5,227.6,375000.0,265000.0,0.4150943458080292,10.0,91.0,45.0,76.0,london,1724.0,23369.0,0.0623,20688.0,0.0552,0.0071
E02000872,Tower Hamlets 009,E09000030,Tower Hamlets,295,220.4,154.0,4.64,209.5,555000.0,531250.0,0.04470588266849518,100.0,100.0,33.0,238.0,london,2410.0,36536.0,0.0658,28920.0,0.0521,0.0137
E02000123,Brent 031,E09000005,Brent,123,117.07,84.0,4.52,209.1,531000.0,390000.0,0.36153846979141235,100.0,100.0,61.0,123.0,london,1990.0,19929.0,0.0375,23880.0,0.045,-0.0075
E02000800,Richmond upon Thames 017,E09000027,Richmond upon Thames,12,102.33,71.0,4.7,220.2,745000.0,515000.0,0.446601927280426,0.0,50.0,29.0,142.0,london,2307.0,16845.0,0.0226,27684.0,0.0372,-0.0146
E02000558,Islington 005,E09000019,Islington,65,131.98,108.0,4.63,188.4,487900.0,410000.0,0.1899999976158142,100.0,100.0,33.0,194.0,london,2811.0,25623.0,0.0525,33732.0,0.0691,-0.0166
E02000679,Lewisham 027,E09000023,Lewisham,28,98.29,84.0,4.76,259.9,480000.0,332225.0,0.44480398297309875,74.0,100.0,36.0,154.0,london,1816.0,19929.0,0.0415,21792.0,0.0454,-0.0039
E02007009,Lewisham 041,E09000023,Lewisham,61,103.21,90.0,4.75,235.8,325500.0,305000.0,0.06721311807632446,100.0,100.0,36.0,154.0,london,1816.0,21352.0,0.0656,21792.0,0.0669,-0.0013
E02000760,Redbridge 010,E09000026,Redbridge,14,103.64,62.5,4.67,326.3,513500.0,360000.0,0.4263888895511627,37.0,100.0,45.0,76.0,london,1724.0,14828.0,0.0289,20688.0,0.0403,-0.0114
E02000255,Ealing 018,E09000009,Ealing,40,129.0,85.0,4.63,248.3,776750.0,495950.0,0.5661861300468445,84.0,100.0,71.0,183.0,london,2057.0,20166.0,0.026,24684.0,0.0318,-0.0058
E02000977,Westminster 018,E09000033,Westminster,967,437.68,305.0,4.69,224.6,1400000.0,1425000.0,-0.017543859779834747,100.0,100.0,41.0,97.0,london,3149.0,72361.0,0.0517,37788.0,0.027,0.0247
E02000351,Hackney 007,E09000012,Hackney,107,133.1,117.0,4.69,192.2,558950.0,505000.0,0.10683168470859528,100.0,100.0,38.0,189.0,london,2615.0,27758.0,0.0497,31380.0,0.0561,-0.0064
E02000922,Waltham Forest 028,E09000031,Waltham Forest,56,129.77,92.5,4.84,233.8,606500.0,360000.0,0.6847222447395325,93.0,100.0,39.0,99.0,london,1758.0,21946.0,0.0362,21096.0,0.0348,0.0014
E02000428,Haringey 032,E09000014,Haringey,32,87.78,65.5,4.66,189.0,475000.0,402000.0,0.18159204721450806,100.0,100.0,36.0,141.0,london,2214.0,15540.0,0.0327,26568.0,0.0559,-0.0232
E02000975,Westminster 016,E09000033,Westminster,598,313.82,200.0,4.52,205.4,820000.0,920000.0,-0.10869564861059189,100.0,100.0,41.0,97.0,london,3149.0,47450.0,0.0579,37788.0,0.0461,0.0118
E02000559,Islington 006,E09000019,Islington,72,134.78,123.0,4.6,192.6,650000.0,642500.0,0.011673151515424252,100.0,100.0,33.0,194.0,london,2811.0,29182.0,0.0449,33732.0,0.0519,-0.007
E02006997,Newham 040,E09000025,Newham,82,157.55,119.0,4.51,204.9,355000.0,300000.0,0.18333333730697632,100.0,100.0,48.0,161.0,london,1918.0,28233.0,0.0795,23016.0,0.0648,0.0147
E02000832,Southwark 026,E09000028,Southwark,72,126.74,109.5,4.78,202.5,522500.0,420000.0,0.244047611951828,97.0,100.0,45.0,296.0,london,2395.0,25979.0,0.0497,28740.0,0.055,-0.0053
E02000537,Hounslow 012,E09000018,Hounslow,26,111.81,71.0,4.8,276.9,570000.0,387500.0,0.47096773982048035,100.0,100.0,43.0,158.0,london,1922.0,16845.0,0.0296,23064.0,0.0405,-0.0109
E02000356,Hackney 012,E09000012,Hackney,56,156.23,126.0,4.9,139.9,716500.0,577500.0,0.2406926453113556,80.0,100.0,38.0,189.0,london,2615.0,29894.0,0.0417,31380.0,0.0438,-0.0021
E02000526,Hounslow 001,E09000018,Hounslow,52,195.46,146.0,4.65,199.7,1115000.0,955000.0,0.16753926873207092,89.0,100.0,43.0,158.0,london,1922.0,34638.0,0.0311,23064.0,0.0207,0.0104
E02000905,Waltham Forest 011,E09000031,Waltham Forest,49,140.37,128.0,4.84,192.9,553500.0,399500.0,0.3854818642139435,22.0,100.0,39.0,99.0,london,1758.0,30368.0,0.0549,21096.0,0.0381,0.0168
E02000864,Tower Hamlets 001,E09000030,Tower Hamlets,150,139.43,106.0,4.84,162.3,497500.0,362500.0,0.3724137842655182,87.0,100.0,33.0,238.0,london,2410.0,25149.0,0.0506,28920.0,0.0581,-0.0075
E02006941,Southwark 035,E09000028,Southwark,91,261.81,225.0,4.7,238.1,700000.0,810000.0,-0.1358024626970291,100.0,100.0,45.0,296.0,london,2395.0,53381.0,0.0763,28740.0,0.0411,0.0352
E02000131,Bromley 005,E09000006,Bromley,48,105.25,83.5,4.8,161.5,415000.0,310000.0,0.33870968222618103,100.0,100.0,48.0,154.0,london,1673.0,19810.0,0.0477,20076.0,0.0484,-0.0007
E02000252,Ealing 015,E09000009,Ealing,174,218.06,86.0,4.55,218.6,413812.0,315000.0,0.31368887424468994,97.0,100.0,71.0,183.0,london,2057.0,20404.0,0.0493,24684.0,0.0597,-0.0104
E02000654,Lewisham 002,E09000023,Lewisham,72,124.19,109.5,4.58,254.1,360000.0,275112.0,0.3085579574108124,98.0,100.0,36.0,154.0,london,1816.0,25979.0,0.0722,21792.0,0.0605,0.0117
E02000955,Wandsworth 033,E09000032,Wandsworth,44,97.2,72.5,4.77,250.9,660350.0,497475.0,0.32740339636802673,100.0,100.0,47.0,139.0,london,2599.0,17201.0,0.026,31188.0,0.0472,-0.0212
E02000296,Enfield 020,E09000010,Enfield,29,182.83,60.0,4.73,232.8,470000.0,352500.0,0.3333333432674408,82.0,100.0,45.0,145.0,london,1775.0,14235.0,0.0303,21300.0,0.0453,-0.015
E02000470,Havering 007,E09000016,Havering,15,797.27,122.0,4.48,209.0,424000.0,270000.0,0.5703703761100769,82.0,100.0,37.0,119.0,london,1565.0,28944.0,0.0683,18780.0,0.0443,0.024
E02000734,Newham 021,E09000025,Newham,32,114.5,71.0,4.44,168.4,507500.0,330000.0,0.5378788113594055,100.0,100.0,48.0,161.0,london,1918.0,16845.0,0.0332,23016.0,0.0454,-0.0122
E02000246,Ealing 009,E09000009,Ealing,9,62.78,52.0,4.79,263.3,490000.0,329950.0,0.4850735068321228,0.0,26.0,71.0,183.0,london,2057.0,12337.0,0.0252,24684.0,0.0504,-0.0252
E02000626,Lambeth 009,E09000022,Lambeth,41,150.37,131.0,4.79,193.5,553500.0,390000.0,0.41923075914382935,100.0,100.0,44.0,229.0,london,2529.0,31080.0,0.0562,30348.0,0.0548,0.0014
E02000773,Redbridge 023,E09000026,Redbridge,11,217.36,108.0,4.71,240.5,539000.0,335000.0,0.6089552044868469,89.0,100.0,45.0,76.0,london,1724.0,25623.0,0.0475,20688.0,0.0384,0.0091
E02000048,Barnet 025,E09000003,Barnet,40,146.2,100.5,4.81,254.0,646250.0,450000.0,0.43611112236976624,46.0,100.0,52.0,123.0,london,1931.0,23844.0,0.0369,23172.0,0.0359,0.001
E02000712,Merton 024,E09000024,Merton,20,62.3,50.0,4.61,226.1,462500.0,314500.0,0.47058823704719543,97.0,100.0,21.0,99.0,london,2097.0,11862.0,0.0256,25164.0,0.0544,-0.0288
E02000774,Redbridge 024,E09000026,Redbridge,9,52.33,46.0,4.7,266.4,392000.0,331250.0,0.18339622020721436,100.0,100.0,45.0,76.0,london,1724.0,10914.0,0.0278,20688.0,0.0528,-0.025
E02000850,Sutton 011,E09000029,Sutton,15,63.33,53.0,4.61,297.9,480000.0,315000.0,0.523809552192688,35.0,100.0,22.0,94.0,london,1547.0,12574.0,0.0262,18564.0,0.0387,-0.0125
E02000742,Newham 029,E09000025,Newham,19,137.21,128.0,4.35,241.5,415000.0,250000.0,0.6600000262260437,0.0,100.0,48.0,161.0,london,1918.0,30368.0,0.0732,23016.0,0.0555,0.0177
E02000331,Greenwich 019,E09000011,Greenwich,29,125.41,87.0,4.76,254.3,450000.0,286250.0,0.5720524191856384,0.0,100.0,38.0,144.0,london,1949.0,20641.0,0.0459,23388.0,0.052,-0.0061
E02000465,Havering 002,E09000016,Havering,14,128.5,70.5,4.7,228.6,408000.0,270000.0,0.5111111402511597,13.0,96.0,37.0,119.0,london,1565.0,16726.0,0.041,18780.0,0.046,-0.005
E02006956,Brent 036,E09000005,Brent,97,218.68,140.0,4.78,201.0,568700.0,377500.0,0.5064900517463684,89.0,100.0,61.0,123.0,london,1990.0,33215.0,0.0584,23880.0,0.042,0.0164
E02000390,Hammersmith and Fulham 019,E09000013,Hammersmith and Fulham,93,180.69,135.0,4.71,206.0,728500.0,875000.0,-0.16742856800556183,83.0,100.0,27.0,96.0,london,2755.0,32029.0,0.044,33060.0,0.0454,-0.0014
E02000388,Hammersmith and Fulham 017,E09000013,Hammersmith and Fulham,189,190.1,143.0,4.6,188.0,712900.0,925000.0,-0.22929729521274567,100.0,100.0,27.0,96.0,london,2755.0,33927.0,0.0476,33060.0,0.0464,0.0012
E02000711,Merton 023,E09000024,Merton,42,97.31,76.0,4.89,203.1,467300.0,299000.0,0.5628762245178223,92.0,100.0,21.0,99.0,london,2097.0,18031.0,0.0386,25164.0,0.0538,-0.0152
E02000366,Hackney 022,E09000012,Hackney,72,152.03,133.5,4.85,184.1,625000.0,467498.0,0.3369041085243225,88.0,100.0,38.0,189.0,london,2615.0,31673.0,0.0507,31380.0,0.0502,0.0005
E02000797,Richmond upon Thames 014,E09000027,Richmond upon Thames,29,131.28,115.0,4.86,176.8,646250.0,496350.0,0.3020046353340149,100.0,100.0,29.0,142.0,london,2307.0,27284.0,0.0422,27684.0,0.0428,-0.0006
E02000651,Lambeth 034,E09000022,Lambeth,38,111.21,92.0,4.54,213.3,500000.0,400000.0,0.25,100.0,100.0,44.0,229.0,london,2529.0,21827.0,0.0437,30348.0,0.0607,-0.017
E02000790,Richmond upon Thames 007,E09000027,Richmond upon Thames,23,119.04,120.0,4.84,156.4,820000.0,565000.0,0.45132744312286377,100.0,100.0,29.0,142.0,london,2307.0,28470.0,0.0347,27684.0,0.0338,0.0009
E02000947,Wandsworth 025,E09000032,Wandsworth,85,164.11,151.0,4.85,188.0,747498.0,580000.0,0.28878965973854065,100.0,100.0,47.0,139.0,london,2599.0,35825.0,0.0479,31188.0,0.0417,0.0062
E02000689,Merton 001,E09000024,Merton,85,167.65,137.0,4.84,188.0,857500.0,620000.0,0.38306450843811035,100.0,100.0,21.0,99.0,london,2097.0,32503.0,0.0379,25164.0,0.0293,0.0086
E02000564,Islington 011,E09000019,Islington,160,238.58,141.5,4.7,225.3,560000.0,495000.0,0.13131313025951385,100.0,100.0,33.0,194.0,london,2811.0,33571.0,0.0599,33732.0,0.0602,-0.0003
E02000632,Lambeth 015,E09000022,Lambeth,82,128.04,110.0,4.71,195.7,602000.0,550000.0,0.09454545378684998,100.0,100.0,44.0,229.0,london,2529.0,26098.0,0.0434,30348.0,0.0504,-0.007
E02000172,Camden 007,E09000007,Camden,95,143.42,116.0,4.59,219.5,550000.0,500000.0,0.10000000149011612,100.0,100.0,34.0,153.0,london,2724.0,27521.0,0.05,32688.0,0.0594,-0.0094
E02000283,Enfield 007,E09000010,Enfield,15,113.47,115.0,4.83,216.4,429500.0,295000.0,0.4559321999549866,87.0,100.0,45.0,145.0,london,1775.0,27284.0,0.0635,21300.0,0.0496,0.0139
E02000887,Tower Hamlets 024,E09000030,Tower Hamlets,116,112.54,89.0,4.47,203.5,360000.0,375000.0,-0.03999999910593033,100.0,100.0,33.0,238.0,london,2410.0,21115.0,0.0587,28920.0,0.0803,-0.0216
E02000594,Kensington and Chelsea 018,E09000020,Kensington and Chelsea,116,618.0,396.5,4.88,208.9,1250000.0,2000000.0,-0.375,76.0,100.0,31.0,61.0,london,3597.0,94070.0,0.0753,43164.0,0.0345,0.0408
E02000966,Westminster 007,E09000033,Westminster,138,251.67,206.5,4.65,190.8,850000.0,1000000.0,-0.15000000596046448,100.0,100.0,41.0,97.0,london,3149.0,48992.0,0.0576,37788.0,0.0445,0.0131
E02006930,Greenwich 037,E09000011,Greenwich,76,154.59,135.0,4.72,205.1,535000.0,431000.0,0.24129930138587952,97.0,100.0,38.0,144.0,london,1949.0,32029.0,0.0599,23388.0,0.0437,0.0162
E02000542,Hounslow 017,E09000018,Hounslow,43,120.6,98.0,4.78,271.5,310000.0,275000.0,0.12727272510528564,85.0,100.0,43.0,158.0,london,1922.0,23250.0,0.075,23064.0,0.0744,0.0006
E02000293,Enfield 017,E09000010,Enfield,10,110.7,125.0,4.52,256.3,850000.0,527500.0,0.6113743782043457,82.0,100.0,45.0,145.0,london,1775.0,29656.0,0.0349,21300.0,0.0251,0.0098
E02000708,Merton 020,E09000024,Merton,18,151.61,75.0,4.9,255.4,700000.0,500000.0,0.4000000059604645,100.0,100.0,21.0,99.0,london,2097.0,17794.0,0.0254,25164.0,0.0359,-0.0105
E02000332,Greenwich 020,E09000011,Greenwich,21,93.62,60.0,4.74,271.2,545000.0,315000.0,0.7301587462425232,0.0,100.0,38.0,144.0,london,1949.0,14235.0,0.0261,23388.0,0.0429,-0.0168
E02006994,Greenwich 042,E09000011,Greenwich,99,166.58,112.0,4.58,243.4,291000.0,223500.0,0.30201342701911926,100.0,100.0,38.0,144.0,london,1949.0,26572.0,0.0913,23388.0,0.0804,0.0109
E02000423,Haringey 027,E09000014,Haringey,54,114.06,96.0,4.72,199.4,692500.0,437500.0,0.5828571319580078,100.0,100.0,36.0,141.0,london,2214.0,22776.0,0.0329,26568.0,0.0384,-0.0055
E02000552,Hounslow 027,E09000018,Hounslow,19,54.26,45.0,4.89,257.8,422500.0,250000.0,0.6899999976158142,16.0,91.0,43.0,158.0,london,1922.0,10676.0,0.0253,23064.0,0.0546,-0.0293
E02000501,Hillingdon 008,E09000017,Hillingdon,9,120.33,78.0,4.75,228.3,625000.0,415495.0,0.5042299032211304,72.0,100.0,46.0,193.0,london,1553.0,18506.0,0.0296,18636.0,0.0298,-0.0002
E02000069,Bexley 005,E09000004,Bexley,16,161.94,64.5,4.68,247.8,280000.0,230000.0,0.21739129722118378,45.0,100.0,28.0,91.0,london,1525.0,15303.0,0.0547,18300.0,0.0654,-0.0107
E02000939,Wandsworth 017,E09000032,Wandsworth,29,309.24,167.0,4.91,190.1,1500000.0,1315000.0,0.14068441092967987,100.0,100.0,47.0,139.0,london,2599.0,39621.0,0.0264,31188.0,0.0208,0.0056
E02000822,Southwark 016,E09000028,Southwark,55,112.73,102.0,4.7,192.7,440000.0,379950.0,0.15804710984230042,60.0,100.0,45.0,296.0,london,2395.0,24200.0,0.055,28740.0,0.0653,-0.0103
E02000271,Ealing 034,E09000009,Ealing,59,128.76,99.0,4.67,226.5,941000.0,955000.0,-0.014659686014056206,100.0,100.0,71.0,183.0,london,2057.0,23488.0,0.025,24684.0,0.0262,-0.0012
E02000198,Croydon 005,E09000008,Croydon,34,48.26,38.0,4.58,253.9,360000.0,251500.0,0.4314115345478058,66.0,100.0,51.0,127.0,london,1565.0,9016.0,0.025,18780.0,0.0522,-0.0272
E02000186,Camden 021,E09000007,Camden,362,210.41,139.0,4.54,219.2,785000.0,780000.0,0.006410256493836641,100.0,100.0,34.0,153.0,london,2724.0,32978.0,0.042,32688.0,0.0416,0.0004
E02000980,Westminster 021,E09000033,Westminster,153,225.37,191.0,4.63,201.1,700000.0,872500.0,-0.19770774245262146,100.0,100.0,41.0,97.0,london,3149.0,45315.0,0.0647,37788.0,0.054,0.0107
E02000634,Lambeth 017,E09000022,Lambeth,51,124.2,90.0,4.73,215.1,490000.0,450000.0,0.08888889104127884,97.0,100.0,44.0,229.0,london,2529.0,21352.0,0.0436,30348.0,0.0619,-0.0183
E02000120,Brent 028,E09000005,Brent,116,412.22,113.5,4.59,200.3,575000.0,520000.0,0.10576923191547394,100.0,100.0,61.0,123.0,london,1990.0,26928.0,0.0468,23880.0,0.0415,0.0053
E02000346,Hackney 002,E09000012,Hackney,37,394.16,108.0,4.63,211.1,542640.0,401250.0,0.3523738384246826,100.0,100.0,38.0,189.0,london,2615.0,25623.0,0.0472,31380.0,0.0578,-0.0106
E02000601,Kingston upon Thames 004,E09000021,Kingston upon Thames,43,133.56,109.0,4.82,192.1,695000.0,527500.0,0.31753554940223694,100.0,100.0,20.0,69.0,london,1799.0,25860.0,0.0372,21588.0,0.0311,0.0061
E02000386,Hammersmith and Fulham 015,E09000013,Hammersmith and Fulham,142,167.2,126.0,4.51,209.3,575000.0,590000.0,-0.025423727929592133,100.0,100.0,27.0,96.0,london,2755.0,29894.0,0.052,33060.0,0.0575,-0.0055
E02000119,Brent 027,E09000005,Brent,47,125.15,82.0,4.77,256.0,343750.0,375000.0,-0.0833333358168602,96.0,100.0,61.0,123.0,london,1990.0,19454.0,0.0566,23880.0,0.0695,-0.0129
E02006993,Greenwich 041,E09000011,Greenwich,74,226.47,149.0,4.76,138.9,450000.0,373750.0,0.2040133774280548,100.0,100.0,38.0,144.0,london,1949.0,35350.0,0.0786,23388.0,0.052,0.0266
E02000185,Camden 020,E09000007,Camden,90,175.36,96.5,4.56,170.3,585000.0,440000.0,0.3295454680919647,100.0,100.0,34.0,153.0,london,2724.0,22895.0,0.0391,32688.0,0.0559,-0.0168
E02000877,Tower Hamlets 014,E09000030,Tower Hamlets,118,114.55,95.0,4.58,190.2,474800.0,395000.0,0.20202530920505524,100.0,100.0,33.0,238.0,london,2410.0,22539.0,0.0475,28920.0,0.0609,-0.0134
E02000804,Richmond upon Thames 021,E09000027,Richmond upon Thames,21,191.14,166.0,4.88,200.1,681000.0,550000.0,0.23818181455135345,100.0,100.0,29.0,142.0,london,2307.0,39384.0,0.0578,27684.0,0.0407,0.0171
E02000680,Lewisham 028,E09000023,Lewisham,28,109.79,102.5,4.65,187.9,480000.0,360000.0,0.3333333432674408,84.0,100.0,36.0,154.0,london,1816.0,24318.0,0.0507,21792.0,0.0454,0.0053
E02000011,Barking and Dagenham 010,E09000002,Barking and Dagenham,26,97.54,64.0,4.74,244.1,377500.0,257000.0,0.4688715934753418,100.0,100.0,38.0,86.0,london,1688.0,15184.0,0.0402,20256.0,0.0537,-0.0135
E02000821,Southwark 015,E09000028,Southwark,47,162.83,118.0,4.67,195.0,432800.0,355000.0,0.21915492415428162,9.0,100.0,45.0,296.0,london,2395.0,27996.0,0.0647,28740.0,0.0664,-0.0017
E02000640,Lambeth 023,E09000022,Lambeth,26,120.77,103.5,4.91,183.6,710000.0,500000.0,0.41999998688697815,96.0,100.0,44.0,229.0,london,2529.0,24555.0,0.0346,30348.0,0.0427,-0.0081
E02006954,Barnet 043,E09000003,Barnet,66,116.05,122.5,4.66,237.4,411000.0,338500.0,0.21418020129203796,93.0,100.0,52.0,123.0,london,1931.0,29063.0,0.0707,23172.0,0.0564,0.0143
E02000686,Lewisham 034,E09000023,Lewisham,31,67.0,49.0,4.83,223.5,340000.0,225000.0,0.5111111402511597,100.0,100.0,36.0,154.0,london,1816.0,11625.0,0.0342,21792.0,0.0641,-0.0299
E02000623,Lambeth 006,E09000022,Lambeth,79,133.54,98.0,4.69,211.4,447500.0,387000.0,0.15633074939250946,100.0,100.0,44.0,229.0,london,2529.0,23250.0,0.052,30348.0,0.0678,-0.0158
E02006796,Hillingdon 033,E09000017,Hillingdon,20,130.9,115.5,4.61,274.5,517000.0,315000.0,0.641269862651825,66.0,100.0,46.0,193.0,london,1553.0,27402.0,0.053,18636.0,0.036,0.017
E02000348,Hackney 004,E09000012,Hackney,20,109.65,115.0,4.65,203.8,485000.0,421100.0,0.15174542367458344,100.0,100.0,38.0,189.0,london,2615.0,27284.0,0.0563,31380.0,0.0647,-0.0084
E02000096,Brent 004,E09000005,Brent,6,120.83,97.0,4.4,172.0,750000.0,570000.0,0.31578946113586426,76.0,100.0,61.0,123.0,london,1990.0,23013.0,0.0307,23880.0,0.0318,-0.0011
E02000201,Croydon 008,E09000008,Croydon,41,90.15,73.0,4.56,183.3,375000.0,235000.0,0.5957446694374084,100.0,100.0,51.0,127.0,london,1565.0,17319.0,0.0462,18780.0,0.0501,-0.0039
E02000007,Barking and Dagenham 006,E09000002,Barking and Dagenham,43,97.51,73.0,4.74,260.1,380000.0,238250.0,0.5949632525444031,4.0,100.0,38.0,86.0,london,1688.0,17319.0,0.0456,20256.0,0.0533,-0.0077
E02000751,Redbridge 001,E09000026,Redbridge,13,83.46,64.0,4.94,200.1,655000.0,588000.0,0.11394558101892471,69.0,100.0,45.0,76.0,london,1724.0,15184.0,0.0232,20688.0,0.0316,-0.0084
E02000496,Hillingdon 003,E09000017,Hillingdon,9,99.11,63.0,4.77,225.2,437500.0,319950.0,0.3674011528491974,0.0,19.0,46.0,193.0,london,1553.0,14947.0,0.0342,18636.0,0.0426,-0.0084
E02000260,Ealing 023,E09000009,Ealing,8,149.63,81.5,4.49,253.0,490000.0,290000.0,0.6896551847457886,65.0,100.0,71.0,183.0,london,2057.0,19336.0,0.0395,24684.0,0.0504,-0.0109
E02000291,Enfield 015,E09000010,Enfield,37,127.24,134.0,4.69,290.1,407500.0,289500.0,0.4075993001461029,100.0,100.0,45.0,145.0,london,1775.0,31792.0,0.078,21300.0,0.0523,0.0257
E02007017,Redbridge 037,E09000026,Redbridge,15,150.87,136.0,4.5,303.7,460000.0,281000.0,0.6370106935501099,19.0,100.0,45.0,76.0,london,1724.0,32266.0,0.0701,20688.0,0.045,0.0251
E02000959,Wandsworth 037,E09000032,Wandsworth,30,101.0,77.5,4.83,216.4,450000.0,361000.0,0.24653740227222443,92.0,100.0,47.0,139.0,london,2599.0,18387.0,0.0409,31188.0,0.0693,-0.0284
E02000945,Wandsworth 023,E09000032,Wandsworth,28,260.29,57.5,4.62,222.9,385000.0,315000.0,0.2222222238779068,0.0,42.0,47.0,139.0,london,2599.0,13642.0,0.0354,31188.0,0.081,-0.0456
E02000231,Croydon 038,E09000008,Croydon,29,132.79,121.0,4.45,286.6,760000.0,600000.0,0.2666666805744171,49.0,100.0,51.0,127.0,london,1565.0,28707.0,0.0378,18780.0,0.0247,0.0131
E02000170,Camden 005,E09000007,Camden,56,142.09,103.5,4.64,214.9,825500.0,670000.0,0.2320895493030548,94.0,100.0,34.0,153.0,london,2724.0,24555.0,0.0297,32688.0,0.0396,-0.0099
E02000415,Haringey 019,E09000014,Haringey,49,109.29,66.0,4.81,192.0,556250.0,410000.0,0.35670730471611023,100.0,100.0,36.0,141.0,london,2214.0,15658.0,0.0281,26568.0,0.0478,-0.0197
E02000531,Hounslow 006,E09000018,Hounslow,66,145.61,90.5,4.62,272.9,512000.0,428000.0,0.1962616890668869,98.0,100.0,43.0,158.0,london,1922.0,21471.0,0.0419,23064.0,0.045,-0.0031
E02000192,Camden 027,E09000007,Camden,217,266.02,243.0,4.65,218.8,675000.0,816250.0,-0.17304746806621552,100.0,100.0,34.0,153.0,london,2724.0,57652.0,0.0854,32688.0,0.0484,0.037
E02006988,Croydon 047,E09000008,Croydon,38,116.34,111.0,4.65,202.1,315000.0,234000.0,0.3461538553237915,100.0,100.0,51.0,127.0,london,1565.0,26335.0,0.0836,18780.0,0.0596,0.024
E02000360,Hackney 016,E09000012,Hackney,115,126.22,111.0,4.79,207.3,500000.0,353745.0,0.4134475290775299,100.0,100.0,38.0,189.0,london,2615.0,26335.0,0.0527,31380.0,0.0628,-0.0101
E02000627,Lambeth 010,E09000022,Lambeth,85,136.95,112.0,4.7,187.1,560000.0,485000.0,0.15463916957378387,100.0,100.0,44.0,229.0,london,2529.0,26572.0,0.0474,30348.0,0.0542,-0.0068
E02000943,Wandsworth 021,E09000032,Wandsworth,49,240.16,161.0,4.84,258.6,779758.0,612000.0,0.27411437034606934,100.0,100.0,47.0,139.0,london,2599.0,38197.0,0.049,31188.0,0.04,0.009
E02000583,Kensington and Chelsea 007,E09000020,Kensington and Chelsea,136,517.32,237.0,4.8,170.9,1276250.0,1210000.0,0.05475206673145294,100.0,100.0,31.0,61.0,london,3597.0,56228.0,0.0441,43164.0,0.0338,0.0103
E02006996,Newham 039,E09000025,Newham,84,159.24,146.0,4.76,213.2,415000.0,335000.0,0.23880596458911896,100.0,100.0,48.0,161.0,london,1918.0,34638.0,0.0835,23016.0,0.0555,0.028
E02000326,Greenwich 014,E09000011,Greenwich,35,120.51,112.0,4.9,247.5,600000.0,430000.0,0.39534884691238403,96.0,100.0,38.0,144.0,london,1949.0,26572.0,0.0443,23388.0,0.039,0.0053
E02000592,Kensington and Chelsea 016,E09000020,Kensington and Chelsea,402,388.58,302.0,4.69,215.0,1264500.0,1600000.0,-0.2096875011920929,100.0,100.0,31.0,61.0,london,3597.0,71650.0,0.0567,43164.0,0.0341,0.0226
E02000826,Southwark 020,E09000028,Southwark,77,146.26,125.0,4.59,217.1,442500.0,350000.0,0.26428571343421936,38.0,100.0,45.0,296.0,london,2395.0,29656.0,0.067,28740.0,0.0649,0.0021
E02000657,Lewisham 005,E09000023,Lewisham,84,121.94,105.5,4.7,220.8,477750.0,340000.0,0.4051470458507538,100.0,100.0,36.0,154.0,london,1816.0,25030.0,0.0524,21792.0,0.0456,0.0068
E02000590,Kensington and Chelsea 014,E09000020,Kensington and Chelsea,327,310.58,245.0,4.63,217.0,1100000.0,917500.0,0.19891008734703064,100.0,100.0,31.0,61.0,london,3597.0,58126.0,0.0528,43164.0,0.0392,0.0136
E02000699,Merton 011,E09000024,Merton,56,205.07,136.0,4.84,220.7,700000.0,562475.0,0.24449975788593292,100.0,100.0,21.0,99.0,london,2097.0,32266.0,0.0461,25164.0,0.0359,0.0102
E02000953,Wandsworth 031,E09000032,Wandsworth,39,164.46,135.0,4.9,155.6,678000.0,575000.0,0.1791304349899292,78.0,100.0,47.0,139.0,london,2599.0,32029.0,0.0472,31188.0,0.046,0.0012
E02000142,Bromley 016,E09000006,Bromley,26,108.85,90.0,4.84,228.4,502500.0,385000.0,0.30519479513168335,71.0,100.0,48.0,154.0,london,1673.0,21352.0,0.0425,20076.0,0.04,0.0025
E02006786,Greenwich 033,E09000011,Greenwich,29,78.69,48.0,4.53,250.0,425500.0,269000.0,0.5817843675613403,0.0,100.0,38.0,144.0,london,1949.0,11388.0,0.0268,23388.0,0.055,-0.0282
E02000115,Brent 023,E09000005,Brent,107,119.54,94.0,4.6,214.4,557528.0,515000.0,0.082578644156456,100.0,100.0,61.0,123.0,london,1990.0,22302.0,0.04,23880.0,0.0428,-0.0028
E02000607,Kingston upon Thames 010,E09000021,Kingston upon Thames,19,96.11,75.0,4.67,227.2,680000.0,500000.0,0.36000001430511475,84.0,100.0,20.0,69.0,london,1799.0,17794.0,0.0262,21588.0,0.0317,-0.0055
E02000770,Redbridge 020,E09000026,Redbridge,12,84.75,55.5,4.49,249.8,329875.0,292000.0,0.1297089010477066,100.0,100.0,45.0,76.0,london,1724.0,13167.0,0.0399,20688.0,0.0627,-0.0228
E02000612,Kingston upon Thames 015,E09000021,Kingston upon Thames,17,87.94,65.0,4.69,195.6,617500.0,445000.0,0.38764044642448425,90.0,100.0,20.0,69.0,london,1799.0,15421.0,0.025,21588.0,0.035,-0.01
E02000874,Tower Hamlets 011,E09000030,Tower Hamlets,55,133.64,77.0,4.67,208.6,492425.0,359400.0,0.3701307773590088,100.0,100.0,33.0,238.0,london,2410.0,18268.0,0.0371,28920.0,0.0587,-0.0216
E02000642,Lambeth 025,E09000022,Lambeth,60,113.17,88.0,4.76,186.9,550000.0,465000.0,0.1827957034111023,100.0,100.0,44.0,229.0,london,2529.0,20878.0,0.038,30348.0,0.0552,-0.0172
E02000829,Southwark 023,E09000028,Southwark,83,118.58,91.0,4.58,215.4,467500.0,402500.0,0.16149067878723145,100.0,100.0,45.0,296.0,london,2395.0,21590.0,0.0462,28740.0,0.0615,-0.0153
E02006882,Harrow 033,E09000015,Harrow,10,101.0,49.0,4.7,183.9,610000.0,460000.0,0.32608696818351746,26.0,100.0,32.0,73.0,london,1755.0,11625.0,0.0191,21060.0,0.0345,-0.0154
E02000333,Greenwich 021,E09000011,Greenwich,32,155.72,134.0,4.85,210.2,590000.0,442500.0,0.3333333432674408,66.0,100.0,38.0,144.0,london,1949.0,31792.0,0.0539,23388.0,0.0396,0.0143
E02000516,Hillingdon 023,E09000017,Hillingdon,15,99.47,80.0,4.57,282.1,462500.0,290000.0,0.5948275923728943,0.0,35.0,46.0,193.0,london,1553.0,18980.0,0.041,18636.0,0.0403,0.0007
E02000434,Harrow 002,E09000015,Harrow,24,87.42,50.5,4.44,238.1,575000.0,447500.0,0.2849161922931671,97.0,100.0,32.0,73.0,london,1755.0,11981.0,0.0208,21060.0,0.0366,-0.0158
E02000753,Redbridge 003,E09000026,Redbridge,12,65.25,44.5,4.7,271.0,425000.0,293000.0,0.4505119323730469,79.0,100.0,45.0,76.0,london,1724.0,10558.0,0.0248,20688.0,0.0487,-0.0239
E02000339,Greenwich 027,E09000011,Greenwich,11,147.18,82.0,4.92,266.2,614938.0,441250.0,0.39362719655036926,100.0,100.0,38.0,144.0,london,1949.0,19454.0,0.0316,23388.0,0.038,-0.0064
E02000767,Redbridge 017,E09000026,Redbridge,22,63.64,50.0,4.47,268.5,490000.0,375000.0,0.30666667222976685,95.0,100.0,45.0,76.0,london,1724.0,11862.0,0.0242,20688.0,0.0422,-0.018
E02000857,Sutton 018,E09000029,Sutton,24,107.88,80.5,4.74,194.5,325500.0,268500.0,0.21229049563407898,100.0,100.0,22.0,94.0,london,1547.0,19099.0,0.0587,18564.0,0.057,0.0017
E02000803,Richmond upon Thames 020,E09000027,Richmond upon Thames,14,89.93,76.5,4.84,200.3,515000.0,372500.0,0.38255032896995544,13.0,100.0,29.0,142.0,london,2307.0,18150.0,0.0352,27684.0,0.0538,-0.0186
E02000408,Haringey 012,E09000014,Haringey,31,175.42,122.0,4.73,179.9,495000.0,337500.0,0.46666666865348816,100.0,100.0,36.0,141.0,london,2214.0,28944.0,0.0585,26568.0,0.0537,0.0048
E02000486,Havering 023,E09000016,Havering,4,98.75,69.0,4.57,311.8,448750.0,289998.0,0.5474244356155396,100.0,100.0,37.0,119.0,london,1565.0,16370.0,0.0365,18780.0,0.0418,-0.0053
E02000801,Richmond upon Thames 018,E09000027,Richmond upon Thames,26,151.31,121.5,4.84,215.3,800000.0,586250.0,0.36460554599761963,90.0,100.0,29.0,142.0,london,2307.0,28826.0,0.036,27684.0,0.0346,0.0014
E02000153,Bromley 027,E09000006,Bromley,7,122.86,65.0,4.84,248.7,669000.0,510000.0,0.3117647171020508,65.0,100.0,48.0,154.0,london,1673.0,15421.0,0.0231,20076.0,0.03,-0.0069
E02000702,Merton 014,E09000024,Merton,20,72.95,51.0,4.88,286.5,430000.0,290000.0,0.48275861144065857,93.0,100.0,21.0,99.0,london,2097.0,12100.0,0.0281,25164.0,0.0585,-0.0304
E02000105,Brent 013,E09000005,Brent,27,116.3,118.0,4.7,172.8,454000.0,295000.0,0.5389830470085144,97.0,100.0,61.0,123.0,london,1990.0,27996.0,0.0617,23880.0,0.0526,0.0091
E02000375,Hammersmith and Fulham 004,E09000013,Hammersmith and Fulham,160,159.96,115.5,4.6,205.5,575000.0,562500.0,0.02222222276031971,100.0,100.0,27.0,96.0,london,2755.0,27402.0,0.0477,33060.0,0.0575,-0.0098
E02000367,Hackney 023,E09000012,Hackney,201,153.62,133.0,4.81,198.3,654750.0,535000.0,0.22383177280426025,100.0,100.0,38.0,189.0,london,2615.0,31554.0,0.0482,31380.0,0.0479,0.0003
E02000355,Hackney 011,E09000012,Hackney,138,147.28,114.5,4.76,178.4,795000.0,594250.0,0.33782076835632324,94.0,100.0,38.0,189.0,london,2615.0,27165.0,0.0342,31380.0,0.0395,-0.0053
E02000672,Lewisham 020,E09000023,Lewisham,70,106.19,96.0,4.6,248.5,422500.0,315000.0,0.341269850730896,100.0,100.0,36.0,154.0,london,1816.0,22776.0,0.0539,21792.0,0.0516,0.0023
E02000176,Camden 011,E09000007,Camden,74,394.32,138.0,4.76,193.0,1040000.0,925000.0,0.12432432174682617,100.0,100.0,34.0,153.0,london,2724.0,32740.0,0.0315,32688.0,0.0314,0.0001
E02000931,Wandsworth 009,E09000032,Wandsworth,99,199.94,160.0,4.82,184.1,856000.0,787500.0,0.08698412775993347,75.0,100.0,47.0,139.0,london,2599.0,37960.0,0.0443,31188.0,0.0364,0.0079
E02000045,Barnet 022,E09000003,Barnet,38,97.32,88.5,4.86,165.8,490000.0,380000.0,0.28947368264198303,13.0,97.0,52.0,123.0,london,1931.0,20997.0,0.0429,23172.0,0.0473,-0.0044
E02000597,Kensington and Chelsea 021,E09000020,Kensington and Chelsea,141,232.12,170.0,4.56,229.0,785000.0,813000.0,-0.03444034606218338,100.0,100.0,31.0,61.0,london,3597.0,40332.0,0.0514,43164.0,0.055,-0.0036
E02000818,Southwark 012,E09000028,Southwark,151,198.89,119.0,4.7,204.9,518000.0,426300.0,0.21510672569274902,94.0,100.0,45.0,296.0,london,2395.0,28233.0,0.0545,28740.0,0.0555,-0.001
E02006991,Greenwich 039,E09000011,Greenwich,76,174.5,144.0,4.69,222.3,450000.0,335000.0,0.34328359365463257,100.0,100.0,38.0,144.0,london,1949.0,34164.0,0.0759,23388.0,0.052,0.0239
E02000199,Croydon 006,E09000008,Croydon,20,110.35,73.5,4.85,207.0,423000.0,280000.0,0.5107142925262451,74.0,100.0,51.0,127.0,london,1565.0,17438.0,0.0412,18780.0,0.0444,-0.0032
E02000578,Kensington and Chelsea 002,E09000020,Kensington and Chelsea,54,205.61,194.0,4.82,226.6,720000.0,700000.0,0.02857142873108387,53.0,100.0,31.0,61.0,london,3597.0,46026.0,0.0639,43164.0,0.06,0.0039
E02000958,Wandsworth 036,E09000032,Wandsworth,40,106.25,79.5,4.8,166.9,661250.0,484500.0,0.3648090958595276,74.0,100.0,47.0,139.0,london,2599.0,18861.0,0.0285,31188.0,0.0472,-0.0187
E02000174,Camden 009,E09000007,Camden,108,324.83,160.0,4.77,163.5,615000.0,485000.0,0.2680412232875824,100.0,100.0,34.0,153.0,london,2724.0,37960.0,0.0617,32688.0,0.0532,0.0085
E02000764,Redbridge 014,E09000026,Redbridge,41,151.32,131.0,4.88,238.9,520000.0,410000.0,0.26829269528388977,98.0,100.0,45.0,76.0,london,1724.0,31080.0,0.0598,20688.0,0.0398,0.02
E02000636,Lambeth 019,E09000022,Lambeth,49,157.9,110.0,4.85,180.8,755000.0,750000.0,0.006666666828095913,92.0,100.0,44.0,229.0,london,2529.0,26098.0,0.0346,30348.0,0.0402,-0.0056
E02000383,Hammersmith and Fulham 012,E09000013,Hammersmith and Fulham,158,187.76,142.0,4.65,203.6,632500.0,600000.0,0.05416666716337204,100.0,100.0,27.0,96.0,london,2755.0,33690.0,0.0533,33060.0,0.0523,0.001
E02000982,Westminster 023,E09000033,Westminster,159,669.44,225.0,4.69,206.3,882500.0,1244500.0,-0.29087987542152405,100.0,100.0,41.0,97.0,london,3149.0,53381.0,0.0605,37788.0,0.0428,0.0177
E02000171,Camden 006,E09000007,Camden,60,177.15,153.0,4.82,180.0,740000.0,662500.0,0.1169811338186264,100.0,100.0,34.0,153.0,london,2724.0,36299.0,0.0491,32688.0,0.0442,0.0049
E02000057,Barnet 034,E09000003,Barnet,44,126.57,112.5,4.7,241.9,750000.0,580000.0,0.2931034564971924,68.0,100.0,52.0,123.0,london,1931.0,26691.0,0.0356,23172.0,0.0309,0.0047
E02006992,Greenwich 040,E09000011,Greenwich,76,210.38,159.5,4.79,218.9,563750.0,474000.0,0.18934598565101624,94.0,100.0,38.0,144.0,london,1949.0,37841.0,0.0671,23388.0,0.0415,0.0256
E02000815,Southwark 009,E09000028,Southwark,181,225.25,110.0,4.48,224.3,487500.0,392500.0,0.24203822016716003,100.0,100.0,45.0,296.0,london,2395.0,26098.0,0.0535,28740.0,0.059,-0.0055
E02000946,Wandsworth 024,E09000032,Wandsworth,59,172.56,137.0,4.9,178.8,615000.0,498000.0,0.23493975400924683,96.0,100.0,47.0,139.0,london,2599.0,32503.0,0.0529,31188.0,0.0507,0.0022
E02000602,Kingston upon Thames 005,E09000021,Kingston upon Thames,46,111.74,74.5,4.84,220.3,426500.0,369000.0,0.15582655370235443,91.0,100.0,20.0,69.0,london,1799.0,17675.0,0.0414,21588.0,0.0506,-0.0092
E02000152,Bromley 026,E09000006,Bromley,8,95.0,109.5,4.88,187.8,517500.0,343000.0,0.508746325969696,4.0,89.0,48.0,154.0,london,1673.0,25979.0,0.0502,20076.0,0.0388,0.0114
E02000779,Redbridge 029,E09000026,Redbridge,51,128.27,79.0,4.59,277.7,298500.0,225000.0,0.3266666531562805,100.0,100.0,45.0,76.0,london,1724.0,18743.0,0.0628,20688.0,0.0693,-0.0065
E02000347,Hackney 003,E09000012,Hackney,27,110.74,99.0,4.8,207.6,520000.0,411000.0,0.26520681381225586,96.0,100.0,38.0,189.0,london,2615.0,23488.0,0.0452,31380.0,0.0603,-0.0151
E02000228,Croydon 035,E09000008,Croydon,7,65.43,47.0,4.75,260.4,645000.0,507500.0,0.27093595266342163,34.0,100.0,51.0,127.0,london,1565.0,11151.0,0.0173,18780.0,0.0291,-0.0118
E02000468,Havering 005,E09000016,Havering,13,134.15,91.0,4.4,332.3,439000.0,280000.0,0.5678571462631226,0.0,0.0,37.0,119.0,london,1565.0,21590.0,0.0492,18780.0,0.0428,0.0064
E02000337,Greenwich 025,E09000011,Greenwich,32,124.91,87.5,4.83,222.9,447500.0,312500.0,0.4320000112056732,80.0,100.0,38.0,144.0,london,1949.0,20759.0,0.0464,23388.0,0.0523,-0.0059
E02000523,Hillingdon 030,E09000017,Hillingdon,37,96.14,100.0,4.72,276.7,466250.0,312000.0,0.4943910241127014,82.0,100.0,46.0,193.0,london,1553.0,23725.0,0.0509,18636.0,0.04,0.0109
E02000340,Greenwich 028,E09000011,Greenwich,18,84.83,63.5,4.51,210.8,427500.0,287500.0,0.48695650696754456,65.0,100.0,38.0,144.0,london,1949.0,15065.0,0.0352,23388.0,0.0547,-0.0195
E02006953,Barnet 042,E09000003,Barnet,74,128.64,124.0,4.55,249.0,455500.0,280450.0,0.6241754293441772,83.0,100.0,52.0,123.0,london,1931.0,29419.0,0.0646,23172.0,0.0509,0.0137
E02000289,Enfield 013,E09000010,Enfield,6,111.83,69.5,4.86,193.0,755000.0,632500.0,0.19367589056491852,46.0,100.0,45.0,145.0,london,1775.0,16489.0,0.0218,21300.0,0.0282,-0.0064
E02000021,Barking and Dagenham 020,E09000002,Barking and Dagenham,27,135.37,96.0,4.49,283.2,367500.0,225000.0,0.6333333253860474,40.0,100.0,38.0,86.0,london,1688.0,22776.0,0.062,20256.0,0.0551,0.0069
E02000556,Islington 003,E09000019,Islington,86,146.02,127.0,4.75,196.4,530000.0,480000.0,0.1041666641831398,100.0,100.0,33.0,194.0,london,2811.0,30131.0,0.0569,33732.0,0.0636,-0.0067
E02000352,Hackney 008,E09000012,Hackney,54,199.24,101.0,4.79,207.0,520000.0,445000.0,0.16853933036327362,75.0,100.0,38.0,189.0,london,2615.0,23962.0,0.0461,31380.0,0.0603,-0.0142
E02000638,Lambeth 021,E09000022,Lambeth,51,75.41,60.0,4.79,168.2,511125.0,420000.0,0.21696428954601288,9.0,100.0,44.0,229.0,london,2529.0,14235.0,0.0279,30348.0,0.0594,-0.0315
E02000691,Merton 003,E09000024,Merton,46,192.24,141.0,4.85,215.7,550000.0,650000.0,-0.1538461595773697,100.0,100.0,21.0,99.0,london,2097.0,33452.0,0.0608,25164.0,0.0458,0.015
E02000117,Brent 025,E09000005,Brent,48,137.96,75.0,4.78,198.8,395000.0,262500.0,0.5047619342803955,83.0,100.0,61.0,123.0,london,1990.0,17794.0,0.045,23880.0,0.0605,-0.0155
E02007084,Wandsworth 039,E09000032,Wandsworth,90,149.24,129.0,4.68,202.6,540000.0,400000.0,0.3499999940395355,100.0,100.0,47.0,139.0,london,2599.0,30605.0,0.0567,31188.0,0.0578,-0.0011
E02000917,Waltham Forest 023,E09000031,Waltham Forest,66,180.29,88.0,4.74,169.2,517750.0,335000.0,0.5455223917961121,100.0,100.0,39.0,99.0,london,1758.0,20878.0,0.0403,21096.0,0.0407,-0.0004
E02000586,Kensington and Chelsea 010,E09000020,Kensington and Chelsea,266,421.08,319.0,4.69,224.1,1720000.0,2267500.0,-0.2414553463459015,100.0,100.0,31.0,61.0,london,3597.0,75683.0,0.044,43164.0,0.0251,0.0189
E02000795,Richmond upon Thames 012,E09000027,Richmond upon Thames,15,231.33,174.0,4.91,198.8,1485000.0,1103000.0,0.3463281989097595,34.0,67.0,29.0,142.0,london,2307.0,41282.0,0.0278,27684.0,0.0186,0.0092
E02000396,Hammersmith and Fulham 025,E09000013,Hammersmith and Fulham,62,266.27,205.0,4.78,221.7,840000.0,950000.0,-0.11578947305679321,100.0,100.0,27.0,96.0,london,2755.0,48636.0,0.0579,33060.0,0.0394,0.0185
E02000363,Hackney 019,E09000012,Hackney,69,160.33,117.0,4.81,194.1,432440.0,345000.0,0.2534492611885071,100.0,100.0,38.0,189.0,london,2615.0,27758.0,0.0642,31380.0,0.0726,-0.0084
E02000983,Westminster 024,E09000033,Westminster,153,187.76,163.0,4.72,213.1,680000.0,625000.0,0.08799999952316284,100.0,100.0,41.0,97.0,london,3149.0,38672.0,0.0569,37788.0,0.0556,0.0013
E02000059,Barnet 036,E09000003,Barnet,48,145.71,87.5,4.59,218.4,463000.0,345500.0,0.34008681774139404,63.0,100.0,52.0,123.0,london,1931.0,20759.0,0.0448,23172.0,0.05,-0.0052
E02000416,Haringey 020,E09000014,Haringey,31,113.94,94.0,4.74,185.6,511250.0,425000.0,0.2029411792755127,94.0,100.0,36.0,141.0,london,2214.0,22302.0,0.0436,26568.0,0.052,-0.0084
E02000697,Merton 009,E09000024,Merton,74,189.24,142.5,4.84,204.1,651500.0,552500.0,0.17918552458286285,100.0,100.0,21.0,99.0,london,2097.0,33808.0,0.0519,25164.0,0.0386,0.0133
E02000418,Haringey 022,E09000014,Haringey,26,163.88,107.0,4.89,213.3,1310000.0,666250.0,0.9662289023399353,9.0,100.0,36.0,141.0,london,2214.0,25386.0,0.0194,26568.0,0.0203,-0.0009
E02006783,Lewisham 037,E09000023,Lewisham,24,82.5,55.0,4.8,261.8,380000.0,260000.0,0.4615384638309479,59.0,100.0,36.0,154.0,london,1816.0,13049.0,0.0343,21792.0,0.0573,-0.023
E02000729,Newham 016,E09000025,Newham,27,108.37,68.0,4.56,197.4,535000.0,310000.0,0.725806474685669,96.0,100.0,48.0,161.0,london,1918.0,16133.0,0.0302,23016.0,0.043,-0.0128
E02000329,Greenwich 017,E09000011,Greenwich,16,185.31,79.5,4.86,251.3,440000.0,290000.0,0.517241358757019,5.0,100.0,38.0,144.0,london,1949.0,18861.0,0.0429,23388.0,0.0532,-0.0103
E02000849,Sutton 010,E09000029,Sutton,17,86.0,50.0,4.85,216.8,452000.0,316000.0,0.4303797483444214,91.0,100.0,22.0,94.0,london,1547.0,11862.0,0.0262,18564.0,0.0411,-0.0149
E02000099,Brent 007,E09000005,Brent,16,122.81,127.5,4.61,206.7,548750.0,413500.0,0.32708585262298584,100.0,100.0,61.0,123.0,london,1990.0,30249.0,0.0551,23880.0,0.0435,0.0116
E02000598,Kingston upon Thames 001,E09000021,Kingston upon Thames,26,181.73,122.5,4.8,195.0,820000.0,625000.0,0.31200000643730164,9.0,92.0,20.0,69.0,london,1799.0,29063.0,0.0354,21588.0,0.0263,0.0091
E02000521,Hillingdon 028,E09000017,Hillingdon,60,96.32,65.5,4.55,238.1,432500.0,299995.0,0.44169068336486816,25.0,100.0,46.0,193.0,london,1553.0,15540.0,0.0359,18636.0,0.0431,-0.0072
E02007019,Redbridge 039,E09000026,Redbridge,18,90.17,88.5,3.77,262.7,239998.0,228500.0,0.050319474190473557,100.0,100.0,45.0,76.0,london,1724.0,20997.0,0.0875,20688.0,0.0862,0.0013
E02000723,Newham 010,E09000025,Newham,20,72.1,52.0,4.62,309.9,515000.0,272500.0,0.8899082541465759,100.0,100.0,48.0,161.0,london,1918.0,12337.0,0.024,23016.0,0.0447,-0.0207
E02007008,Lewisham 040,E09000023,Lewisham,35,166.2,113.0,4.66,203.6,345000.0,300000.0,0.15000000596046448,100.0,100.0,36.0,154.0,london,1816.0,26809.0,0.0777,21792.0,0.0632,0.0145
E02000756,Redbridge 006,E09000026,Redbridge,35,90.17,48.0,4.29,267.1,516500.0,336000.0,0.5372023582458496,77.0,100.0,45.0,76.0,london,1724.0,11388.0,0.022,20688.0,0.0401,-0.0181
E02000683,Lewisham 031,E09000023,Lewisham,17,90.12,58.0,4.55,282.3,380000.0,246000.0,0.5447154641151428,53.0,100.0,36.0,154.0,london,1816.0,13761.0,0.0362,21792.0,0.0573,-0.0211
E02000652,Lambeth 035,E09000022,Lambeth,30,71.7,63.0,4.49,154.8,612500.0,408000.0,0.501225471496582,100.0,100.0,44.0,229.0,london,2529.0,14947.0,0.0244,30348.0,0.0495,-0.0251
E02000236,Croydon 043,E09000008,Croydon,11,195.0,184.0,4.92,182.0,541250.0,378000.0,0.43187829852104187,88.0,100.0,51.0,127.0,london,1565.0,43654.0,0.0807,18780.0,0.0347,0.046
E02000414,Haringey 018,E09000014,Haringey,49,109.47,70.0,4.51,256.9,587500.0,405000.0,0.4506172835826874,90.0,100.0,36.0,141.0,london,2214.0,16608.0,0.0283,26568.0,0.0452,-0.0169
E02000476,Havering 013,E09000016,Havering,33,98.58,95.0,4.65,236.7,315000.0,207000.0,0.52173912525177,79.0,100.0,37.0,119.0,london,1565.0,22539.0,0.0716,18780.0,0.0596,0.012
E02000275,Ealing 038,E09000009,Ealing,3,97.0,90.0,4.66,169.7,648000.0,500000.0,0.29600000381469727,48.0,95.0,71.0,183.0,london,2057.0,21352.0,0.033,24684.0,0.0381,-0.0051
E02000462,Harrow 030,E09000015,Harrow,9,95.67,96.0,4.94,233.1,513000.0,355000.0,0.44507041573524475,100.0,100.0,32.0,73.0,london,1755.0,22776.0,0.0444,21060.0,0.0411,0.0033
E02000855,Sutton 016,E09000029,Sutton,23,109.7,91.0,4.76,271.6,556000.0,459950.0,0.20882704854011536,67.0,100.0,22.0,94.0,london,1547.0,21590.0,0.0388,18564.0,0.0334,0.0054
E02000426,Haringey 030,E09000014,Haringey,46,176.67,103.5,4.88,224.6,805000.0,849000.0,-0.05182567611336708,93.0,100.0,36.0,141.0,london,2214.0,24555.0,0.0305,26568.0,0.033,-0.0025
E02000191,Camden 026,E09000007,Camden,398,237.63,197.5,4.61,225.8,660000.0,635000.0,0.03937007859349251,100.0,100.0,34.0,153.0,london,2724.0,46857.0,0.071,32688.0,0.0495,0.0215
E02000820,Southwark 014,E09000028,Southwark,124,164.76,136.5,4.63,215.2,470000.0,435000.0,0.08045977354049683,100.0,100.0,45.0,296.0,london,2395.0,32385.0,0.0689,28740.0,0.0611,0.0078
E02000419,Haringey 023,E09000014,Haringey,63,193.43,108.0,4.84,221.4,537500.0,445750.0,0.20583286881446838,100.0,100.0,36.0,141.0,london,2214.0,25623.0,0.0477,26568.0,0.0494,-0.0017
E02000677,Lewisham 025,E09000023,Lewisham,31,94.13,68.0,4.38,238.2,575000.0,375000.0,0.5333333611488342,80.0,100.0,36.0,154.0,london,1816.0,16133.0,0.0281,21792.0,0.0379,-0.0098
E02000545,Hounslow 020,E09000018,Hounslow,33,120.79,75.0,4.66,200.6,500000.0,385000.0,0.29870128631591797,18.0,100.0,43.0,158.0,london,1922.0,17794.0,0.0356,23064.0,0.0461,-0.0105
E02000359,Hackney 015,E09000012,Hackney,92,139.45,127.5,4.77,204.6,950000.0,650000.0,0.4615384638309479,84.0,100.0,38.0,189.0,london,2615.0,30249.0,0.0318,31380.0,0.033,-0.0012
E02000776,Redbridge 026,E09000026,Redbridge,24,261.54,126.5,4.74,280.4,510000.0,350000.0,0.4571428596973419,83.0,100.0,45.0,76.0,london,1724.0,30012.0,0.0588,20688.0,0.0406,0.0182
E02000976,Westminster 017,E09000033,Westminster,690,229.64,171.0,4.56,207.1,890000.0,788600.0,0.12858229875564575,100.0,100.0,41.0,97.0,london,3149.0,40570.0,0.0456,37788.0,0.0425,0.0031
E02000659,Lewisham 007,E09000023,Lewisham,30,122.13,112.5,4.81,175.8,465000.0,425250.0,0.09347442537546158,100.0,100.0,36.0,154.0,london,1816.0,26691.0,0.0574,21792.0,0.0469,0.0105
E02000400,Haringey 004,E09000014,Haringey,50,95.5,67.5,4.76,217.6,888000.0,421157.0,1.1084773540496826,96.0,100.0,36.0,141.0,london,2214.0,16014.0,0.018,26568.0,0.0299,-0.0119
E02000110,Brent 018,E09000005,Brent,83,229.42,76.0,4.44,205.8,797500.0,675000.0,0.1814814805984497,100.0,100.0,61.0,123.0,london,1990.0,18031.0,0.0226,23880.0,0.0299,-0.0073
E02000918,Waltham Forest 024,E09000031,Waltham Forest,54,100.19,86.0,4.81,198.1,515000.0,339500.0,0.5169366598129272,100.0,100.0,39.0,99.0,london,1758.0,20404.0,0.0396,21096.0,0.041,-0.0014
E02006955,Brent 035,E09000005,Brent,117,226.96,162.0,4.64,175.1,402500.0,331500.0,0.21417798101902008,100.0,100.0,61.0,123.0,london,1990.0,38434.0,0.0955,23880.0,0.0593,0.0362
E02000184,Camden 019,E09000007,Camden,277,189.19,152.0,4.67,210.5,595938.0,515000.0,0.1571611613035202,100.0,100.0,34.0,153.0,london,2724.0,36062.0,0.0605,32688.0,0.0549,0.0056
E02000055,Barnet 032,E09000003,Barnet,111,122.53,99.0,4.63,217.3,495000.0,447750.0,0.10552763938903809,74.0,100.0,52.0,123.0,london,1931.0,23488.0,0.0475,23172.0,0.0468,0.0007
E02000374,Hammersmith and Fulham 003,E09000013,Hammersmith and Fulham,55,182.11,124.0,4.68,209.7,780000.0,637000.0,0.22448979318141937,97.0,100.0,27.0,96.0,london,2755.0,29419.0,0.0377,33060.0,0.0424,-0.0047
E02000666,Lewisham 014,E09000023,Lewisham,29,120.24,90.0,4.91,211.0,517500.0,412500.0,0.2545454502105713,100.0,100.0,36.0,154.0,london,1816.0,21352.0,0.0413,21792.0,0.0421,-0.0008
E02000569,Islington 016,E09000019,Islington,93,183.83,146.0,4.66,207.6,716253.0,726500.0,-0.014104611240327358,100.0,100.0,33.0,194.0,london,2811.0,34638.0,0.0484,33732.0,0.0471,0.0013
E02000948,Wandsworth 026,E09000032,Wandsworth,69,147.96,133.0,4.79,203.3,615184.0,515000.0,0.19453203678131104,100.0,100.0,47.0,139.0,london,2599.0,31554.0,0.0513,31188.0,0.0507,0.0006
E02000759,Redbridge 009,E09000026,Redbridge,28,113.86,105.0,4.79,207.0,620000.0,381775.0,0.6239932179450989,79.0,97.0,45.0,76.0,london,1724.0,24911.0,0.0402,20688.0,0.0334,0.0068
E02000667,Lewisham 015,E09000023,Lewisham,33,98.79,88.0,4.73,189.5,720000.0,485000.0,0.4845360815525055,100.0,100.0,36.0,154.0,london,1816.0,20878.0,0.029,21792.0,0.0303,-0.0013
E02006853,Tower Hamlets 032,E09000030,Tower Hamlets,177,296.54,201.0,4.63,240.0,465000.0,400000.0,0.16249999403953552,100.0,100.0,33.0,238.0,london,2410.0,47687.0,0.1026,28920.0,0.0622,0.0404
E02000130,Bromley 004,E09000006,Bromley,28,134.25,91.0,4.83,183.5,615000.0,435000.0,0.4137931168079376,100.0,100.0,48.0,154.0,london,1673.0,21590.0,0.0351,20076.0,0.0326,0.0025
E02000267,Ealing 030,E09000009,Ealing,41,98.78,78.0,4.86,193.1,625000.0,475000.0,0.31578946113586426,74.0,100.0,71.0,183.0,london,2057.0,18506.0,0.0296,24684.0,0.0395,-0.0099
E02000459,Harrow 027,E09000015,Harrow,16,121.94,117.5,4.83,301.3,470000.0,278985.0,0.6846783757209778,100.0,100.0,32.0,73.0,london,1755.0,27877.0,0.0593,21060.0,0.0448,0.0145
E02000104,Brent 012,E09000005,Brent,34,133.62,120.0,4.52,218.9,586000.0,355000.0,0.6507042050361633,100.0,100.0,61.0,123.0,london,1990.0,28470.0,0.0486,23880.0,0.0408,0.0078
E02000213,Croydon 020,E09000008,Croydon,51,84.51,81.0,4.33,240.1,297500.0,249950.0,0.19023804366588593,100.0,100.0,51.0,127.0,london,1565.0,19217.0,0.0646,18780.0,0.0631,0.0015
E02000156,Bromley 030,E09000006,Bromley,9,158.22,72.0,4.76,245.1,660000.0,480000.0,0.375,81.0,100.0,48.0,154.0,london,1673.0,17082.0,0.0259,20076.0,0.0304,-0.0045
E02006782,Bromley 040,E09000023,Lewisham,1,35.0,35.0,5.0,180.0,505000.0,332500.0,0.518796980381012,52.0,100.0,36.0,154.0,london,1816.0,8304.0,0.0164,21792.0,0.0432,-0.0268
E02000935,Wandsworth 013,E09000032,Wandsworth,19,65.11,44.0,4.87,246.4,532500.0,205000.0,1.597561001777649,42.0,100.0,47.0,139.0,london,2599.0,10439.0,0.0196,31188.0,0.0586,-0.039
E02000728,Newham 015,E09000025,Newham,11,69.36,52.0,4.54,240.8,423750.0,271250.0,0.5622119903564453,100.0,100.0,48.0,161.0,london,1918.0,12337.0,0.0291,23016.0,0.0543,-0.0252
E02000003,Barking and Dagenham 002,E09000002,Barking and Dagenham,29,115.14,69.0,4.71,242.4,434000.0,260000.0,0.6692307591438293,54.0,100.0,38.0,86.0,london,1688.0,16370.0,0.0377,20256.0,0.0467,-0.009
E02000430,Haringey 034,E09000019,Islington,1,238.0,238.0,4.8,242.0,622500.0,495681.0,0.2558480203151703,73.0,100.0,33.0,194.0,london,2811.0,56466.0,0.0907,33732.0,0.0542,0.0365
E02000394,Hammersmith and Fulham 023,E09000013,Hammersmith and Fulham,180,304.93,202.5,4.73,229.8,830000.0,971000.0,-0.1452111154794693,100.0,100.0,27.0,96.0,london,2755.0,48043.0,0.0579,33060.0,0.0398,0.0181
E02000261,Ealing 024,E09000009,Ealing,110,109.2,78.5,4.55,250.5,473000.0,485000.0,-0.02474226802587509,76.0,100.0,71.0,183.0,london,2057.0,18624.0,0.0394,24684.0,0.0522,-0.0128
E02000503,Hillingdon 010,E09000017,Hillingdon,6,70.33,49.0,4.82,186.0,550000.0,395000.0,0.39240506291389465,85.0,100.0,46.0,193.0,london,1553.0,11625.0,0.0211,18636.0,0.0339,-0.0128
E02000900,Waltham Forest 006,E09000031,Waltham Forest,8,144.13,89.5,4.87,249.9,490000.0,300000.0,0.6333333253860474,0.0,92.0,39.0,99.0,london,1758.0,21234.0,0.0433,21096.0,0.0431,0.0002
E02000571,Islington 018,E09000019,Islington,85,176.19,141.0,4.72,216.8,675000.0,596000.0,0.13255032896995544,100.0,100.0,33.0,194.0,london,2811.0,33452.0,0.0496,33732.0,0.05,-0.0004
E02000403,Haringey 007,E09000014,Haringey,36,256.03,106.0,4.88,209.9,464500.0,399975.0,0.16132257878780365,84.0,100.0,36.0,141.0,london,2214.0,25149.0,0.0541,26568.0,0.0572,-0.0031
E02000933,Wandsworth 011,E09000032,Wandsworth,57,141.12,114.0,4.67,190.3,617499.0,571250.0,0.08096104860305786,89.0,100.0,47.0,139.0,london,2599.0,27047.0,0.0438,31188.0,0.0505,-0.0067
E02000353,Hackney 009,E09000012,Hackney,75,171.93,130.0,4.75,207.9,745000.0,742500.0,0.003367003286257386,100.0,100.0,38.0,189.0,london,2615.0,30842.0,0.0414,31380.0,0.0421,-0.0007
E02000792,Richmond upon Thames 009,E09000027,Richmond upon Thames,43,211.58,135.0,4.87,210.6,625000.0,657500.0,-0.04942965880036354,100.0,100.0,29.0,142.0,london,2307.0,32029.0,0.0512,27684.0,0.0443,0.0069
E02000567,Islington 014,E09000019,Islington,119,145.41,120.0,4.73,171.4,635000.0,618000.0,0.027508091181516647,100.0,100.0,33.0,194.0,london,2811.0,28470.0,0.0448,33732.0,0.0531,-0.0083
E02006924,Redbridge 035,E09000026,Redbridge,56,113.07,72.0,4.64,290.3,645000.0,395000.0,0.6329113841056824,90.0,100.0,45.0,76.0,london,1724.0,17082.0,0.0265,20688.0,0.0321,-0.0056
E02000181,Camden 016,E09000007,Camden,89,187.47,122.0,4.78,197.0,776000.0,665000.0,0.16691729426383972,100.0,100.0,34.0,153.0,london,2724.0,28944.0,0.0373,32688.0,0.0421,-0.0048
E02000133,Bromley 007,E09000006,Bromley,16,147.94,121.5,4.87,243.3,820000.0,630000.0,0.30158731341362,57.0,97.0,48.0,154.0,london,1673.0,28826.0,0.0352,20076.0,0.0245,0.0107
E02000532,Hounslow 007,E09000018,Hounslow,40,195.28,149.0,4.83,190.0,1052250.0,975000.0,0.07923077046871185,85.0,100.0,43.0,158.0,london,1922.0,35350.0,0.0336,23064.0,0.0219,0.0117
E02000031,Barnet 008,E09000003,Barnet,16,138.88,101.5,4.86,260.6,657500.0,640000.0,0.02734375,93.0,100.0,52.0,123.0,london,1931.0,24081.0,0.0366,23172.0,0.0352,0.0014
E02000837,Southwark 031,E09000028,Southwark,38,171.58,143.0,4.85,167.3,1140000.0,1100000.0,0.036363635212183,96.0,100.0,45.0,296.0,london,2395.0,33927.0,0.0298,28740.0,0.0252,0.0046
E02000828,Southwark 022,E09000028,Southwark,63,350.97,114.0,4.71,225.8,465000.0,296475.0,0.5684290528297424,100.0,100.0,45.0,296.0,london,2395.0,27047.0,0.0582,28740.0,0.0618,-0.0036
E02000957,Wandsworth 035,E09000032,Wandsworth,93,122.08,71.0,4.71,218.0,530000.0,455500.0,0.1635565310716629,100.0,100.0,47.0,139.0,london,2599.0,16845.0,0.0318,31188.0,0.0588,-0.027
E02000379,Hammersmith and Fulham 008,E09000013,Hammersmith and Fulham,43,233.42,143.0,4.76,216.3,651565.0,581500.0,0.12049011141061783,96.0,100.0,27.0,96.0,london,2755.0,33927.0,0.0521,33060.0,0.0507,0.0014
E02007083,Wandsworth 038,E09000032,Wandsworth,310,284.7,248.0,4.73,211.8,880000.0,734488.0,0.19811351597309113,100.0,100.0,47.0,139.0,london,2599.0,58838.0,0.0669,31188.0,0.0354,0.0315
E02000791,Richmond upon Thames 008,E09000027,Richmond upon Thames,52,232.25,190.0,4.73,202.2,788000.0,740000.0,0.0648648664355278,79.0,100.0,29.0,142.0,london,2307.0,45078.0,0.0572,27684.0,0.0351,0.0221
E02000373,Hammersmith and Fulham 002,E09000013,Hammersmith and Fulham,35,133.54,80.0,4.63,198.3,367875.0,327500.0,0.12328244000673294,95.0,100.0,27.0,96.0,london,2755.0,18980.0,0.0516,33060.0,0.0899,-0.0383
E02000884,Tower Hamlets 021,E09000030,Tower Hamlets,413,195.81,140.0,4.51,213.3,565000.0,548575.0,0.02994121052324772,100.0,100.0,33.0,238.0,london,2410.0,33215.0,0.0588,28920.0,0.0512,0.0076
E02000103,Brent 011,E09000005,Brent,113,115.28,125.0,4.67,285.0,575000.0,423000.0,0.35933807492256165,37.0,100.0,61.0,123.0,london,1990.0,29656.0,0.0516,23880.0,0.0415,0.0101
E02000555,Islington 002,E09000019,Islington,61,136.18,108.0,4.73,192.0,647500.0,450000.0,0.43888887763023376,100.0,100.0,33.0,194.0,london,2811.0,25623.0,0.0396,33732.0,0.0521,-0.0125
E02000194,Croydon 001,E09000008,Croydon,39,106.62,104.0,4.87,215.8,415500.0,329950.0,0.2592816948890686,65.0,100.0,51.0,127.0,london,1565.0,24674.0,0.0594,18780.0,0.0452,0.0142
E02000141,Bromley 015,E09000006,Bromley,21,89.67,81.0,4.93,277.8,466375.0,351000.0,0.32870370149612427,100.0,100.0,48.0,154.0,london,1673.0,19217.0,0.0412,20076.0,0.043,-0.0018
E02000714,Newham 001,E09000025,Newham,26,150.77,127.0,4.79,247.8,582936.0,337500.0,0.7272177934646606,100.0,100.0,48.0,161.0,london,1918.0,30131.0,0.0517,23016.0,0.0395,0.0122
E02000391,Hammersmith and Fulham 020,E09000013,Hammersmith and Fulham,103,267.54,178.0,4.66,199.3,935000.0,845125.0,0.10634521394968033,100.0,100.0,27.0,96.0,london,2755.0,42230.0,0.0452,33060.0,0.0354,0.0098
E02000145,Bromley 019,E09000006,Bromley,15,115.73,90.0,4.73,306.9,370000.0,240000.0,0.5416666865348816,26.0,100.0,48.0,154.0,london,1673.0,21352.0,0.0577,20076.0,0.0543,0.0034
E02000086,Bexley 022,E09000004,Bexley,12,92.17,103.0,4.78,298.1,467500.0,317500.0,0.4724409580230713,23.0,100.0,28.0,91.0,london,1525.0,24437.0,0.0523,18300.0,0.0391,0.0132
E02006800,Redbridge 034,E09000026,Redbridge,39,90.0,76.0,4.54,297.9,478000.0,258500.0,0.8491296172142029,100.0,100.0,45.0,76.0,london,1724.0,18031.0,0.0377,20688.0,0.0433,-0.0056
E02000042,Barnet 019,E09000003,Barnet,53,160.79,161.0,4.7,257.4,461500.0,388000.0,0.1894329935312271,76.0,100.0,52.0,123.0,london,1931.0,38197.0,0.0828,23172.0,0.0502,0.0326
E02000204,Croydon 011,E09000008,Croydon,18,92.0,49.0,4.63,319.0,445000.0,275000.0,0.6181818246841431,21.0,100.0,51.0,127.0,london,1565.0,11625.0,0.0261,18780.0,0.0422,-0.0161
E02000619,Lambeth 002,E09000022,Lambeth,148,2591.16,137.0,4.55,222.0,447500.0,486750.0,-0.0806368738412857,100.0,100.0,44.0,229.0,london,2529.0,32503.0,0.0726,30348.0,0.0678,0.0048
E02000312,Enfield 036,E09000010,Enfield,62,94.13,77.0,4.75,172.0,592000.0,355000.0,0.6676056385040283,90.0,100.0,45.0,145.0,london,1775.0,18268.0,0.0309,21300.0,0.036,-0.0051
E02000314,Greenwich 002,E09000011,Greenwich,88,150.11,134.0,4.68,281.4,342000.0,225000.0,0.5199999809265137,5.0,69.0,38.0,144.0,london,1949.0,31792.0,0.093,23388.0,0.0684,0.0246
E02000695,Merton 007,E09000024,Merton,32,109.97,63.0,4.72,254.9,605000.0,439000.0,0.3781321048736572,100.0,100.0,21.0,99.0,london,2097.0,14947.0,0.0247,25164.0,0.0416,-0.0169
E02000904,Waltham Forest 010,E09000031,Waltham Forest,25,108.68,73.0,4.79,243.2,569606.0,380000.0,0.4989631474018097,46.0,100.0,39.0,99.0,london,1758.0,17319.0,0.0304,21096.0,0.037,-0.0066
E02000875,Tower Hamlets 012,E09000030,Tower Hamlets,66,117.03,110.5,4.65,166.1,400000.0,335000.0,0.19402985274791718,100.0,100.0,33.0,238.0,london,2410.0,26216.0,0.0655,28920.0,0.0723,-0.0068
E02000812,Southwark 006,E09000028,Southwark,178,163.99,149.0,4.64,179.0,480000.0,580000.0,-0.17241379618644714,100.0,100.0,45.0,296.0,london,2395.0,35350.0,0.0736,28740.0,0.0599,0.0137
E02006787,Bromley 041,E09000006,Bromley,20,92.2,73.5,4.76,265.9,635000.0,425000.0,0.4941176474094391,97.0,100.0,48.0,154.0,london,1673.0,17438.0,0.0275,20076.0,0.0316,-0.0041
E02000968,Westminster 009,E09000033,Westminster,435,219.29,144.0,4.36,216.2,525000.0,470000.0,0.11702127754688263,100.0,100.0,41.0,97.0,london,3149.0,34164.0,0.0651,37788.0,0.072,-0.0069
E02000967,Westminster 008,E09000033,Westminster,330,277.88,209.0,4.62,218.5,1010000.0,1083333.0,-0.06769201904535294,100.0,100.0,41.0,97.0,london,3149.0,49585.0,0.0491,37788.0,0.0374,0.0117
E02000034,Barnet 011,E09000003,Barnet,14,125.86,120.0,4.82,297.2,498000.0,392500.0,0.26878979802131653,21.0,100.0,52.0,123.0,london,1931.0,28470.0,0.0572,23172.0,0.0465,0.0107
E02000674,Lewisham 022,E09000023,Lewisham,24,135.21,96.0,4.9,237.3,610000.0,425000.0,0.43529412150382996,45.0,100.0,36.0,154.0,london,1816.0,22776.0,0.0373,21792.0,0.0357,0.0016
E02000134,Bromley 008,E09000006,Bromley,49,116.41,65.0,4.7,282.3,408750.0,326250.0,0.25287356972694397,100.0,100.0,48.0,154.0,london,1673.0,15421.0,0.0377,20076.0,0.0491,-0.0114
E02000565,Islington 012,E09000012,Hackney,1,57.0,57.0,4.89,238.0,662500.0,572500.0,0.1572052389383316,100.0,100.0,38.0,189.0,london,2615.0,13523.0,0.0204,31380.0,0.0474,-0.027
E02000084,Bexley 020,E09000004,Bexley,16,61.69,41.5,4.84,221.7,496015.0,337920.0,0.46784740686416626,22.0,100.0,28.0,91.0,london,1525.0,9846.0,0.0199,18300.0,0.0369,-0.017
E02000432,Haringey 036,E09000014,Haringey,40,170.98,125.5,4.79,212.7,650000.0,480000.0,0.3541666567325592,100.0,100.0,36.0,141.0,london,2214.0,29775.0,0.0458,26568.0,0.0409,0.0049
E02000960,Westminster 001,E09000033,Westminster,60,254.2,205.0,4.77,209.3,750000.0,826250.0,-0.0922844186425209,100.0,100.0,41.0,97.0,london,3149.0,48636.0,0.0648,37788.0,0.0504,0.0144
E02000710,Merton 022,E09000024,Merton,25,115.12,83.0,4.77,229.8,459000.0,262500.0,0.7485714554786682,93.0,100.0,21.0,99.0,london,2097.0,19692.0,0.0429,25164.0,0.0548,-0.0119
E02000210,Croydon 017,E09000008,Croydon,23,75.78,55.0,4.37,307.3,423750.0,304250.0,0.39276909828186035,84.0,100.0,51.0,127.0,london,1565.0,13049.0,0.0308,18780.0,0.0443,-0.0135
E02000301,Enfield 025,E09000010,Enfield,10,89.6,54.0,4.66,245.9,370000.0,250000.0,0.47999998927116394,64.0,100.0,45.0,145.0,london,1775.0,12812.0,0.0346,21300.0,0.0576,-0.023
E02000001,City of London 001,E09000030,Tower Hamlets,5,288.2,248.0,4.79,187.4,762500.0,823750.0,-0.07435508072376251,100.0,100.0,33.0,238.0,london,2410.0,58838.0,0.0772,28920.0,0.0379,0.0393
E02006927,Greenwich 034,E09000011,Greenwich,25,144.64,96.0,4.79,221.5,491775.0,418100.0,0.1762138307094574,85.0,100.0,38.0,144.0,london,1949.0,22776.0,0.0463,23388.0,0.0476,-0.0013
E02000562,Islington 009,E09000019,Islington,67,143.39,115.0,4.88,176.0,665000.0,585000.0,0.1367521435022354,100.0,100.0,33.0,194.0,london,2811.0,27284.0,0.041,33732.0,0.0507,-0.0097
E02000694,Merton 006,E09000024,Merton,70,125.76,110.5,4.75,228.9,750000.0,599950.0,0.2501041889190674,100.0,100.0,21.0,99.0,london,2097.0,26216.0,0.035,25164.0,0.0336,0.0014
E02000433,Harrow 001,E09000015,Harrow,15,93.47,70.0,4.78,250.7,585000.0,565000.0,0.03539822995662689,67.0,91.0,32.0,73.0,london,1755.0,16608.0,0.0284,21060.0,0.036,-0.0076
E02006971,Ealing 044,E09000009,Ealing,12,97.58,60.5,4.26,312.8,425000.0,270000.0,0.5740740895271301,20.0,100.0,71.0,183.0,london,2057.0,14354.0,0.0338,24684.0,0.0581,-0.0243
E02000149,Bromley 023,E09000006,Bromley,6,72.5,67.0,4.9,259.5,450000.0,275000.0,0.6363636255264282,60.0,100.0,48.0,154.0,london,1673.0,15896.0,0.0353,20076.0,0.0446,-0.0093
E02000242,Ealing 005,E09000009,Ealing,24,92.5,65.0,4.31,274.8,516000.0,419000.0,0.23150357604026794,70.0,100.0,71.0,183.0,london,2057.0,15421.0,0.0299,24684.0,0.0478,-0.0179
E02000298,Enfield 022,E09000010,Enfield,13,136.38,70.0,4.83,220.6,823750.0,662125.0,0.2441004365682602,100.0,100.0,45.0,145.0,london,1775.0,16608.0,0.0202,21300.0,0.0259,-0.0057
E02000311,Enfield 035,E09000010,Enfield,28,114.82,98.5,4.74,218.8,515000.0,350000.0,0.4714285731315613,25.0,100.0,45.0,145.0,london,1775.0,23369.0,0.0454,21300.0,0.0414,0.004
E02000102,Brent 010,E09000005,Brent,13,122.38,85.0,4.73,189.5,350000.0,360000.0,-0.02777777798473835,0.0,100.0,61.0,123.0,london,1990.0,20166.0,0.0576,23880.0,0.0682,-0.0106
E02000787,Richmond upon Thames 004,E09000027,Richmond upon Thames,62,145.82,121.0,4.82,205.2,662000.0,582500.0,0.1364806890487671,100.0,100.0,29.0,142.0,london,2307.0,28707.0,0.0434,27684.0,0.0418,0.0016
E02000380,Hammersmith and Fulham 009,E09000013,Hammersmith and Fulham,79,166.57,149.0,4.81,181.7,1200000.0,912500.0,0.31506848335266113,100.0,100.0,27.0,96.0,london,2755.0,35350.0,0.0295,33060.0,0.0276,0.0019
E02000709,Merton 021,E09000024,Merton,28,89.43,68.5,4.9,266.7,648000.0,457000.0,0.4179431200027466,40.0,100.0,21.0,99.0,london,2097.0,16252.0,0.0251,25164.0,0.0388,-0.0137
E02000570,Islington 017,E09000019,Islington,84,193.58,159.5,4.78,169.4,807500.0,757500.0,0.066006600856781,100.0,100.0,33.0,194.0,london,2811.0,37841.0,0.0469,33732.0,0.0418,0.0051
E02000870,Tower Hamlets 007,E09000030,Tower Hamlets,68,144.26,118.0,4.66,177.6,430035.0,390000.0,0.10265384614467621,100.0,100.0,33.0,238.0,london,2410.0,27996.0,0.0651,28920.0,0.0673,-0.0022
E02000168,Camden 003,E09000007,Camden,89,233.64,126.0,4.71,180.0,847500.0,630750.0,0.34363853931427,100.0,100.0,34.0,153.0,london,2724.0,29894.0,0.0353,32688.0,0.0386,-0.0033
E02000866,Tower Hamlets 003,E09000030,Tower Hamlets,117,154.33,100.0,4.78,190.4,624999.0,510000.0,0.22548823058605194,69.0,100.0,33.0,238.0,london,2410.0,23725.0,0.038,28920.0,0.0463,-0.0083
E02000563,Islington 010,E09000019,Islington,96,195.8,138.5,4.66,226.9,517500.0,438000.0,0.18150684237480164,100.0,100.0,33.0,194.0,london,2811.0,32859.0,0.0635,33732.0,0.0652,-0.0017
E02000061,Barnet 038,E09000003,Barnet,193,129.59,105.0,4.57,200.1,1480000.0,870000.0,0.7011494040489197,100.0,100.0,52.0,123.0,london,1931.0,24911.0,0.0168,23172.0,0.0157,0.0011
E02000925,Wandsworth 003,E09000032,Wandsworth,101,190.77,140.0,4.75,194.0,612500.0,527000.0,0.16223908960819244,43.0,100.0,47.0,139.0,london,2599.0,33215.0,0.0542,31188.0,0.0509,0.0033
E02000166,Camden 001,E09000007,Camden,41,207.15,175.0,4.8,177.4,899400.0,725000.0,0.24055172502994537,78.0,100.0,34.0,153.0,london,2724.0,41519.0,0.0462,32688.0,0.0363,0.0099
E02000370,Hackney 026,E09000012,Hackney,148,143.53,119.0,4.66,184.3,580000.0,619438.0,-0.06366738677024841,100.0,100.0,38.0,189.0,london,2615.0,28233.0,0.0487,31380.0,0.0541,-0.0054
E02000673,Lewisham 021,E09000023,Lewisham,53,109.34,88.0,4.76,208.2,462500.0,380000.0,0.21710526943206787,88.0,100.0,36.0,154.0,london,1816.0,20878.0,0.0451,21792.0,0.0471,-0.002
E02000644,Lambeth 027,E09000022,Lambeth,34,100.68,65.5,4.89,236.7,515000.0,380000.0,0.3552631437778473,100.0,100.0,44.0,229.0,london,2529.0,15540.0,0.0302,30348.0,0.0589,-0.0287
E02000901,Waltham Forest 007,E09000031,Waltham Forest,30,115.93,62.5,4.84,217.3,665000.0,390000.0,0.7051281929016113,97.0,100.0,39.0,99.0,london,1758.0,14828.0,0.0223,21096.0,0.0317,-0.0094
E02000097,Brent 005,E09000005,Brent,15,102.0,78.0,4.79,179.0,560000.0,421000.0,0.3301662802696228,0.0,92.0,61.0,123.0,london,1990.0,18506.0,0.033,23880.0,0.0426,-0.0096
E02006928,Greenwich 035,E09000011,Greenwich,51,202.8,164.0,4.71,184.1,473250.0,442500.0,0.06949152797460556,100.0,100.0,38.0,144.0,london,1949.0,38909.0,0.0822,23388.0,0.0494,0.0328
E02000881,Tower Hamlets 018,E09000030,Tower Hamlets,92,131.02,115.0,4.68,204.5,450000.0,327825.0,0.372683584690094,100.0,100.0,33.0,238.0,london,2410.0,27284.0,0.0606,28920.0,0.0643,-0.0037
E02000279,Enfield 003,E09000010,Enfield,29,74.0,60.0,4.76,226.7,370000.0,225000.0,0.644444465637207,83.0,100.0,45.0,145.0,london,1775.0,14235.0,0.0385,21300.0,0.0576,-0.0191
E02000687,Lewisham 035,E09000023,Lewisham,24,86.67,81.5,4.8,222.0,532500.0,393000.0,0.3549618422985077,100.0,100.0,36.0,154.0,london,1816.0,19336.0,0.0363,21792.0,0.0409,-0.0046
E02000549,Hounslow 024,E09000018,Hounslow,39,78.23,68.0,4.74,271.3,460000.0,301000.0,0.5282391905784607,73.0,100.0,43.0,158.0,london,1922.0,16133.0,0.0351,23064.0,0.0501,-0.015
E02000716,Newham 003,E09000025,Newham,18,126.22,80.5,4.63,195.7,510000.0,305000.0,0.6721311211585999,100.0,100.0,48.0,161.0,london,1918.0,19099.0,0.0374,23016.0,0.0451,-0.0077
E02000703,Merton 015,E09000024,Merton,31,166.35,79.0,4.82,209.7,732500.0,590000.0,0.24152542650699615,100.0,100.0,21.0,99.0,london,2097.0,18743.0,0.0256,25164.0,0.0344,-0.0088
E02000046,Barnet 023,E09000003,Barnet,36,100.81,98.0,4.79,208.3,645000.0,655000.0,-0.015267175622284412,100.0,100.0,52.0,123.0,london,1931.0,23250.0,0.036,23172.0,0.0359,0.0001
E02000010,Barking and Dagenham 009,E09000002,Barking and Dagenham,32,121.22,115.5,4.55,295.5,367750.0,230000.0,0.5989130139350891,95.0,100.0,38.0,86.0,london,1688.0,27402.0,0.0745,20256.0,0.0551,0.0194
E02000480,Havering 017,E09000016,Havering,51,111.63,67.0,4.63,272.8,396250.0,220750.0,0.7950170040130615,27.0,97.0,37.0,119.0,london,1565.0,15896.0,0.0401,18780.0,0.0474,-0.0073
E02000033,Barnet 010,E09000003,Barnet,13,76.31,61.0,4.8,231.8,595000.0,385000.0,0.5454545617103577,45.0,96.0,52.0,123.0,london,1931.0,14472.0,0.0243,23172.0,0.0389,-0.0146
E02000315,Greenwich 003,E09000011,Greenwich,40,205.55,134.5,4.49,261.1,410000.0,250000.0,0.6399999856948853,74.0,100.0,38.0,144.0,london,1949.0,31910.0,0.0778,23388.0,0.057,0.0208
E02000499,Hillingdon 006,E09000017,Hillingdon,11,77.82,64.0,4.96,243.3,685000.0,472500.0,0.44973546266555786,93.0,100.0,46.0,193.0,london,1553.0,15184.0,0.0222,18636.0,0.0272,-0.005
E02000575,Islington 022,E09000019,Islington,295,263.05,179.0,4.67,202.6,670000.0,700000.0,-0.04285714402794838,100.0,100.0,33.0,194.0,london,2811.0,42468.0,0.0634,33732.0,0.0503,0.0131
E02000649,Lambeth 032,E09000022,Lambeth,63,117.7,85.0,4.56,231.8,440000.0,375000.0,0.1733333319425583,98.0,100.0,44.0,229.0,london,2529.0,20166.0,0.0458,30348.0,0.069,-0.0232
E02000022,Barking and Dagenham 021,E09000002,Barking and Dagenham,63,124.43,113.0,4.74,275.1,340000.0,190000.0,0.7894737124443054,76.0,100.0,38.0,86.0,london,1688.0,26809.0,0.0788,20256.0,0.0596,0.0192
E02000577,Kensington and Chelsea 001,E09000020,Kensington and Chelsea,115,202.39,165.0,4.67,205.3,540000.0,499950.0,0.08010800927877426,100.0,100.0,31.0,61.0,london,3597.0,39146.0,0.0725,43164.0,0.0799,-0.0074
E02000193,Camden 028,E09000007,Camden,473,270.16,228.0,4.61,208.4,788750.0,643750.0,0.2252427190542221,100.0,100.0,34.0,153.0,london,2724.0,54093.0,0.0686,32688.0,0.0414,0.0272
E02006792,Hounslow 029,E09000018,Hounslow,85,323.22,136.0,4.78,200.6,740000.0,657500.0,0.12547528743743896,100.0,100.0,43.0,158.0,london,1922.0,32266.0,0.0436,23064.0,0.0312,0.0124
E02000114,Brent 022,E09000005,Brent,81,135.1,81.0,4.61,202.3,537500.0,454475.0,0.1826833188533783,90.0,100.0,61.0,123.0,london,1990.0,19217.0,0.0358,23880.0,0.0444,-0.0086
E02000591,Kensington and Chelsea 015,E09000020,Kensington and Chelsea,296,220.98,170.5,4.55,205.8,875000.0,992500.0,-0.11838790774345398,100.0,100.0,31.0,61.0,london,3597.0,40451.0,0.0462,43164.0,0.0493,-0.0031
E02000308,Enfield 032,E09000010,Enfield,26,101.35,74.0,4.79,227.6,584000.0,475000.0,0.22947368025779724,100.0,100.0,45.0,145.0,london,1775.0,17556.0,0.0301,21300.0,0.0365,-0.0064
E02000637,Lambeth 020,E09000022,Lambeth,68,102.24,83.0,4.74,208.8,585000.0,500000.0,0.17000000178813934,58.0,100.0,44.0,229.0,london,2529.0,19692.0,0.0337,30348.0,0.0519,-0.0182
E02000106,Brent 014,E09000005,Brent,54,122.83,90.5,4.57,237.6,530000.0,341250.0,0.553113579750061,75.0,100.0,61.0,123.0,london,1990.0,21471.0,0.0405,23880.0,0.0451,-0.0046
E02000187,Camden 022,E09000007,Camden,230,176.11,153.0,4.52,223.4,780000.0,546250.0,0.42791762948036194,100.0,100.0,34.0,153.0,london,2724.0,36299.0,0.0465,32688.0,0.0419,0.0046
E02000749,Newham 036,E09000025,Newham,68,205.51,160.0,4.59,252.0,360000.0,250000.0,0.4399999976158142,100.0,100.0,48.0,161.0,london,1918.0,37960.0,0.1054,23016.0,0.0639,0.0415
E02000299,Enfield 023,E09000010,Enfield,20,95.7,57.0,4.75,302.4,390000.0,280000.0,0.3928571343421936,42.0,100.0,45.0,145.0,london,1775.0,13523.0,0.0347,21300.0,0.0546,-0.0199
E02000098,Brent 006,E09000005,Brent,47,119.85,90.0,4.61,183.7,686500.0,540000.0,0.27129629254341125,94.0,100.0,61.0,123.0,london,1990.0,21352.0,0.0311,23880.0,0.0348,-0.0037
E02000456,Harrow 024,E09000015,Harrow,12,107.25,76.0,4.8,153.9,547500.0,402000.0,0.36194029450416565,92.0,100.0,32.0,73.0,london,1755.0,18031.0,0.0329,21060.0,0.0385,-0.0056
E02000916,Waltham Forest 022,E09000031,Waltham Forest,67,113.52,99.0,4.79,207.3,455000.0,348000.0,0.30747127532958984,81.0,100.0,39.0,99.0,london,1758.0,23488.0,0.0516,21096.0,0.0464,0.0052
E02000740,Newham 027,E09000025,Newham,36,106.36,85.0,4.66,269.3,482500.0,285000.0,0.6929824352264404,100.0,100.0,48.0,161.0,london,1918.0,20166.0,0.0418,23016.0,0.0477,-0.0059
E02000473,Havering 010,E09000016,Havering,11,100.64,82.0,3.96,271.7,475000.0,315000.0,0.5079365372657776,35.0,100.0,37.0,119.0,london,1565.0,19454.0,0.041,18780.0,0.0395,0.0015
E02000747,Newham 034,E09000025,Newham,234,176.74,157.0,4.57,212.6,460571.0,360500.0,0.27758947014808655,100.0,100.0,48.0,161.0,london,1918.0,37248.0,0.0809,23016.0,0.05,0.0309
E02000676,Lewisham 024,E09000023,Lewisham,24,127.96,95.0,4.85,219.3,579055.0,419500.0,0.3803456425666809,83.0,100.0,36.0,154.0,london,1816.0,22539.0,0.0389,21792.0,0.0376,0.0013
E02000234,Croydon 041,E09000008,Croydon,17,128.06,122.0,4.67,202.9,480500.0,320000.0,0.5015624761581421,97.0,100.0,51.0,127.0,london,1565.0,28944.0,0.0602,18780.0,0.0391,0.0211
E02000717,Newham 004,E09000025,Newham,9,130.44,54.0,4.88,178.7,309500.0,250000.0,0.23800000548362732,100.0,100.0,48.0,161.0,london,1918.0,12812.0,0.0414,23016.0,0.0744,-0.033
E02000140,Bromley 014,E09000006,Bromley,10,109.2,83.0,4.75,302.3,410000.0,263000.0,0.5589353442192078,46.0,96.0,48.0,154.0,london,1673.0,19692.0,0.048,20076.0,0.049,-0.001
E02000026,Barnet 003,E09000003,Barnet,5,250.4,203.0,5.0,334.0,650000.0,489250.0,0.3285641372203827,73.0,100.0,52.0,123.0,london,1931.0,48162.0,0.0741,23172.0,0.0356,0.0385
E02007020,Redbridge 040,E09000026,Redbridge,18,74.22,53.5,3.93,239.1,442000.0,290000.0,0.5241379141807556,43.0,100.0,45.0,76.0,london,1724.0,12693.0,0.0287,20688.0,0.0468,-0.0181
E02000448,Harrow 016,E09000015,Harrow,9,87.78,80.0,4.94,252.4,847500.0,610475.0,0.3882632255554199,91.0,100.0,32.0,73.0,london,1755.0,18980.0,0.0224,21060.0,0.0248,-0.0024
E02000447,Harrow 015,E09000015,Harrow,10,151.0,84.5,4.76,230.5,675000.0,459950.0,0.4675508141517639,100.0,100.0,32.0,73.0,london,1755.0,20048.0,0.0297,21060.0,0.0312,-0.0015
E02000457,Harrow 025,E09000015,Harrow,20,79.85,71.0,4.76,294.4,657500.0,457500.0,0.437158465385437,94.0,100.0,32.0,73.0,london,1755.0,16845.0,0.0256,21060.0,0.032,-0.0064
E02000389,Hammersmith and Fulham 018,E09000013,Hammersmith and Fulham,95,210.36,157.0,4.67,215.7,915000.0,910000.0,0.005494505632668734,40.0,100.0,27.0,96.0,london,2755.0,37248.0,0.0407,33060.0,0.0361,0.0046
E02000579,Kensington and Chelsea 003,E09000020,Kensington and Chelsea,121,218.48,170.0,4.77,204.1,885000.0,700000.0,0.26428571343421936,100.0,100.0,31.0,61.0,london,3597.0,40332.0,0.0456,43164.0,0.0488,-0.0032
E02000808,Southwark 002,E09000028,Southwark,287,251.38,222.0,4.64,212.8,640000.0,641000.0,-0.0015600624028593302,100.0,100.0,45.0,296.0,london,2395.0,52670.0,0.0823,28740.0,0.0449,0.0374
E02000926,Wandsworth 004,E09000032,Wandsworth,183,239.73,140.0,4.81,226.2,535000.0,542475.0,-0.01377943716943264,84.0,100.0,47.0,139.0,london,2599.0,33215.0,0.0621,31188.0,0.0583,0.0038
E02000979,Westminster 020,E09000033,Westminster,259,396.08,291.0,4.73,232.0,975000.0,1187500.0,-0.17894737422466278,100.0,100.0,41.0,97.0,london,3149.0,69040.0,0.0708,37788.0,0.0388,0.032
E02000058,Barnet 035,E09000003,Barnet,65,143.22,114.0,4.73,216.3,1021750.0,805500.0,0.2684668004512787,41.0,100.0,52.0,123.0,london,1931.0,27047.0,0.0265,23172.0,0.0227,0.0038
E02000405,Haringey 009,E09000014,Haringey,34,167.12,148.0,4.81,186.4,1160000.0,620000.0,0.8709677457809448,61.0,100.0,36.0,141.0,london,2214.0,35113.0,0.0303,26568.0,0.0229,0.0074
E02000735,Newham 022,E09000025,Newham,19,77.79,55.0,4.86,241.5,450000.0,305000.0,0.4754098355770111,100.0,100.0,48.0,161.0,london,1918.0,13049.0,0.029,23016.0,0.0511,-0.0221
E02000372,Hammersmith and Fulham 001,E09000013,Hammersmith and Fulham,117,192.5,168.0,4.72,223.9,611000.0,485000.0,0.25979381799697876,81.0,100.0,27.0,96.0,london,2755.0,39858.0,0.0652,33060.0,0.0541,0.0111
E02000932,Wandsworth 010,E09000032,Wandsworth,171,280.79,158.0,4.77,186.8,600000.0,565000.0,0.06194690242409706,98.0,100.0,47.0,139.0,london,2599.0,37486.0,0.0625,31188.0,0.052,0.0105
E02000455,Harrow 023,E09000015,Harrow,83,130.31,120.0,4.75,220.6,404975.0,295000.0,0.3727966248989105,100.0,100.0,32.0,73.0,london,1755.0,28470.0,0.0703,21060.0,0.052,0.0183
E02000195,Croydon 002,E09000008,Croydon,36,61.36,51.5,4.89,225.0,532500.0,408678.0,0.30298182368278503,8.0,100.0,51.0,127.0,london,1565.0,12218.0,0.0229,18780.0,0.0353,-0.0124
E02000454,Harrow 022,E09000015,Harrow,12,65.67,38.0,4.86,205.9,725000.0,598000.0,0.21237458288669586,36.0,100.0,32.0,73.0,london,1755.0,9016.0,0.0124,21060.0,0.029,-0.0166
E02000777,Redbridge 027,E09000026,Redbridge,20,118.1,86.5,4.79,173.8,960000.0,510000.0,0.8823529481887817,11.0,100.0,45.0,76.0,london,1724.0,20522.0,0.0214,20688.0,0.0216,-0.0002
E02000421,Haringey 025,E09000014,Haringey,85,113.34,100.0,4.64,227.3,432500.0,278748.0,0.5515806674957275,100.0,100.0,36.0,141.0,london,2214.0,23725.0,0.0549,26568.0,0.0614,-0.0065
E02000914,Waltham Forest 020,E09000031,Waltham Forest,38,129.87,115.0,4.87,275.6,487500.0,365000.0,0.33561643958091736,100.0,100.0,39.0,99.0,london,1758.0,27284.0,0.056,21096.0,0.0433,0.0127
E02000648,Lambeth 031,E09000022,Lambeth,21,85.52,64.0,4.89,204.9,525000.0,380000.0,0.3815789520740509,93.0,100.0,44.0,229.0,london,2529.0,15184.0,0.0289,30348.0,0.0578,-0.0289
E02000819,Southwark 013,E09000028,Southwark,60,124.05,101.0,4.68,238.4,375000.0,325000.0,0.1538461595773697,10.0,100.0,45.0,296.0,london,2395.0,23962.0,0.0639,28740.0,0.0766,-0.0127
E02000313,Greenwich 001,E09000011,Greenwich,14,85.07,55.0,4.77,258.1,370000.0,210000.0,0.761904776096344,0.0,100.0,38.0,144.0,london,1949.0,13049.0,0.0353,23388.0,0.0632,-0.0279
E02000603,Kingston upon Thames 006,E09000021,Kingston upon Thames,21,124.33,85.0,4.73,270.5,500000.0,382475.0,0.3072749972343445,63.0,100.0,20.0,69.0,london,1799.0,20166.0,0.0403,21588.0,0.0432,-0.0029
E02000038,Barnet 015,E09000003,Barnet,33,125.09,109.0,4.62,228.4,600000.0,490000.0,0.22448979318141937,47.0,100.0,52.0,123.0,london,1931.0,25860.0,0.0431,23172.0,0.0386,0.0045
E02000843,Sutton 004,E09000029,Sutton,17,83.41,72.0,4.72,259.8,351000.0,235500.0,0.4904458522796631,100.0,100.0,22.0,94.0,london,1547.0,17082.0,0.0487,18564.0,0.0529,-0.0042
E02000853,Sutton 014,E09000029,Sutton,6,68.5,57.0,4.9,236.3,485000.0,317000.0,0.5299684405326843,96.0,100.0,22.0,94.0,london,1547.0,13523.0,0.0279,18564.0,0.0383,-0.0104
E02000595,Kensington and Chelsea 019,E09000020,Kensington and Chelsea,129,330.02,246.0,4.75,192.8,1500000.0,1275000.0,0.1764705926179886,59.0,100.0,31.0,61.0,london,3597.0,58364.0,0.0389,43164.0,0.0288,0.0101
E02000036,Barnet 013,E09000003,Barnet,35,103.4,69.0,4.54,267.1,600000.0,399500.0,0.5018773674964905,24.0,92.0,52.0,123.0,london,1931.0,16370.0,0.0273,23172.0,0.0386,-0.0113
E02000335,Greenwich 023,E09000011,Greenwich,10,37.4,34.0,4.5,235.3,557750.0,350000.0,0.5935714244842529,61.0,100.0,38.0,144.0,london,1949.0,8067.0,0.0145,23388.0,0.0419,-0.0274
E02000685,Lewisham 033,E09000023,Lewisham,29,79.93,66.0,4.89,179.7,470011.0,360000.0,0.3055860996246338,84.0,100.0,36.0,154.0,london,1816.0,15658.0,0.0333,21792.0,0.0464,-0.0131
E02000167,Camden 002,E09000007,Camden,87,232.53,190.0,4.8,212.4,1265000.0,982500.0,0.2875317931175232,100.0,100.0,34.0,153.0,london,2724.0,45078.0,0.0356,32688.0,0.0258,0.0098
E02000830,Southwark 024,E09000028,Southwark,74,148.38,119.0,4.6,237.4,600000.0,440000.0,0.3636363744735718,100.0,100.0,45.0,296.0,london,2395.0,28233.0,0.0471,28740.0,0.0479,-0.0008
E02000588,Kensington and Chelsea 012,E09000020,Kensington and Chelsea,439,507.58,372.0,4.57,218.3,1900000.0,2350000.0,-0.19148936867713928,100.0,100.0,31.0,61.0,london,3597.0,88257.0,0.0465,43164.0,0.0227,0.0238
E02000269,Ealing 032,E09000009,Ealing,41,189.44,146.0,4.68,218.9,820784.0,720000.0,0.13997778296470642,100.0,100.0,71.0,183.0,london,2057.0,34638.0,0.0422,24684.0,0.0301,0.0121
E02000662,Lewisham 010,E09000023,Lewisham,67,211.04,103.0,4.76,181.0,518000.0,377500.0,0.37218543887138367,100.0,100.0,36.0,154.0,london,1816.0,24437.0,0.0472,21792.0,0.0421,0.0051
E02000805,Richmond upon Thames 022,E09000027,Richmond upon Thames,44,172.84,126.5,4.89,187.4,565000.0,542000.0,0.042435422539711,87.0,100.0,29.0,142.0,london,2307.0,30012.0,0.0531,27684.0,0.049,0.0041
E02000214,Croydon 021,E09000008,Croydon,10,56.8,49.0,4.67,247.1,545000.0,373750.0,0.45819398760795593,100.0,100.0,51.0,127.0,london,1565.0,11625.0,0.0213,18780.0,0.0345,-0.0132
E02000025,Barnet 002,E09000003,Barnet,15,152.73,155.0,4.73,197.1,475000.0,372500.0,0.2751677930355072,79.0,100.0,52.0,123.0,london,1931.0,36774.0,0.0774,23172.0,0.0488,0.0286
E02000938,Wandsworth 016,E09000032,Wandsworth,54,143.57,85.0,4.68,237.5,600000.0,535000.0,0.1214953288435936,21.0,90.0,47.0,139.0,london,2599.0,20166.0,0.0336,31188.0,0.052,-0.0184
E02000896,Waltham Forest 002,E09000031,Waltham Forest,31,149.1,145.0,4.89,340.2,555000.0,335000.0,0.6567164063453674,78.0,100.0,39.0,99.0,london,1758.0,34401.0,0.062,21096.0,0.038,0.024
E02000624,Lambeth 007,E09000022,Lambeth,60,126.18,103.5,4.83,152.4,523390.0,400000.0,0.30847498774528503,100.0,100.0,44.0,229.0,london,2529.0,24555.0,0.0469,30348.0,0.058,-0.0111
E02000013,Barking and Dagenham 012,E09000002,Barking and Dagenham,19,70.95,41.0,4.38,212.4,370000.0,242250.0,0.5273478031158447,85.0,100.0,38.0,86.0,london,1688.0,9727.0,0.0263,20256.0,0.0547,-0.0284
E02000865,Tower Hamlets 002,E09000030,Tower Hamlets,68,113.62,100.0,4.71,211.5,423750.0,385000.0,0.10064934939146042,100.0,100.0,33.0,238.0,london,2410.0,23725.0,0.056,28920.0,0.0682,-0.0122
E02000144,Bromley 018,E09000006,Bromley,35,174.86,144.0,4.82,248.2,500000.0,348925.0,0.4329726994037628,83.0,100.0,48.0,154.0,london,1673.0,34164.0,0.0683,20076.0,0.0402,0.0281
E02000886,Tower Hamlets 023,E09000030,Tower Hamlets,85,168.35,108.0,4.64,214.9,460000.0,432500.0,0.06358381360769272,100.0,100.0,33.0,238.0,london,2410.0,25623.0,0.0557,28920.0,0.0629,-0.0072
E02000863,Sutton 024,E09000029,Sutton,11,98.45,88.0,4.9,258.2,690000.0,487500.0,0.4153846204280853,29.0,96.0,22.0,94.0,london,1547.0,20878.0,0.0303,18564.0,0.0269,0.0034
E02000893,Tower Hamlets 030,E09000030,Tower Hamlets,74,94.64,72.0,4.66,200.1,450000.0,402500.0,0.11801242083311081,100.0,100.0,33.0,238.0,london,2410.0,17082.0,0.038,28920.0,0.0643,-0.0263
E02000165,Bromley 039,E09000006,Bromley,7,127.71,47.0,4.76,263.7,425000.0,292000.0,0.4554794430732727,0.0,0.0,48.0,154.0,london,1673.0,11151.0,0.0262,20076.0,0.0472,-0.021
E02000798,Richmond upon Thames 015,E09000027,Richmond upon Thames,16,121.63,99.5,4.84,217.3,620000.0,486500.0,0.27440905570983887,65.0,100.0,29.0,142.0,london,2307.0,23606.0,0.0381,27684.0,0.0447,-0.0066
E02000014,Barking and Dagenham 013,E09000002,Barking and Dagenham,16,96.75,69.0,4.61,236.7,377500.0,235000.0,0.6063829660415649,100.0,100.0,38.0,86.0,london,1688.0,16370.0,0.0434,20256.0,0.0537,-0.0103
E02000871,Tower Hamlets 008,E09000030,Tower Hamlets,90,224.68,105.5,4.66,192.9,350000.0,333000.0,0.051051050424575806,100.0,100.0,33.0,238.0,london,2410.0,25030.0,0.0715,28920.0,0.0826,-0.0111
E02000422,Haringey 026,E09000014,Haringey,41,87.44,68.0,4.79,237.7,575500.0,395000.0,0.4569620192050934,84.0,100.0,36.0,141.0,london,2214.0,16133.0,0.028,26568.0,0.0462,-0.0182
E02000251,Ealing 014,E09000009,Ealing,12,94.0,64.0,4.86,238.2,530000.0,346500.0,0.5295815467834473,0.0,34.0,71.0,183.0,london,2057.0,15184.0,0.0286,24684.0,0.0466,-0.018
E02000524,Hillingdon 031,E09000017,Hillingdon,75,185.23,110.0,4.38,331.8,335000.0,240000.0,0.3958333432674408,7.0,40.0,46.0,193.0,london,1553.0,26098.0,0.0779,18636.0,0.0556,0.0223
E02000605,Kingston upon Thames 008,E09000021,Kingston upon Thames,13,95.54,50.0,4.5,179.6,652500.0,472500.0,0.380952388048172,87.0,100.0,20.0,69.0,london,1799.0,11862.0,0.0182,21588.0,0.0331,-0.0149
E02000715,Newham 002,E09000025,Newham,6,57.67,51.0,4.19,285.7,470500.0,260250.0,0.8078770637512207,26.0,100.0,48.0,161.0,london,1918.0,12100.0,0.0257,23016.0,0.0489,-0.0232
E02000481,Havering 018,E09000016,Havering,6,118.67,83.5,4.68,176.5,493500.0,342000.0,0.4429824650287628,0.0,69.0,37.0,119.0,london,1565.0,19810.0,0.0401,18780.0,0.0381,0.002
E02000692,Merton 004,E09000024,Merton,89,193.85,173.0,4.78,206.6,760000.0,630000.0,0.2063492089509964,82.0,100.0,21.0,99.0,london,2097.0,41044.0,0.054,25164.0,0.0331,0.0209
E02000474,Havering 011,E09000016,Havering,17,75.65,36.0,4.69,207.9,430000.0,271250.0,0.5852534770965576,6.0,60.0,37.0,119.0,london,1565.0,8541.0,0.0199,18780.0,0.0437,-0.0238
E02000582,Kensington and Chelsea 006,E09000020,Kensington and Chelsea,319,224.41,172.0,4.72,183.5,1150000.0,1200000.0,-0.0416666679084301,100.0,100.0,31.0,61.0,london,3597.0,40807.0,0.0355,43164.0,0.0375,-0.002
E02000585,Kensington and Chelsea 009,E09000020,Kensington and Chelsea,234,272.03,185.5,4.68,199.7,1365000.0,1263075.0,0.08069591969251633,100.0,100.0,31.0,61.0,london,3597.0,44010.0,0.0322,43164.0,0.0316,0.0006
E02000533,Hounslow 008,E09000018,Hounslow,38,177.79,161.5,4.88,183.7,805000.0,565000.0,0.4247787594795227,100.0,100.0,43.0,158.0,london,1922.0,38316.0,0.0476,23064.0,0.0287,0.0189
E02000596,Kensington and Chelsea 020,E09000020,Kensington and Chelsea,176,285.41,201.5,4.73,182.8,1000000.0,1100000.0,-0.09090909361839294,74.0,100.0,31.0,61.0,london,3597.0,47806.0,0.0478,43164.0,0.0432,0.0046
E02006999,Newham 042,E09000025,Newham,141,179.51,153.0,4.65,229.1,514188.0,381500.0,0.34780603647232056,100.0,100.0,48.0,161.0,london,1918.0,36299.0,0.0706,23016.0,0.0448,0.0258
E02000873,Tower Hamlets 010,E09000030,Tower Hamlets,78,110.58,95.5,4.55,197.7,486000.0,477500.0,0.01780104637145996,100.0,100.0,33.0,238.0,london,2410.0,22657.0,0.0466,28920.0,0.0595,-0.0129
E02000965,Westminster 006,E09000033,Westminster,181,211.07,127.0,4.64,192.1,820000.0,795000.0,0.03144654259085655,100.0,100.0,41.0,97.0,london,3149.0,30131.0,0.0367,37788.0,0.0461,-0.0094
E02007109,Hackney 031,E09000012,Hackney,119,187.56,141.0,4.8,207.8,630000.0,571234.0,0.10287553071975708,100.0,100.0,38.0,189.0,london,2615.0,33452.0,0.0531,31380.0,0.0498,0.0033
E02000910,Waltham Forest 016,E09000031,Waltham Forest,79,115.15,88.0,4.79,191.5,577500.0,448000.0,0.2890625,100.0,100.0,39.0,99.0,london,1758.0,20878.0,0.0362,21096.0,0.0365,-0.0003
E02000589,Kensington and Chelsea 013,E09000020,Kensington and Chelsea,534,303.16,216.0,4.6,211.2,974700.0,1100150.0,-0.1140299066901207,100.0,100.0,31.0,61.0,london,3597.0,51246.0,0.0526,43164.0,0.0443,0.0083
E02000438,Harrow 006,E09000015,Harrow,5,134.0,133.0,3.67,326.4,445600.0,350000.0,0.27314284443855286,97.0,100.0,32.0,73.0,london,1755.0,31554.0,0.0708,21060.0,0.0473,0.0235
E02000942,Wandsworth 020,E09000032,Wandsworth,96,201.39,135.5,4.82,192.7,800000.0,750000.0,0.06666667014360428,100.0,100.0,47.0,139.0,london,2599.0,32147.0,0.0402,31188.0,0.039,0.0012
E02000520,Hillingdon 027,E09000017,Hillingdon,32,64.31,50.5,4.62,303.8,470000.0,300000.0,0.5666666626930237,58.0,100.0,46.0,193.0,london,1553.0,11981.0,0.0255,18636.0,0.0397,-0.0142
E02000921,Waltham Forest 027,E09000031,Waltham Forest,57,74.65,57.0,4.62,208.1,515000.0,366000.0,0.40710383653640747,100.0,100.0,39.0,99.0,london,1758.0,13523.0,0.0263,21096.0,0.041,-0.0147
E02000243,Ealing 006,E09000009,Ealing,41,84.88,58.0,4.76,209.2,495000.0,290000.0,0.7068965435028076,96.0,100.0,71.0,183.0,london,2057.0,13761.0,0.0278,24684.0,0.0499,-0.0221
E02000630,Lambeth 013,E09000022,Lambeth,69,169.07,126.0,4.8,183.1,625000.0,665000.0,-0.060150377452373505,100.0,100.0,44.0,229.0,london,2529.0,29894.0,0.0478,30348.0,0.0486,-0.0008
E02000398,Haringey 002,E09000014,Haringey,37,154.49,133.0,4.47,225.0,432500.0,257498.0,0.6796246767044067,100.0,100.0,36.0,141.0,london,2214.0,31554.0,0.073,26568.0,0.0614,0.0116
E02000413,Haringey 017,E09000014,Haringey,38,132.34,107.0,4.84,188.7,775000.0,570000.0,0.359649121761322,44.0,91.0,36.0,141.0,london,2214.0,25386.0,0.0328,26568.0,0.0343,-0.0015
E02000382,Hammersmith and Fulham 011,E09000013,Hammersmith and Fulham,51,201.88,120.0,4.86,196.4,550000.0,612500.0,-0.10204081982374191,100.0,100.0,27.0,96.0,london,2755.0,28470.0,0.0518,33060.0,0.0601,-0.0083
E02000343,Greenwich 031,E09000011,Greenwich,13,81.23,75.0,4.74,240.0,432500.0,335000.0,0.29104477167129517,50.0,100.0,38.0,144.0,london,1949.0,17794.0,0.0411,23388.0,0.0541,-0.013
E02000827,Southwark 021,E09000028,Southwark,86,118.51,94.5,4.68,203.6,402500.0,340000.0,0.18382352590560913,53.0,100.0,45.0,296.0,london,2395.0,22420.0,0.0557,28740.0,0.0714,-0.0157
E02000512,Hillingdon 019,E09000017,Hillingdon,22,81.64,71.0,4.63,298.3,440000.0,300000.0,0.46666666865348816,0.0,4.0,46.0,193.0,london,1553.0,16845.0,0.0383,18636.0,0.0424,-0.0041
E02000112,Brent 020,E09000005,Brent,81,138.67,109.0,4.69,195.6,505000.0,382500.0,0.3202614486217499,100.0,100.0,61.0,123.0,london,1990.0,25860.0,0.0512,23880.0,0.0473,0.0039
E02000157,Bromley 031,E09000006,Bromley,10,143.1,89.0,4.87,217.0,625000.0,432500.0,0.4450867176055908,47.0,100.0,48.0,154.0,london,1673.0,21115.0,0.0338,20076.0,0.0321,0.0017
E02000155,Bromley 029,E09000006,Bromley,6,83.0,72.0,4.89,296.3,450000.0,320000.0,0.40625,0.0,84.0,48.0,154.0,london,1673.0,17082.0,0.038,20076.0,0.0446,-0.0066
E02006970,Ealing 043,E09000009,Ealing,4,85.25,80.0,4.64,239.5,291500.0,275000.0,0.05999999865889549,87.0,100.0,71.0,183.0,london,2057.0,18980.0,0.0651,24684.0,0.0847,-0.0196
E02006969,Ealing 042,E09000009,Ealing,81,149.48,107.0,4.59,241.6,525000.0,530000.0,-0.009433962404727936,100.0,100.0,71.0,183.0,london,2057.0,25386.0,0.0484,24684.0,0.047,0.0014
E02000216,Croydon 023,E09000008,Croydon,25,130.8,90.0,4.78,234.0,375000.0,332500.0,0.12781955301761627,100.0,100.0,51.0,127.0,london,1565.0,21352.0,0.0569,18780.0,0.0501,0.0068
E02000148,Bromley 022,E09000006,Bromley,8,104.0,73.5,4.95,289.8,695000.0,498975.0,0.39285534620285034,88.0,100.0,48.0,154.0,london,1673.0,17438.0,0.0251,20076.0,0.0289,-0.0038
E02000072,Bexley 008,E09000004,Bexley,43,102.33,68.0,4.85,281.2,352000.0,221995.0,0.5856212973594666,86.0,100.0,28.0,91.0,london,1525.0,16133.0,0.0458,18300.0,0.052,-0.0062
E02000070,Bexley 006,E09000004,Bexley,14,107.71,73.0,4.81,298.7,450000.0,290250.0,0.5503876209259033,4.0,100.0,28.0,91.0,london,1525.0,17319.0,0.0385,18300.0,0.0407,-0.0022
E02000093,Brent 001,E09000005,Brent,9,113.11,120.0,4.79,181.9,533500.0,379975.0,0.40403974056243896,82.0,100.0,61.0,123.0,london,1990.0,28470.0,0.0534,23880.0,0.0448,0.0086
E02000320,Greenwich 008,E09000011,Greenwich,25,105.0,53.0,4.78,271.5,440000.0,307500.0,0.43089431524276733,88.0,100.0,38.0,144.0,london,1949.0,12574.0,0.0286,23388.0,0.0532,-0.0246
E02000284,Enfield 008,E09000010,Enfield,14,276.57,158.0,4.79,181.9,520000.0,340000.0,0.529411792755127,100.0,100.0,45.0,145.0,london,1775.0,37486.0,0.0721,21300.0,0.041,0.0311
E02000154,Bromley 028,E09000006,Bromley,32,97.44,79.5,4.81,231.5,455000.0,350000.0,0.30000001192092896,47.0,100.0,48.0,154.0,london,1673.0,18861.0,0.0415,20076.0,0.0441,-0.0026
E02000138,Bromley 012,E09000006,Bromley,16,175.94,150.5,4.87,258.2,460000.0,368000.0,0.25,84.0,100.0,48.0,154.0,london,1673.0,35706.0,0.0776,20076.0,0.0436,0.034
E02000188,Camden 023,E09000007,Camden,199,192.1,124.0,4.54,225.9,425000.0,471500.0,-0.0986214205622673,100.0,100.0,34.0,153.0,london,2724.0,29419.0,0.0692,32688.0,0.0769,-0.0077
E02000915,Waltham Forest 021,E09000031,Waltham Forest,54,109.87,113.0,4.77,206.7,536875.0,362500.0,0.4810344874858856,100.0,100.0,39.0,99.0,london,1758.0,26809.0,0.0499,21096.0,0.0393,0.0106
E02000381,Hammersmith and Fulham 010,E09000013,Hammersmith and Fulham,125,197.65,152.0,4.7,231.0,650000.0,790000.0,-0.17721518874168396,100.0,100.0,27.0,96.0,london,2755.0,36062.0,0.0555,33060.0,0.0509,0.0046
E02007111,Hackney 033,E09000012,Hackney,367,204.99,175.0,4.61,219.0,634325.0,700000.0,-0.09382142871618271,100.0,100.0,38.0,189.0,london,2615.0,41519.0,0.0655,31380.0,0.0495,0.016
E02006791,Ealing 040,E09000009,Ealing,38,127.71,116.0,4.77,177.8,682500.0,660000.0,0.034090910106897354,100.0,100.0,71.0,183.0,london,2057.0,27521.0,0.0403,24684.0,0.0362,0.0041
E02000868,Tower Hamlets 005,E09000030,Tower Hamlets,79,124.66,116.0,4.7,167.5,541111.0,431750.0,0.2532970607280731,100.0,100.0,33.0,238.0,london,2410.0,27521.0,0.0509,28920.0,0.0534,-0.0025
E02000124,Brent 032,E09000005,Brent,175,173.33,125.0,4.73,187.9,700000.0,700000.0,0.0,100.0,100.0,61.0,123.0,london,1990.0,29656.0,0.0424,23880.0,0.0341,0.0083
E02000768,Redbridge 018,E09000026,Redbridge,14,150.57,119.0,4.73,226.1,785000.0,647500.0,0.21235521137714386,85.0,100.0,45.0,76.0,london,1724.0,28233.0,0.036,20688.0,0.0264,0.0096
E02000258,Ealing 021,E09000009,Ealing,77,123.45,87.0,4.59,237.0,647500.0,562500.0,0.15111111104488373,100.0,100.0,71.0,183.0,london,2057.0,20641.0,0.0319,24684.0,0.0381,-0.0062
E02006995,Newham 038,E09000025,Newham,61,369.46,190.0,4.76,165.0,585000.0,,,100.0,100.0,48.0,161.0,london,1918.0,45078.0,0.0771,23016.0,0.0393,0.0378
E02000368,Hackney 024,E09000012,Hackney,83,229.42,131.0,4.79,175.0,594000.0,475000.0,0.2505263090133667,100.0,100.0,38.0,189.0,london,2615.0,31080.0,0.0523,31380.0,0.0528,-0.0005
E02000262,Ealing 025,E09000009,Ealing,131,123.29,91.0,4.56,244.2,542475.0,457000.0,0.18703500926494598,100.0,100.0,71.0,183.0,london,2057.0,21590.0,0.0398,24684.0,0.0455,-0.0057
E02000290,Enfield 014,E09000010,Enfield,26,96.42,75.0,4.69,303.7,368500.0,243000.0,0.5164608955383301,100.0,100.0,45.0,145.0,london,1775.0,17794.0,0.0483,21300.0,0.0578,-0.0095
E02000568,Islington 015,E09000019,Islington,168,229.58,114.5,4.51,180.6,512500.0,435000.0,0.1781609207391739,100.0,100.0,33.0,194.0,london,2811.0,27165.0,0.053,33732.0,0.0658,-0.0128
E02000317,Greenwich 005,E09000011,Greenwich,32,102.06,91.0,4.74,231.1,450000.0,255000.0,0.7647058963775635,97.0,100.0,38.0,144.0,london,1949.0,21590.0,0.048,23388.0,0.052,-0.004
E02000412,Haringey 016,E09000014,Haringey,57,110.05,90.0,4.71,222.6,540500.0,345000.0,0.5666666626930237,100.0,100.0,36.0,141.0,london,2214.0,21352.0,0.0395,26568.0,0.0492,-0.0097
E02000936,Wandsworth 014,E09000032,Wandsworth,68,253.15,132.0,4.72,171.9,516250.0,499950.0,0.03260326012969017,94.0,100.0,47.0,139.0,london,2599.0,31317.0,0.0607,31188.0,0.0604,0.0003
E02000217,Croydon 024,E09000008,Croydon,48,112.4,77.5,4.63,242.3,332000.0,266000.0,0.24812030792236328,100.0,100.0,51.0,127.0,london,1565.0,18387.0,0.0554,18780.0,0.0566,-0.0012
E02006789,Bromley 042,E09000006,Bromley,11,108.55,80.0,4.92,305.4,510000.0,372500.0,0.3691275119781494,0.0,0.0,48.0,154.0,london,1673.0,18980.0,0.0372,20076.0,0.0394,-0.0022
E02000500,Hillingdon 007,E09000017,Hillingdon,8,84.88,40.0,4.94,237.8,715000.0,557500.0,0.2825112044811249,79.0,100.0,46.0,193.0,london,1553.0,9490.0,0.0133,18636.0,0.0261,-0.0128
E02000203,Croydon 010,E09000008,Croydon,45,67.07,50.0,4.59,251.6,395000.0,265000.0,0.49056604504585266,100.0,100.0,51.0,127.0,london,1565.0,11862.0,0.03,18780.0,0.0475,-0.0175
E02000713,Merton 025,E09000024,Merton,11,122.55,114.0,4.72,205.5,526650.0,365000.0,0.4428767263889313,0.0,100.0,21.0,99.0,london,2097.0,27047.0,0.0514,25164.0,0.0478,0.0036
E02000737,Newham 024,E09000025,Newham,22,111.64,83.0,4.7,259.0,430000.0,285000.0,0.5087719559669495,23.0,100.0,48.0,161.0,london,1918.0,19692.0,0.0458,23016.0,0.0535,-0.0077
E02000509,Hillingdon 016,E09000017,Hillingdon,39,91.05,76.0,4.57,248.1,430000.0,295000.0,0.4576271176338196,44.0,100.0,46.0,193.0,london,1553.0,18031.0,0.0419,18636.0,0.0433,-0.0014
E02000670,Lewisham 018,E09000023,Lewisham,31,99.68,76.0,4.82,207.7,415000.0,278500.0,0.4901256859302521,97.0,100.0,36.0,154.0,london,1816.0,18031.0,0.0434,21792.0,0.0525,-0.0091
E02000285,Enfield 009,E09000010,Enfield,6,113.5,69.5,4.84,296.7,567500.0,424998.0,0.33530041575431824,56.0,100.0,45.0,145.0,london,1775.0,16489.0,0.0291,21300.0,0.0375,-0.0084
E02000599,Kingston upon Thames 002,E09000021,Kingston upon Thames,43,206.72,176.0,4.8,276.3,1200000.0,1035000.0,0.15942029654979706,10.0,63.0,20.0,69.0,london,1799.0,41756.0,0.0348,21588.0,0.018,0.0168
E02000226,Croydon 033,E09000008,Croydon,20,96.6,65.0,4.36,270.1,600000.0,410000.0,0.46341463923454285,6.0,92.0,51.0,127.0,london,1565.0,15421.0,0.0257,18780.0,0.0313,-0.0056
E02000443,Harrow 011,E09000015,Harrow,13,59.38,38.0,4.38,252.8,470000.0,296250.0,0.5864979028701782,81.0,100.0,32.0,73.0,london,1755.0,9016.0,0.0192,21060.0,0.0448,-0.0256
E02000824,Southwark 018,E09000028,Southwark,162,73.93,52.0,4.61,259.0,450000.0,289000.0,0.5570934414863586,62.0,100.0,45.0,296.0,london,2395.0,12337.0,0.0274,28740.0,0.0639,-0.0365
E02006802,Southwark 034,E09000028,Southwark,163,305.5,163.0,4.77,182.8,625000.0,755000.0,-0.17218543589115143,100.0,100.0,45.0,296.0,london,2395.0,38672.0,0.0619,28740.0,0.046,0.0159
E02000047,Barnet 024,E09000003,Barnet,20,94.45,87.5,4.65,159.4,427000.0,307000.0,0.39087948203086853,95.0,100.0,52.0,123.0,london,1931.0,20759.0,0.0486,23172.0,0.0543,-0.0057
E02000806,Richmond upon Thames 023,E09000027,Richmond upon Thames,29,207.21,172.0,4.77,233.7,732000.0,552000.0,0.32608696818351746,98.0,100.0,29.0,142.0,london,2307.0,40807.0,0.0557,27684.0,0.0378,0.0179
E02000889,Tower Hamlets 026,E09000030,Tower Hamlets,127,217.43,148.0,4.58,207.4,710000.0,450000.0,0.5777778029441833,100.0,100.0,33.0,238.0,london,2410.0,35113.0,0.0495,28920.0,0.0407,0.0088
E02000882,Tower Hamlets 019,E09000030,Tower Hamlets,73,112.1,90.0,4.76,189.0,450000.0,347498.0,0.2949714958667755,100.0,100.0,33.0,238.0,london,2410.0,21352.0,0.0474,28920.0,0.0643,-0.0169
E02000358,Hackney 014,E09000012,Hackney,135,125.24,106.0,4.74,182.9,602500.0,467000.0,0.29014989733695984,100.0,100.0,38.0,189.0,london,2615.0,25149.0,0.0417,31380.0,0.0521,-0.0104
E02000354,Hackney 010,E09000012,Hackney,99,141.09,120.0,4.81,181.0,555000.0,405000.0,0.37037035822868347,100.0,100.0,38.0,189.0,london,2615.0,28470.0,0.0513,31380.0,0.0565,-0.0052
E02000927,Wandsworth 005,E09000032,Wandsworth,70,142.11,121.5,4.71,220.6,680000.0,575000.0,0.1826086938381195,64.0,100.0,47.0,139.0,london,2599.0,28826.0,0.0424,31188.0,0.0459,-0.0035
E02000869,Tower Hamlets 006,E09000030,Tower Hamlets,149,162.89,129.0,4.65,214.8,625000.0,482500.0,0.2953367829322815,100.0,100.0,33.0,238.0,london,2410.0,30605.0,0.049,28920.0,0.0463,0.0027
E02000733,Newham 020,E09000025,Newham,62,131.69,84.5,4.65,198.1,450000.0,280000.0,0.6071428656578064,100.0,100.0,48.0,161.0,london,1918.0,20048.0,0.0446,23016.0,0.0511,-0.0065
E02000245,Ealing 008,E09000009,Ealing,13,57.92,41.0,4.64,202.0,283500.0,222500.0,0.27415731549263,5.0,66.0,71.0,183.0,london,2057.0,9727.0,0.0343,24684.0,0.0871,-0.0528
E02000581,Kensington and Chelsea 005,E09000020,Kensington and Chelsea,64,201.72,170.5,4.81,195.0,1150000.0,815875.0,0.4095296561717987,100.0,100.0,31.0,61.0,london,3597.0,40451.0,0.0352,43164.0,0.0375,-0.0023
E02000971,Westminster 012,E09000033,Westminster,614,308.69,217.5,4.48,195.5,1240000.0,960000.0,0.2916666567325592,100.0,100.0,41.0,97.0,london,3149.0,51602.0,0.0416,37788.0,0.0305,0.0111
E02000962,Westminster 003,E09000033,Westminster,89,288.2,176.0,4.53,202.7,815000.0,631762.0,0.2900427579879761,100.0,100.0,41.0,97.0,london,3149.0,41756.0,0.0512,37788.0,0.0464,0.0048
E02000125,Brent 033,E09000005,Brent,121,171.78,114.0,4.74,180.4,817500.0,714975.0,0.14339661598205566,100.0,100.0,61.0,123.0,london,1990.0,27047.0,0.0331,23880.0,0.0292,0.0039
E02000794,Richmond upon Thames 011,E09000027,Richmond upon Thames,34,153.94,73.5,4.87,164.0,685000.0,506250.0,0.3530864119529724,100.0,100.0,29.0,142.0,london,2307.0,17438.0,0.0255,27684.0,0.0404,-0.0149
E02000647,Lambeth 030,E09000022,Lambeth,33,102.58,77.0,4.73,225.2,520000.0,430000.0,0.20930232107639313,87.0,100.0,44.0,229.0,london,2529.0,18268.0,0.0351,30348.0,0.0584,-0.0233
E02000799,Richmond upon Thames 016,E09000027,Richmond upon Thames,16,174.38,123.5,4.84,181.1,880000.0,492500.0,0.7868020534515381,100.0,100.0,29.0,142.0,london,2307.0,29300.0,0.0333,27684.0,0.0315,0.0018
E02006973,Hounslow 031,E09000018,Hounslow,55,157.0,119.0,4.68,215.1,389000.0,350000.0,0.11142857372760773,96.0,100.0,43.0,158.0,london,1922.0,28233.0,0.0726,23064.0,0.0593,0.0133
E02000357,Hackney 013,E09000012,Hackney,41,73.27,56.0,4.76,194.1,350500.0,260000.0,0.3480769097805023,35.0,100.0,38.0,189.0,london,2615.0,13286.0,0.0379,31380.0,0.0895,-0.0516
E02000956,Wandsworth 034,E09000032,Wandsworth,56,128.18,107.5,4.77,213.9,525000.0,438500.0,0.19726340472698212,100.0,100.0,47.0,139.0,london,2599.0,25504.0,0.0486,31188.0,0.0594,-0.0108
E02000641,Lambeth 024,E09000022,Lambeth,36,111.14,87.5,4.8,200.3,400000.0,335000.0,0.19402985274791718,87.0,100.0,44.0,229.0,london,2529.0,20759.0,0.0519,30348.0,0.0759,-0.024
E02000831,Southwark 025,E09000028,Southwark,68,290.06,134.0,4.77,224.6,660000.0,577500.0,0.1428571492433548,100.0,100.0,45.0,296.0,london,2395.0,31792.0,0.0482,28740.0,0.0435,0.0047
E02000307,Enfield 031,E09000010,Enfield,36,85.92,67.0,4.56,189.5,465000.0,320000.0,0.453125,38.0,100.0,45.0,145.0,london,1775.0,15896.0,0.0342,21300.0,0.0458,-0.0116
E02000700,Merton 012,E09000024,Merton,32,95.91,80.5,4.59,198.4,372500.0,292750.0,0.27241674065589905,93.0,100.0,21.0,99.0,london,2097.0,19099.0,0.0513,25164.0,0.0676,-0.0163
E02000132,Bromley 006,E09000006,Bromley,30,116.13,90.0,4.89,232.3,365000.0,340000.0,0.07352941483259201,100.0,100.0,48.0,154.0,london,1673.0,21352.0,0.0585,20076.0,0.055,0.0035
E02000118,Brent 026,E09000005,Brent,31,155.81,119.0,4.8,196.8,525000.0,258000.0,1.034883737564087,93.0,100.0,61.0,123.0,london,1990.0,28233.0,0.0538,23880.0,0.0455,0.0083
E02000256,Ealing 019,E09000009,Ealing,52,160.69,126.0,4.6,202.3,558875.0,493500.0,0.13247214257717133,100.0,100.0,71.0,183.0,london,2057.0,29894.0,0.0535,24684.0,0.0442,0.0093
E02000409,Haringey 013,E09000014,Haringey,18,116.17,60.5,4.78,185.6,566250.0,357000.0,0.5861344337463379,83.0,100.0,36.0,141.0,london,2214.0,14354.0,0.0253,26568.0,0.0469,-0.0216
E02000782,Redbridge 032,E09000026,Redbridge,32,237.88,85.5,4.5,286.4,410000.0,245000.0,0.6734693646430969,96.0,100.0,45.0,76.0,london,1724.0,20285.0,0.0495,20688.0,0.0505,-0.001
E02000846,Sutton 007,E09000029,Sutton,13,63.08,56.0,4.77,166.5,535000.0,350000.0,0.5285714268684387,96.0,100.0,22.0,94.0,london,1547.0,13286.0,0.0248,18564.0,0.0347,-0.0099
E02000060,Barnet 037,E09000003,Barnet,90,147.56,115.0,4.76,204.6,700000.0,570000.0,0.22807016968727112,86.0,100.0,52.0,123.0,london,1931.0,27284.0,0.039,23172.0,0.0331,0.0059
E02000200,Croydon 007,E09000008,Croydon,41,75.46,72.0,4.69,223.3,350000.0,247750.0,0.412714421749115,79.0,100.0,51.0,127.0,london,1565.0,17082.0,0.0488,18780.0,0.0537,-0.0049
E02000324,Greenwich 012,E09000011,Greenwich,20,137.25,144.0,4.65,212.2,525000.0,356500.0,0.47265076637268066,75.0,100.0,38.0,144.0,london,1949.0,34164.0,0.0651,23388.0,0.0445,0.0206
E02000018,Barking and Dagenham 017,E09000002,Barking and Dagenham,7,91.29,98.0,4.81,228.9,366000.0,232500.0,0.57419353723526,85.0,100.0,38.0,86.0,london,1688.0,23250.0,0.0635,20256.0,0.0553,0.0082
E02000238,Ealing 001,E09000009,Ealing,14,149.79,122.0,4.82,240.4,465000.0,350000.0,0.3285714387893677,93.0,100.0,71.0,183.0,london,2057.0,28944.0,0.0622,24684.0,0.0531,0.0091
E02000620,Lambeth 003,E09000022,Lambeth,155,186.93,146.0,4.74,204.1,600000.0,522500.0,0.1483253538608551,100.0,100.0,44.0,229.0,london,2529.0,34638.0,0.0577,30348.0,0.0506,0.0071
E02000961,Westminster 002,E09000033,Westminster,122,247.71,178.0,4.68,221.0,875000.0,707500.0,0.23674911260604858,100.0,100.0,41.0,97.0,london,3149.0,42230.0,0.0483,37788.0,0.0432,0.0051
E02000576,Islington 023,E09000019,Islington,242,202.21,179.0,4.6,216.2,620000.0,575000.0,0.0782608687877655,100.0,100.0,33.0,194.0,london,2811.0,42468.0,0.0685,33732.0,0.0544,0.0141
E02000182,Camden 017,E09000007,Camden,99,191.3,171.0,4.66,203.9,897500.0,1138340.0,-0.21157123148441315,100.0,100.0,34.0,153.0,london,2724.0,40570.0,0.0452,32688.0,0.0364,0.0088
E02000643,Lambeth 026,E09000022,Lambeth,41,78.1,62.0,4.84,239.8,480000.0,395000.0,0.2151898741722107,100.0,100.0,44.0,229.0,london,2529.0,14710.0,0.0306,30348.0,0.0632,-0.0326
E02000535,Hounslow 010,E09000018,Hounslow,9,53.78,39.0,4.55,234.0,545000.0,328500.0,0.6590563058853149,51.0,100.0,43.0,158.0,london,1922.0,9253.0,0.017,23064.0,0.0423,-0.0253
E02000851,Sutton 012,E09000029,Sutton,48,107.21,103.5,4.74,219.6,300000.0,245000.0,0.22448979318141937,85.0,100.0,22.0,94.0,london,1547.0,24555.0,0.0819,18564.0,0.0619,0.02
E02000395,Hammersmith and Fulham 024,E09000013,Hammersmith and Fulham,78,239.54,179.5,4.76,196.0,886000.0,897500.0,-0.012813370674848557,100.0,100.0,27.0,96.0,london,2755.0,42586.0,0.0481,33060.0,0.0373,0.0108
E02000789,Richmond upon Thames 006,E09000027,Richmond upon Thames,24,148.38,129.5,4.75,154.4,703500.0,675000.0,0.042222220450639725,88.0,100.0,29.0,142.0,london,2307.0,30724.0,0.0437,27684.0,0.0394,0.0043
E02000825,Southwark 019,E09000028,Southwark,42,103.31,81.0,4.8,179.7,382500.0,295000.0,0.29661017656326294,23.0,100.0,45.0,296.0,london,2395.0,19217.0,0.0502,28740.0,0.0751,-0.0249
E02000810,Southwark 004,E09000028,Southwark,151,133.99,125.0,4.72,197.4,470000.0,500000.0,-0.05999999865889549,100.0,100.0,45.0,296.0,london,2395.0,29656.0,0.0631,28740.0,0.0611,0.002
E02000393,Hammersmith and Fulham 022,E09000013,Hammersmith and Fulham,82,175.48,155.0,4.74,192.0,817500.0,750000.0,0.09000000357627869,67.0,100.0,27.0,96.0,london,2755.0,36774.0,0.045,33060.0,0.0404,0.0046
E02000772,Redbridge 022,E09000026,Redbridge,20,91.0,72.0,4.75,321.1,389000.0,314750.0,0.23590150475502014,86.0,100.0,45.0,76.0,london,1724.0,17082.0,0.0439,20688.0,0.0532,-0.0093
E02000854,Sutton 015,E09000029,Sutton,16,88.13,64.0,4.77,225.0,506750.0,351500.0,0.441678524017334,100.0,100.0,22.0,94.0,london,1547.0,15184.0,0.03,18564.0,0.0366,-0.0066
E02000856,Sutton 017,E09000029,Sutton,22,91.27,84.5,4.66,215.1,459950.0,315000.0,0.46015873551368713,76.0,100.0,22.0,94.0,london,1547.0,20048.0,0.0436,18564.0,0.0404,0.0032
E02000040,Barnet 017,E09000003,Barnet,37,145.68,150.0,4.82,247.1,571250.0,630000.0,-0.0932539701461792,67.0,100.0,52.0,123.0,london,1931.0,35588.0,0.0623,23172.0,0.0406,0.0217
E02000883,Tower Hamlets 020,E09000030,Tower Hamlets,72,153.54,130.5,4.18,222.2,395000.0,327500.0,0.20610687136650085,100.0,100.0,33.0,238.0,london,2410.0,30961.0,0.0784,28920.0,0.0732,0.0052
E02000196,Croydon 003,E09000008,Croydon,27,99.93,58.0,4.88,289.0,560000.0,369000.0,0.5176151990890503,90.0,100.0,51.0,127.0,london,1565.0,13761.0,0.0246,18780.0,0.0335,-0.0089
E02000682,Lewisham 030,E09000023,Lewisham,31,111.81,72.0,4.76,272.4,500000.0,335000.0,0.49253731966018677,59.0,100.0,36.0,154.0,london,1816.0,17082.0,0.0342,21792.0,0.0436,-0.0094
E02006998,Newham 041,E09000025,Newham,59,130.63,96.0,4.46,249.8,390000.0,260000.0,0.5,100.0,100.0,48.0,161.0,london,1918.0,22776.0,0.0584,23016.0,0.059,-0.0006
E02007113,Tower Hamlets 035,E09000030,Tower Hamlets,98,11266.87,152.0,4.46,206.8,630492.0,450000.0,0.40109333395957947,100.0,100.0,33.0,238.0,london,2410.0,36062.0,0.0572,28920.0,0.0459,0.0113
E02000951,Wandsworth 029,E09000032,Wandsworth,37,127.68,108.0,4.81,208.5,635500.0,531250.0,0.1962352991104126,100.0,100.0,47.0,139.0,london,2599.0,25623.0,0.0403,31188.0,0.0491,-0.0088
E02000911,Waltham Forest 017,E09000031,Waltham Forest,70,117.66,108.5,4.81,188.8,520500.0,360000.0,0.44583332538604736,100.0,100.0,39.0,99.0,london,1758.0,25742.0,0.0495,21096.0,0.0405,0.009
E02000724,Newham 011,E09000025,Newham,11,636.55,72.0,4.66,296.1,500000.0,302000.0,0.6556291580200195,100.0,100.0,48.0,161.0,london,1918.0,17082.0,0.0342,23016.0,0.046,-0.0118
E02000235,Croydon 042,E09000008,Croydon,7,136.86,134.0,4.78,216.6,545000.0,400000.0,0.36250001192092896,69.0,100.0,51.0,127.0,london,1565.0,31792.0,0.0583,18780.0,0.0345,0.0238
E02000653,Lewisham 001,E09000023,Lewisham,81,137.78,105.0,4.57,228.0,411000.0,360000.0,0.14166666567325592,71.0,100.0,36.0,154.0,london,1816.0,24911.0,0.0606,21792.0,0.053,0.0076
E02000402,Haringey 006,E09000014,Haringey,22,121.41,116.5,4.79,238.1,450000.0,243750.0,0.8461538553237915,62.0,100.0,36.0,141.0,london,2214.0,27640.0,0.0614,26568.0,0.059,0.0024
E02000297,Enfield 021,E09000010,Enfield,9,107.0,50.0,4.55,185.2,630000.0,455000.0,0.38461539149284363,56.0,100.0,45.0,145.0,london,1775.0,11862.0,0.0188,21300.0,0.0338,-0.015
E02000127,Bromley 001,E09000006,Bromley,20,118.65,90.5,4.27,218.6,400000.0,265000.0,0.5094339847564697,26.0,100.0,48.0,154.0,london,1673.0,21471.0,0.0537,20076.0,0.0502,0.0035
E02000544,Hounslow 019,E09000018,Hounslow,18,106.06,68.5,4.81,263.4,557500.0,410000.0,0.35975611209869385,75.0,100.0,43.0,158.0,london,1922.0,16252.0,0.0292,23064.0,0.0414,-0.0122
E02000615,Kingston upon Thames 018,E09000021,Kingston upon Thames,7,127.0,112.0,4.8,204.7,500000.0,345000.0,0.4492753744125366,47.0,100.0,20.0,69.0,london,1799.0,26572.0,0.0531,21588.0,0.0432,0.0099
E02000300,Enfield 024,E09000010,Enfield,13,97.0,50.0,4.57,258.8,429500.0,285000.0,0.5070175528526306,86.0,100.0,45.0,145.0,london,1775.0,11862.0,0.0276,21300.0,0.0496,-0.022
E02000244,Ealing 007,E09000009,Ealing,27,114.48,89.0,4.8,228.0,550000.0,400000.0,0.375,94.0,100.0,71.0,183.0,london,2057.0,21115.0,0.0384,24684.0,0.0449,-0.0065
E02000406,Haringey 010,E09000014,Haringey,21,108.67,101.0,4.79,175.4,597500.0,439350.0,0.359963595867157,100.0,100.0,36.0,141.0,london,2214.0,23962.0,0.0401,26568.0,0.0445,-0.0044
E02000080,Bexley 016,E09000004,Bexley,17,81.88,65.0,4.88,243.5,460000.0,314000.0,0.46496814489364624,57.0,100.0,28.0,91.0,london,1525.0,15421.0,0.0335,18300.0,0.0398,-0.0063
E02000701,Merton 013,E09000024,Merton,15,66.73,63.0,4.67,229.6,455000.0,321500.0,0.4152410626411438,97.0,100.0,21.0,99.0,london,2097.0,14947.0,0.0329,25164.0,0.0553,-0.0224
E02000940,Wandsworth 018,E09000032,Wandsworth,87,276.93,123.0,4.81,224.1,429300.0,445000.0,-0.035280898213386536,92.0,100.0,47.0,139.0,london,2599.0,29182.0,0.068,31188.0,0.0726,-0.0046
E02000593,Kensington and Chelsea 017,E09000020,Kensington and Chelsea,294,249.37,191.0,4.67,210.6,850000.0,925200.0,-0.08127972483634949,100.0,100.0,31.0,61.0,london,3597.0,45315.0,0.0533,43164.0,0.0508,0.0025
E02000015,Barking and Dagenham 014,E09000002,Barking and Dagenham,24,136.21,133.0,4.48,286.0,315000.0,190250.0,0.6557161808013916,95.0,100.0,38.0,86.0,london,1688.0,31554.0,0.1002,20256.0,0.0643,0.0359
E02000934,Wandsworth 012,E09000032,Wandsworth,154,212.36,157.0,4.82,232.6,615000.0,591000.0,0.04060913622379303,100.0,100.0,47.0,139.0,london,2599.0,37248.0,0.0606,31188.0,0.0507,0.0099
E02000107,Brent 015,E09000005,Brent,66,122.32,80.0,4.55,192.1,570000.0,455500.0,0.2513721287250519,65.0,100.0,61.0,123.0,london,1990.0,18980.0,0.0333,23880.0,0.0419,-0.0086
E02000952,Wandsworth 030,E09000032,Wandsworth,24,190.79,95.0,4.86,222.2,660000.0,627500.0,0.05179283022880554,100.0,100.0,47.0,139.0,london,2599.0,22539.0,0.0342,31188.0,0.0473,-0.0131
E02000909,Waltham Forest 015,E09000031,Waltham Forest,48,122.02,100.0,4.83,224.5,687500.0,473500.0,0.4519535303115845,100.0,100.0,39.0,99.0,london,1758.0,23725.0,0.0345,21096.0,0.0307,0.0038
E02000678,Lewisham 026,E09000023,Lewisham,19,96.05,57.0,4.29,193.8,405000.0,250000.0,0.6200000047683716,41.0,100.0,36.0,154.0,london,1816.0,13523.0,0.0334,21792.0,0.0538,-0.0204
E02006942,Southwark 036,E09000028,Southwark,157,204.03,179.0,4.72,201.3,562500.0,586000.0,-0.040102388709783554,100.0,100.0,45.0,296.0,london,2395.0,42468.0,0.0755,28740.0,0.0511,0.0244
E02000908,Waltham Forest 014,E09000031,Waltham Forest,86,121.21,97.5,4.7,208.0,513000.0,350000.0,0.4657142758369446,95.0,100.0,39.0,99.0,london,1758.0,23132.0,0.0451,21096.0,0.0411,0.004
E02006798,Lewisham 039,E09000023,Lewisham,84,118.13,110.0,4.71,213.1,382000.0,264995.0,0.44153663516044617,100.0,100.0,36.0,154.0,london,1816.0,26098.0,0.0683,21792.0,0.057,0.0113
E02000950,Wandsworth 028,E09000032,Wandsworth,68,198.71,126.5,4.8,235.8,458275.0,390000.0,0.1750641018152237,70.0,100.0,47.0,139.0,london,2599.0,30012.0,0.0655,31188.0,0.0681,-0.0026
E02000557,Islington 004,E09000019,Islington,82,169.63,145.0,4.74,195.8,530000.0,505000.0,0.049504950642585754,100.0,100.0,33.0,194.0,london,2811.0,34401.0,0.0649,33732.0,0.0636,0.0013
E02000833,Southwark 027,E09000028,Southwark,41,126.32,103.0,4.66,226.0,435000.0,395000.0,0.10126582533121109,100.0,100.0,45.0,296.0,london,2395.0,24437.0,0.0562,28740.0,0.0661,-0.0099
E02000522,Hillingdon 029,E09000017,Hillingdon,36,82.33,69.5,4.46,274.0,430000.0,316500.0,0.35860979557037354,58.0,100.0,46.0,193.0,london,1553.0,16489.0,0.0383,18636.0,0.0433,-0.005
E02000430,Haringey 034,E09000014,Haringey,64,143.13,123.5,4.85,210.2,622500.0,495681.0,0.2558480203151703,73.0,100.0,36.0,141.0,london,2214.0,29300.0,0.0471,26568.0,0.0427,0.0044
E02000361,Hackney 017,E09000012,Hackney,132,143.63,123.5,4.68,210.5,579500.0,460000.0,0.259782612323761,100.0,100.0,38.0,189.0,london,2615.0,29300.0,0.0506,31380.0,0.0542,-0.0036
E02000378,Hammersmith and Fulham 007,E09000013,Hammersmith and Fulham,121,160.7,131.0,4.73,210.6,550000.0,485000.0,0.1340206116437912,100.0,100.0,27.0,96.0,london,2755.0,31080.0,0.0565,33060.0,0.0601,-0.0036
E02000064,Barnet 041,E09000003,Barnet,48,167.94,100.0,4.64,233.9,570000.0,532500.0,0.07042253762483597,84.0,100.0,52.0,123.0,london,1931.0,23725.0,0.0416,23172.0,0.0407,0.0009
E02000941,Wandsworth 019,E09000032,Wandsworth,93,176.35,134.0,4.88,203.5,761362.0,599950.0,0.269042432308197,78.0,100.0,47.0,139.0,london,2599.0,31792.0,0.0418,31188.0,0.041,0.0008
E02000963,Westminster 004,E09000033,Westminster,124,152.44,132.5,4.51,214.2,810004.0,577000.0,0.4038197696208954,100.0,100.0,41.0,97.0,london,3149.0,31436.0,0.0388,37788.0,0.0467,-0.0079
E02000530,Hounslow 005,E09000018,Hounslow,9,66.89,50.0,4.78,205.0,450000.0,235000.0,0.914893627166748,0.0,86.0,43.0,158.0,london,1922.0,11862.0,0.0264,23064.0,0.0513,-0.0249
E02000318,Greenwich 006,E09000011,Greenwich,32,95.22,57.5,4.53,217.5,417500.0,255000.0,0.6372548937797546,79.0,100.0,38.0,144.0,london,1949.0,13642.0,0.0327,23388.0,0.056,-0.0233
E02000600,Kingston upon Thames 003,E09000021,Kingston upon Thames,34,133.09,138.5,4.66,223.2,599000.0,353750.0,0.6932862401008606,89.0,100.0,20.0,69.0,london,1799.0,32859.0,0.0549,21588.0,0.036,0.0189
E02000746,Newham 033,E09000025,Newham,57,126.86,106.0,4.67,230.8,365750.0,265000.0,0.3801886737346649,100.0,100.0,48.0,161.0,london,1918.0,25149.0,0.0688,23016.0,0.0629,0.0059
E02000108,Brent 016,E09000005,Brent,16,93.88,75.0,4.52,153.6,466500.0,307250.0,0.5183075666427612,95.0,100.0,61.0,123.0,london,1990.0,17794.0,0.0381,23880.0,0.0512,-0.0131
E02000625,Lambeth 008,E09000022,Lambeth,77,126.39,116.0,4.64,183.4,437500.0,395000.0,0.10759493708610535,100.0,100.0,44.0,229.0,london,2529.0,27521.0,0.0629,30348.0,0.0694,-0.0065
E02000451,Harrow 019,E09000015,Harrow,8,74.5,64.5,4.65,250.4,676750.0,527000.0,0.28415560722351074,72.0,100.0,32.0,73.0,london,1755.0,15303.0,0.0226,21060.0,0.0311,-0.0085
E02000720,Newham 007,E09000025,Newham,15,224.47,108.0,4.61,211.3,520750.0,365000.0,0.4267123341560364,100.0,100.0,48.0,161.0,london,1918.0,25623.0,0.0492,23016.0,0.0442,0.005
E02000087,Bexley 023,E09000004,Bexley,12,151.75,69.0,4.76,229.8,520890.0,382500.0,0.36180391907691956,68.0,100.0,28.0,91.0,london,1525.0,16370.0,0.0314,18300.0,0.0351,-0.0037
E02000237,Croydon 044,E09000008,Croydon,11,109.91,98.0,4.98,193.0,535000.0,385000.0,0.3896103799343109,11.0,64.0,51.0,127.0,london,1565.0,23250.0,0.0435,18780.0,0.0351,0.0084
E02000622,Lambeth 005,E09000028,Southwark,2,60.5,60.5,4.77,150.5,517500.0,550000.0,-0.059090908616781235,91.0,100.0,45.0,296.0,london,2395.0,14354.0,0.0277,28740.0,0.0555,-0.0278
E02000741,Newham 028,E09000025,Newham,24,152.58,89.5,4.79,269.7,415000.0,274000.0,0.514598548412323,54.0,100.0,48.0,161.0,london,1918.0,21234.0,0.0512,23016.0,0.0555,-0.0043
E02000506,Hillingdon 013,E09000017,Hillingdon,24,242.75,98.0,4.8,289.3,760000.0,599750.0,0.2671946585178375,56.0,100.0,46.0,193.0,london,1553.0,23250.0,0.0306,18636.0,0.0245,0.0061
E02000019,Barking and Dagenham 018,E09000002,Barking and Dagenham,23,82.7,47.0,4.6,209.8,390000.0,230000.0,0.695652186870575,74.0,100.0,38.0,86.0,london,1688.0,11151.0,0.0286,20256.0,0.0519,-0.0233
E02000547,Hounslow 022,E09000018,Hounslow,30,146.6,65.0,4.59,261.0,423500.0,273500.0,0.5484460592269897,57.0,100.0,43.0,158.0,london,1922.0,15421.0,0.0364,23064.0,0.0545,-0.0181
E02000969,Westminster 010,E09000033,Westminster,130,226.1,144.0,4.69,207.5,537500.0,548125.0,-0.019384264945983887,100.0,100.0,41.0,97.0,london,3149.0,34164.0,0.0636,37788.0,0.0703,-0.0067
E02000369,Hackney 025,E09000012,Hackney,202,164.8,135.0,4.76,176.0,585000.0,450000.0,0.30000001192092896,100.0,100.0,38.0,189.0,london,2615.0,32029.0,0.0548,31380.0,0.0536,0.0012
E02000417,Haringey 021,E09000014,Haringey,35,151.0,117.0,4.82,200.2,689500.0,630000.0,0.09444444626569748,25.0,100.0,36.0,141.0,london,2214.0,27758.0,0.0403,26568.0,0.0385,0.0018
E02000878,Tower Hamlets 015,E09000030,Tower Hamlets,390,207.73,145.0,4.52,199.0,606500.0,541500.0,0.12003693729639053,100.0,100.0,33.0,238.0,london,2410.0,34401.0,0.0567,28920.0,0.0477,0.009
E02000584,Kensington and Chelsea 008,E09000020,Kensington and Chelsea,216,519.53,206.0,4.68,205.4,1505000.0,1250250.0,0.20375925302505493,100.0,100.0,31.0,61.0,london,3597.0,48874.0,0.0325,43164.0,0.0287,0.0038
E02000964,Westminster 005,E09000033,Westminster,239,198.66,125.0,4.55,213.8,568750.0,537500.0,0.058139536529779434,100.0,100.0,41.0,97.0,london,3149.0,29656.0,0.0521,37788.0,0.0664,-0.0143
E02000429,Haringey 033,E09000014,Haringey,36,150.5,112.5,4.81,188.6,632500.0,640000.0,-0.01171875,47.0,100.0,36.0,141.0,london,2214.0,26691.0,0.0422,26568.0,0.042,0.0002
E02000392,Hammersmith and Fulham 021,E09000013,Hammersmith and Fulham,118,232.92,145.5,4.71,186.1,735000.0,781250.0,-0.05920000001788139,100.0,100.0,27.0,96.0,london,2755.0,34520.0,0.047,33060.0,0.045,0.002
E02000970,Westminster 011,E09000033,Westminster,534,556.85,400.0,4.63,210.1,1559250.0,1525000.0,0.022459017112851143,100.0,100.0,41.0,97.0,london,3149.0,94900.0,0.0609,37788.0,0.0242,0.0367
E02000903,Waltham Forest 009,E09000031,Waltham Forest,42,119.48,91.0,4.8,203.3,507000.0,349998.0,0.44857969880104065,4.0,100.0,39.0,99.0,london,1758.0,21590.0,0.0426,21096.0,0.0416,0.001
E02000554,Islington 001,E09000019,Islington,44,114.52,101.5,4.72,180.1,572500.0,457750.0,0.25068268179893494,100.0,100.0,33.0,194.0,london,2811.0,24081.0,0.0421,33732.0,0.0589,-0.0168
E02000319,Greenwich 007,E09000011,Greenwich,48,99.27,85.0,4.61,255.8,415000.0,265000.0,0.5660377144813538,97.0,100.0,38.0,144.0,london,1949.0,20166.0,0.0486,23388.0,0.0564,-0.0078
E02000681,Lewisham 029,E09000023,Lewisham,33,116.06,68.0,4.47,258.2,450000.0,328500.0,0.36986300349235535,84.0,100.0,36.0,154.0,london,1816.0,16133.0,0.0359,21792.0,0.0484,-0.0125
E02000693,Merton 005,E09000024,Merton,70,156.17,113.0,4.62,225.9,475000.0,370000.0,0.28378379344940186,100.0,100.0,21.0,99.0,london,2097.0,26809.0,0.0564,25164.0,0.053,0.0034
E02000954,Wandsworth 032,E09000032,Wandsworth,39,138.51,114.0,4.39,264.1,765000.0,576500.0,0.3269731104373932,100.0,100.0,47.0,139.0,london,2599.0,27047.0,0.0354,31188.0,0.0408,-0.0054
E02000534,Hounslow 009,E09000018,Hounslow,38,117.61,80.0,4.7,244.5,555000.0,360000.0,0.5416666865348816,100.0,100.0,43.0,158.0,london,1922.0,18980.0,0.0342,23064.0,0.0416,-0.0074
E02000698,Merton 010,E09000024,Merton,34,205.15,165.0,4.86,234.9,1000000.0,915000.0,0.09289617836475372,68.0,100.0,21.0,99.0,london,2097.0,39146.0,0.0391,25164.0,0.0252,0.0139
E02000646,Lambeth 029,E09000022,Lambeth,53,90.75,69.0,4.8,223.8,480000.0,375000.0,0.2800000011920929,100.0,100.0,44.0,229.0,london,2529.0,16370.0,0.0341,30348.0,0.0632,-0.0291
E02000604,Kingston upon Thames 007,E09000021,Kingston upon Thames,35,94.31,73.0,4.82,261.2,693500.0,400000.0,0.7337499856948853,96.0,100.0,20.0,69.0,london,1799.0,17319.0,0.025,21588.0,0.0311,-0.0061
E02000268,Ealing 031,E09000009,Ealing,47,163.32,133.0,4.89,184.8,715000.0,540000.0,0.32407405972480774,100.0,100.0,71.0,183.0,london,2057.0,31554.0,0.0441,24684.0,0.0345,0.0096
E02000786,Richmond upon Thames 003,E09000027,Richmond upon Thames,71,185.24,125.0,4.82,210.2,788000.0,682500.0,0.15457876026630402,100.0,100.0,29.0,142.0,london,2307.0,29656.0,0.0376,27684.0,0.0351,0.0025
E02006972,Hounslow 030,E09000018,Hounslow,73,192.18,160.0,4.55,246.3,576250.0,492500.0,0.1700507551431656,88.0,100.0,43.0,158.0,london,1922.0,37960.0,0.0659,23064.0,0.04,0.0259
E02000847,Sutton 008,E09000029,Sutton,16,96.88,57.0,4.8,195.9,558000.0,350000.0,0.5942857265472412,21.0,100.0,22.0,94.0,london,1547.0,13523.0,0.0242,18564.0,0.0333,-0.0091
E02000304,Enfield 028,E09000010,Enfield,23,119.48,88.0,4.67,243.9,840000.0,702500.0,0.19572953879833221,75.0,100.0,45.0,145.0,london,1775.0,20878.0,0.0249,21300.0,0.0254,-0.0005
E02000062,Barnet 039,E09000003,Barnet,74,148.28,139.5,4.63,265.1,525000.0,422500.0,0.24260355532169342,71.0,100.0,52.0,123.0,london,1931.0,33096.0,0.063,23172.0,0.0441,0.0189
E02000705,Merton 017,E09000024,Merton,27,95.15,68.0,4.52,255.6,497500.0,343500.0,0.448326051235199,32.0,100.0,21.0,99.0,london,2097.0,16133.0,0.0324,25164.0,0.0506,-0.0182
E02000796,Richmond upon Thames 013,E09000027,Richmond upon Thames,20,89.05,74.0,4.57,263.3,617500.0,432000.0,0.42939814925193787,37.0,99.0,29.0,142.0,london,2307.0,17556.0,0.0284,27684.0,0.0448,-0.0164
E02000495,Hillingdon 002,E09000017,Hillingdon,26,84.42,73.0,4.71,216.0,575000.0,401350.0,0.43266475200653076,92.0,100.0,46.0,193.0,london,1553.0,17319.0,0.0301,18636.0,0.0324,-0.0023
E02000028,Barnet 005,E09000003,Barnet,15,171.47,143.0,4.72,311.3,585000.0,403000.0,0.4516128897666931,95.0,100.0,52.0,123.0,london,1931.0,33927.0,0.058,23172.0,0.0396,0.0184
E02000159,Bromley 033,E09000006,Bromley,9,139.89,141.0,4.43,264.0,715000.0,562500.0,0.2711111009120941,0.0,17.0,48.0,154.0,london,1673.0,33452.0,0.0468,20076.0,0.0281,0.0187
E02006793,Enfield 037,E09000010,Enfield,16,109.81,77.5,4.18,221.2,365000.0,210000.0,0.738095223903656,82.0,100.0,45.0,145.0,london,1775.0,18387.0,0.0504,21300.0,0.0584,-0.008
E02000344,Greenwich 032,E09000011,Greenwich,15,795.13,51.0,4.81,233.1,550000.0,379998.0,0.4473760426044464,67.0,100.0,38.0,144.0,london,1949.0,12100.0,0.022,23388.0,0.0425,-0.0205
E02000541,Hounslow 016,E09000018,Hounslow,12,83.25,72.0,4.51,267.1,492500.0,310000.0,0.5887096524238586,86.0,100.0,43.0,158.0,london,1922.0,17082.0,0.0347,23064.0,0.0468,-0.0121
E02000147,Bromley 021,E09000006,Bromley,17,92.94,60.0,4.61,260.0,775000.0,611500.0,0.26737532019615173,31.0,100.0,48.0,154.0,london,1673.0,14235.0,0.0184,20076.0,0.0259,-0.0075
E02000525,Hillingdon 032,E09000017,Hillingdon,53,107.34,61.0,4.57,251.2,372500.0,243000.0,0.5329217910766602,33.0,55.0,46.0,193.0,london,1553.0,14472.0,0.0389,18636.0,0.05,-0.0111
E02000436,Harrow 004,E09000015,Harrow,4,257.5,232.0,4.9,235.3,950000.0,640000.0,0.484375,55.0,92.0,32.0,73.0,london,1755.0,55042.0,0.0579,21060.0,0.0222,0.0357
E02007018,Redbridge 038,E09000026,Redbridge,17,108.24,84.0,4.44,300.4,287500.0,238750.0,0.2041884809732437,80.0,100.0,45.0,76.0,london,1724.0,19929.0,0.0693,20688.0,0.072,-0.0027
E02000614,Kingston upon Thames 017,E09000021,Kingston upon Thames,13,122.62,80.0,4.85,216.6,485000.0,269950.0,0.796629011631012,71.0,100.0,20.0,69.0,london,1799.0,18980.0,0.0391,21588.0,0.0445,-0.0054
E02000431,Haringey 035,E09000014,Haringey,48,274.27,100.0,4.68,202.5,710000.0,625000.0,0.13600000739097595,96.0,100.0,36.0,141.0,london,2214.0,23725.0,0.0334,26568.0,0.0374,-0.004
E02006801,Lambeth 036,E09000022,Lambeth,255,912.41,201.0,4.58,228.2,605000.0,655000.0,-0.07633587718009949,100.0,100.0,44.0,229.0,london,2529.0,47687.0,0.0788,30348.0,0.0502,0.0286
E02007110,Hackney 032,E09000012,Hackney,219,197.12,172.0,4.66,212.3,575000.0,650000.0,-0.11538461595773697,100.0,100.0,38.0,189.0,london,2615.0,40807.0,0.071,31380.0,0.0546,0.0164
E02000209,Croydon 016,E09000008,Croydon,25,45.28,35.0,4.45,216.2,388750.0,250000.0,0.5550000071525574,89.0,100.0,51.0,127.0,london,1565.0,8304.0,0.0214,18780.0,0.0483,-0.0269
E02000668,Lewisham 016,E09000023,Lewisham,35,91.63,94.0,4.54,171.5,560000.0,450000.0,0.24444444477558136,100.0,100.0,36.0,154.0,london,1816.0,22302.0,0.0398,21792.0,0.0389,0.0009
E02000295,Enfield 019,E09000010,Enfield,20,77.35,48.5,4.2,274.3,563750.0,422500.0,0.334319531917572,60.0,100.0,45.0,145.0,london,1775.0,11507.0,0.0204,21300.0,0.0378,-0.0174
E02000518,Hillingdon 025,E09000017,Hillingdon,20,102.95,73.0,4.66,255.7,475000.0,303000.0,0.5676567554473877,36.0,86.0,46.0,193.0,london,1553.0,17319.0,0.0365,18636.0,0.0392,-0.0027
E02000835,Southwark 029,E09000028,Southwark,41,122.07,105.0,4.87,177.1,556250.0,430000.0,0.29360464215278625,53.0,100.0,45.0,296.0,london,2395.0,24911.0,0.0448,28740.0,0.0517,-0.0069
E02000671,Lewisham 019,E09000023,Lewisham,57,117.68,77.0,4.35,214.4,562500.0,425000.0,0.3235294222831726,96.0,100.0,36.0,154.0,london,1816.0,18268.0,0.0325,21792.0,0.0387,-0.0062
E02000807,Southwark 001,E09000028,Southwark,74,108.88,80.0,4.58,176.8,558750.0,485000.0,0.1520618498325348,79.0,100.0,45.0,296.0,london,2395.0,18980.0,0.034,28740.0,0.0514,-0.0174
E02000572,Islington 019,E09000019,Islington,154,191.56,143.0,4.71,194.6,535000.0,500000.0,0.07000000029802322,100.0,100.0,33.0,194.0,london,2811.0,33927.0,0.0634,33732.0,0.0631,0.0003
E02000561,Islington 008,E09000019,Islington,61,140.75,111.0,4.68,215.0,705000.0,565000.0,0.24778760969638824,100.0,100.0,33.0,194.0,london,2811.0,26335.0,0.0374,33732.0,0.0478,-0.0104
E02000066,Bexley 002,E09000004,Bexley,30,271.6,109.5,4.49,252.9,348000.0,236000.0,0.47457626461982727,89.0,100.0,28.0,91.0,london,1525.0,25979.0,0.0747,18300.0,0.0526,0.0221
E02000264,Ealing 027,E09000009,Ealing,62,108.85,89.0,4.83,201.1,625000.0,565000.0,0.10619468986988068,100.0,100.0,71.0,183.0,london,2057.0,21115.0,0.0338,24684.0,0.0395,-0.0057
E02000178,Camden 013,E09000007,Camden,92,197.05,99.0,4.61,210.1,616806.0,512500.0,0.2035239040851593,100.0,100.0,34.0,153.0,london,2724.0,23488.0,0.0381,32688.0,0.053,-0.0149
E02000139,Bromley 013,E09000006,Bromley,23,97.61,99.0,4.84,191.9,548900.0,381500.0,0.43879422545433044,100.0,100.0,48.0,154.0,london,1673.0,23488.0,0.0428,20076.0,0.0366,0.0062
E02000650,Lambeth 033,E09000022,Lambeth,32,91.56,83.0,4.82,207.1,486250.0,397500.0,0.223270446062088,100.0,100.0,44.0,229.0,london,2529.0,19692.0,0.0405,30348.0,0.0624,-0.0219
E02000587,Kensington and Chelsea 011,E09000020,Kensington and Chelsea,160,329.13,264.5,4.64,217.1,1527500.0,1425000.0,0.07192982733249664,100.0,100.0,31.0,61.0,london,3597.0,62753.0,0.0411,43164.0,0.0283,0.0128
E02000218,Croydon 025,E09000008,Croydon,3,36.67,41.0,4.81,194.0,580000.0,420399.0,0.37964171171188354,0.0,100.0,51.0,127.0,london,1565.0,9727.0,0.0168,18780.0,0.0324,-0.0156
E02000655,Lewisham 003,E09000023,Lewisham,51,121.1,103.0,4.72,215.8,475400.0,282000.0,0.6858156323432922,100.0,100.0,36.0,154.0,london,1816.0,24437.0,0.0514,21792.0,0.0458,0.0056
E02000660,Lewisham 008,E09000023,Lewisham,68,120.4,100.0,4.75,191.9,511000.0,370000.0,0.38108107447624207,100.0,100.0,36.0,154.0,london,1816.0,23725.0,0.0464,21792.0,0.0426,0.0038
E02000912,Waltham Forest 018,E09000031,Waltham Forest,43,102.49,86.0,4.62,178.2,628750.0,396000.0,0.5877525210380554,96.0,100.0,39.0,99.0,london,1758.0,20404.0,0.0325,21096.0,0.0336,-0.0011
E02000890,Tower Hamlets 027,E09000030,Tower Hamlets,79,388.89,203.0,4.79,220.8,624999.0,565500.0,0.10521485656499863,100.0,100.0,33.0,238.0,london,2410.0,48162.0,0.0771,28920.0,0.0463,0.0308
E02000661,Lewisham 009,E09000023,Lewisham,27,136.15,116.0,4.71,195.1,625000.0,425000.0,0.47058823704719543,100.0,100.0,36.0,154.0,london,1816.0,27521.0,0.044,21792.0,0.0349,0.0091
E02000817,Southwark 011,E09000028,Southwark,49,102.94,77.0,4.54,170.7,345000.0,345000.0,0.0,100.0,100.0,45.0,296.0,london,2395.0,18268.0,0.053,28740.0,0.0833,-0.0303
E02000440,Harrow 008,E09000015,Harrow,12,230.67,101.5,4.64,287.8,620000.0,532500.0,0.16431924700737,21.0,100.0,32.0,73.0,london,1755.0,24081.0,0.0388,21060.0,0.034,0.0048
E02000861,Sutton 022,E09000029,Sutton,9,61.67,65.0,4.81,280.2,820000.0,580000.0,0.4137931168079376,64.0,100.0,22.0,94.0,london,1547.0,15421.0,0.0188,18564.0,0.0226,-0.0038
E02000397,Haringey 001,E09000014,Haringey,29,172.62,73.0,4.75,180.3,500000.0,369450.0,0.3533630967140198,100.0,100.0,36.0,141.0,london,2214.0,17319.0,0.0346,26568.0,0.0531,-0.0185
E02006799,Barking and Dagenham 023,E09000002,Barking and Dagenham,19,98.84,80.0,4.6,263.7,380000.0,250000.0,0.5199999809265137,72.0,100.0,38.0,86.0,london,1688.0,18980.0,0.0499,20256.0,0.0533,-0.0034
E02000551,Hounslow 026,E09000018,Hounslow,17,202.06,148.0,4.84,170.8,410000.0,264750.0,0.5486307740211487,0.0,92.0,43.0,158.0,london,1922.0,35113.0,0.0856,23064.0,0.0563,0.0293
E02000550,Hounslow 025,E09000018,Hounslow,15,76.93,86.0,4.9,226.1,380000.0,265000.0,0.43396225571632385,77.0,100.0,43.0,158.0,london,1922.0,20404.0,0.0537,23064.0,0.0607,-0.007
E02000305,Enfield 029,E09000010,Enfield,19,108.63,90.0,4.83,204.9,561000.0,420000.0,0.33571428060531616,100.0,100.0,45.0,145.0,london,1775.0,21352.0,0.0381,21300.0,0.038,0.0001
E02000633,Lambeth 016,E09000022,Lambeth,110,109.84,96.0,4.72,192.9,502500.0,491000.0,0.02342158928513527,100.0,100.0,44.0,229.0,london,2529.0,22776.0,0.0453,30348.0,0.0604,-0.0151
E02000180,Camden 015,E09000007,Camden,134,188.96,161.5,4.69,173.2,675255.0,529975.0,0.2741261422634125,91.0,100.0,34.0,153.0,london,2724.0,38316.0,0.0567,32688.0,0.0484,0.0083
E02000580,Kensington and Chelsea 004,E09000020,Kensington and Chelsea,224,257.51,200.0,4.76,190.7,800000.0,725000.0,0.1034482792019844,100.0,100.0,31.0,61.0,london,3597.0,47450.0,0.0593,43164.0,0.054,0.0053
E02000739,Newham 026,E09000025,Newham,23,159.74,60.0,4.68,251.3,430000.0,280000.0,0.5357142686843872,79.0,100.0,48.0,161.0,london,1918.0,14235.0,0.0331,23016.0,0.0535,-0.0204
E02000253,Ealing 016,E09000009,Ealing,36,66.97,48.5,4.86,217.3,522500.0,376250.0,0.3887043297290802,90.0,100.0,71.0,183.0,london,2057.0,11507.0,0.022,24684.0,0.0472,-0.0252
E02000621,Lambeth 004,E09000022,Lambeth,389,256.72,190.0,4.7,199.1,625000.0,586250.0,0.06609807908535004,100.0,100.0,44.0,229.0,london,2529.0,45078.0,0.0721,30348.0,0.0486,0.0235
E02000350,Hackney 006,E09000012,Hackney,56,186.55,114.5,4.8,186.4,530000.0,465250.0,0.1391724944114685,100.0,100.0,38.0,189.0,london,2615.0,27165.0,0.0513,31380.0,0.0592,-0.0079
E02000879,Tower Hamlets 016,E09000030,Tower Hamlets,73,123.73,99.0,4.63,196.7,432500.0,400000.0,0.08124999701976776,100.0,100.0,33.0,238.0,london,2410.0,23488.0,0.0543,28920.0,0.0669,-0.0126
E02000814,Southwark 008,E09000028,Southwark,107,128.91,108.0,4.67,191.7,495000.0,420000.0,0.1785714328289032,76.0,100.0,45.0,296.0,london,2395.0,25623.0,0.0518,28740.0,0.0581,-0.0063
E02000362,Hackney 018,E09000012,Hackney,90,148.91,113.0,4.76,190.0,565000.0,317750.0,0.7781274318695068,100.0,100.0,38.0,189.0,london,2615.0,26809.0,0.0474,31380.0,0.0555,-0.0081
E02000867,Tower Hamlets 004,E09000030,Tower Hamlets,105,119.08,93.0,4.69,181.8,425000.0,370000.0,0.14864864945411682,100.0,100.0,33.0,238.0,london,2410.0,22064.0,0.0519,28920.0,0.068,-0.0161
E02000894,Tower Hamlets 031,E09000030,Tower Hamlets,91,133.82,128.0,4.62,172.7,465750.0,407500.0,0.14294478297233582,100.0,100.0,33.0,238.0,london,2410.0,30368.0,0.0652,28920.0,0.0621,0.0031
E02000024,Barnet 001,E09000003,Barnet,23,130.3,115.0,4.8,261.5,620000.0,499950.0,0.24012401700019836,62.0,100.0,52.0,123.0,london,1931.0,27284.0,0.044,23172.0,0.0374,0.0066
E02007114,Tower Hamlets 036,E09000030,Tower Hamlets,138,161.07,148.5,4.68,236.1,495000.0,395000.0,0.2531645596027374,100.0,100.0,33.0,238.0,london,2410.0,35232.0,0.0712,28920.0,0.0584,0.0128
E02000410,Haringey 014,E09000014,Haringey,34,167.06,133.0,4.79,187.7,702500.0,605000.0,0.16115702688694,0.0,100.0,36.0,141.0,london,2214.0,31554.0,0.0449,26568.0,0.0378,0.0071
E02000050,Barnet 027,E09000003,Barnet,23,103.39,82.0,4.75,198.6,563000.0,385000.0,0.4623376727104187,26.0,100.0,52.0,123.0,london,1931.0,19454.0,0.0346,23172.0,0.0412,-0.0066
E02000208,Croydon 015,E09000008,Croydon,28,88.75,71.0,4.39,300.6,286500.0,215000.0,0.33255812525749207,51.0,100.0,51.0,127.0,london,1565.0,16845.0,0.0588,18780.0,0.0655,-0.0067
E02000404,Haringey 008,E09000014,Haringey,36,122.39,92.0,4.7,221.2,575000.0,333000.0,0.7267267107963562,67.0,100.0,36.0,141.0,london,2214.0,21827.0,0.038,26568.0,0.0462,-0.0082
E02000508,Hillingdon 015,E09000017,Hillingdon,50,108.6,76.5,4.72,277.4,391500.0,334250.0,0.17127898335456848,50.0,100.0,46.0,193.0,london,1553.0,18150.0,0.0464,18636.0,0.0476,-0.0012
E02000546,Hounslow 021,E09000018,Hounslow,13,62.46,50.0,4.75,276.6,370000.0,285000.0,0.2982456088066101,44.0,100.0,43.0,158.0,london,1922.0,11862.0,0.0321,23064.0,0.0623,-0.0302
E02000163,Bromley 037,E09000006,Bromley,24,100.79,71.0,4.59,309.1,663000.0,460000.0,0.44130435585975647,35.0,92.0,48.0,154.0,london,1673.0,16845.0,0.0254,20076.0,0.0303,-0.0049
E02000464,Havering 001,E09000016,Havering,19,113.68,71.0,4.48,266.3,415000.0,275000.0,0.5090909004211426,0.0,13.0,37.0,119.0,london,1565.0,16845.0,0.0406,18780.0,0.0453,-0.0047
E02000212,Croydon 019,E09000008,Croydon,22,80.68,83.0,4.41,224.2,370000.0,250000.0,0.47999998927116394,94.0,100.0,51.0,127.0,london,1565.0,19692.0,0.0532,18780.0,0.0508,0.0024
E02000211,Croydon 018,E09000008,Croydon,11,125.27,48.0,4.79,294.6,464000.0,350000.0,0.3257142901420593,20.0,93.0,51.0,127.0,london,1565.0,11388.0,0.0245,18780.0,0.0405,-0.016
E02000515,Hillingdon 022,E09000017,Hillingdon,35,92.74,78.0,4.61,262.0,385000.0,250000.0,0.5400000214576721,34.0,100.0,46.0,193.0,london,1553.0,18506.0,0.0481,18636.0,0.0484,-0.0003
E02000972,Westminster 013,E09000033,Westminster,990,345.5,268.0,4.68,222.2,1250000.0,1190000.0,0.05042016878724098,100.0,100.0,41.0,97.0,london,3149.0,63583.0,0.0509,37788.0,0.0302,0.0207
E02000056,Barnet 033,E09000003,Barnet,40,263.2,102.5,4.41,291.5,1657500.0,993750.0,0.6679245233535767,41.0,100.0,52.0,123.0,london,1931.0,24318.0,0.0147,23172.0,0.014,0.0007
E02000334,Greenwich 022,E09000011,Greenwich,24,139.29,107.0,4.67,226.9,517500.0,325000.0,0.5923076868057251,31.0,94.0,38.0,144.0,london,1949.0,25386.0,0.0491,23388.0,0.0452,0.0039
E02000376,Hammersmith and Fulham 005,E09000013,Hammersmith and Fulham,126,148.06,120.5,4.68,169.0,550000.0,570000.0,-0.035087719559669495,100.0,100.0,27.0,96.0,london,2755.0,28589.0,0.052,33060.0,0.0601,-0.0081
E02000885,Tower Hamlets 022,E09000030,Tower Hamlets,125,121.68,74.0,4.56,243.4,393750.0,350000.0,0.125,100.0,100.0,33.0,238.0,london,2410.0,17556.0,0.0446,28920.0,0.0734,-0.0288
E02000387,Hammersmith and Fulham 016,E09000013,Hammersmith and Fulham,66,160.56,113.0,4.61,202.4,625000.0,695500.0,-0.10136592388153076,100.0,100.0,27.0,96.0,london,2755.0,26809.0,0.0429,33060.0,0.0529,-0.01
E02000560,Islington 007,E09000019,Islington,100,868.42,101.0,4.67,188.0,570000.0,437500.0,0.3028571307659149,100.0,100.0,33.0,194.0,london,2811.0,23962.0,0.042,33732.0,0.0592,-0.0172
E02006784,Lewisham 038,E09000023,Lewisham,24,128.75,56.0,4.56,246.0,387000.0,280000.0,0.3821428716182709,50.0,100.0,36.0,154.0,london,1816.0,13286.0,0.0343,21792.0,0.0563,-0.022
E02000719,Newham 006,E09000025,Newham,51,104.39,66.0,4.7,237.0,423300.0,300000.0,0.41100001335144043,100.0,100.0,48.0,161.0,london,1918.0,15658.0,0.037,23016.0,0.0544,-0.0174
E02000265,Ealing 028,E09000009,Ealing,43,132.91,85.0,4.57,222.8,589250.0,485000.0,0.21494846045970917,79.0,100.0,71.0,183.0,london,2057.0,20166.0,0.0342,24684.0,0.0419,-0.0077
E02007115,Camden 029,E09000007,Camden,414,153.64,119.0,4.53,205.7,523000.0,509500.0,0.026496564969420433,100.0,100.0,34.0,153.0,london,2724.0,28233.0,0.054,32688.0,0.0625,-0.0085
E02000704,Merton 016,E09000024,Merton,59,124.85,103.0,4.69,214.9,469500.0,442500.0,0.06101695075631142,97.0,100.0,21.0,99.0,london,2097.0,24437.0,0.052,25164.0,0.0536,-0.0016
E02006918,Hackney 028,E09000012,Hackney,80,110.69,85.5,4.81,195.2,370000.0,320000.0,0.15625,100.0,100.0,38.0,189.0,london,2615.0,20285.0,0.0548,31380.0,0.0848,-0.03
E02000839,Southwark 033,E09000028,Southwark,30,188.33,103.5,4.77,154.9,487500.0,375250.0,0.29913389682769775,100.0,100.0,45.0,296.0,london,2395.0,24555.0,0.0504,28740.0,0.059,-0.0086
E02000401,Haringey 005,E09000014,Haringey,21,98.67,65.0,4.75,257.6,468000.0,336550.0,0.3905808925628662,5.0,100.0,36.0,141.0,london,2214.0,15421.0,0.033,26568.0,0.0568,-0.0238
E02000437,Harrow 005,E09000015,Harrow,11,104.55,89.0,4.7,235.1,577000.0,445000.0,0.2966292202472687,26.0,97.0,32.0,73.0,london,1755.0,21115.0,0.0366,21060.0,0.0365,0.0001
E02000122,Brent 030,E09000005,Brent,112,207.8,151.0,4.72,207.8,986000.0,825000.0,0.19515150785446167,96.0,100.0,61.0,123.0,london,1990.0,35825.0,0.0363,23880.0,0.0242,0.0121
E02000270,Ealing 033,E09000009,Ealing,78,114.03,96.5,4.8,220.4,517500.0,475000.0,0.08947368711233139,100.0,100.0,71.0,183.0,london,2057.0,22895.0,0.0442,24684.0,0.0477,-0.0035
E02006788,Croydon 045,E09000008,Croydon,22,94.95,66.0,4.86,266.4,480125.0,313750.0,0.5302788615226746,100.0,100.0,51.0,127.0,london,1565.0,15658.0,0.0326,18780.0,0.0391,-0.0065
E02000645,Lambeth 028,E09000022,Lambeth,46,95.39,74.0,4.82,236.1,502500.0,375000.0,0.3400000035762787,97.0,100.0,44.0,229.0,london,2529.0,17556.0,0.0349,30348.0,0.0604,-0.0255
E02000793,Richmond upon Thames 010,E09000027,Richmond upon Thames,40,131.03,104.0,4.73,263.1,587500.0,435000.0,0.35057470202445984,92.0,100.0,29.0,142.0,london,2307.0,24674.0,0.042,27684.0,0.0471,-0.0051
E02000385,Hammersmith and Fulham 014,E09000013,Hammersmith and Fulham,158,185.58,131.0,4.55,206.0,625000.0,600000.0,0.0416666679084301,100.0,100.0,27.0,96.0,london,2755.0,31080.0,0.0497,33060.0,0.0529,-0.0032
E02000838,Southwark 032,E09000028,Southwark,55,204.07,148.0,4.85,212.1,585000.0,450000.0,0.30000001192092896,3.0,100.0,45.0,296.0,london,2395.0,35113.0,0.06,28740.0,0.0491,0.0109
E02000051,Barnet 028,E09000003,Barnet,41,160.76,127.0,4.69,239.4,710000.0,547500.0,0.29680365324020386,46.0,100.0,52.0,123.0,london,1931.0,30131.0,0.0424,23172.0,0.0326,0.0098
E02000788,Richmond upon Thames 005,E09000027,Richmond upon Thames,46,152.17,88.0,4.87,210.8,990000.0,840000.0,0.1785714328289032,96.0,100.0,29.0,142.0,london,2307.0,20878.0,0.0211,27684.0,0.028,-0.0069
E02000032,Barnet 009,E09000003,Barnet,19,76.84,52.0,4.57,254.9,745000.0,554500.0,0.34355273842811584,28.0,100.0,52.0,123.0,london,1931.0,12337.0,0.0166,23172.0,0.0311,-0.0145
E02000272,Ealing 035,E09000009,Ealing,28,116.18,90.0,4.81,203.3,833750.0,705000.0,0.18262411653995514,64.0,100.0,71.0,183.0,london,2057.0,21352.0,0.0256,24684.0,0.0296,-0.004
E02000785,Richmond upon Thames 002,E09000027,Richmond upon Thames,99,169.87,132.0,4.81,224.6,900000.0,777500.0,0.15755626559257507,100.0,100.0,29.0,142.0,london,2307.0,31317.0,0.0348,27684.0,0.0308,0.004
E02000658,Lewisham 006,E09000023,Lewisham,65,101.83,86.0,4.85,190.8,525000.0,388000.0,0.3530927896499634,100.0,100.0,36.0,154.0,london,1816.0,20404.0,0.0389,21792.0,0.0415,-0.0026
E02000519,Hillingdon 026,E09000017,Hillingdon,25,66.44,60.0,4.61,260.0,450000.0,313750.0,0.4342629611492157,6.0,90.0,46.0,193.0,london,1553.0,14235.0,0.0316,18636.0,0.0414,-0.0098
E02000276,Ealing 039,E09000009,Ealing,37,167.65,115.0,4.81,204.8,555000.0,437500.0,0.2685714364051819,100.0,100.0,71.0,183.0,london,2057.0,27284.0,0.0492,24684.0,0.0445,0.0047
E02000765,Redbridge 015,E09000026,Redbridge,15,118.27,101.0,4.82,260.3,560000.0,386000.0,0.45077720284461975,100.0,100.0,45.0,76.0,london,1724.0,23962.0,0.0428,20688.0,0.0369,0.0059
E02000052,Barnet 029,E09000003,Barnet,60,105.0,88.0,4.73,268.6,600000.0,500000.0,0.20000000298023224,75.0,100.0,52.0,123.0,london,1931.0,20878.0,0.0348,23172.0,0.0386,-0.0038
E02000073,Bexley 009,E09000004,Bexley,17,105.29,59.0,4.59,274.3,500000.0,345000.0,0.4492753744125366,30.0,100.0,28.0,91.0,london,1525.0,13998.0,0.028,18300.0,0.0366,-0.0086
E02000609,Kingston upon Thames 012,E09000021,Kingston upon Thames,17,124.59,74.0,4.86,167.5,647500.0,490000.0,0.3214285671710968,84.0,100.0,20.0,69.0,london,1799.0,17556.0,0.0271,21588.0,0.0333,-0.0062
E02000706,Merton 018,E09000024,Merton,20,94.3,63.0,4.64,169.3,407500.0,270000.0,0.5092592835426331,98.0,100.0,21.0,99.0,london,2097.0,14947.0,0.0367,25164.0,0.0618,-0.0251
E02000111,Brent 019,E09000005,Brent,15,197.2,173.0,4.59,241.1,542500.0,366000.0,0.4822404384613037,100.0,100.0,61.0,123.0,london,1990.0,41044.0,0.0757,23880.0,0.044,0.0317
E02000565,Islington 012,E09000019,Islington,75,142.65,140.0,4.78,179.8,662500.0,572500.0,0.1572052389383316,100.0,100.0,33.0,194.0,london,2811.0,33215.0,0.0501,33732.0,0.0509,-0.0008
E02000001,City of London 001,E09000001,City of London,429,356.14,252.0,4.56,259.1,762500.0,823750.0,-0.07435508072376251,100.0,100.0,,12.0,london,,59787.0,0.0784,,,
E02000221,Croydon 028,E09000008,Croydon,32,125.31,94.5,4.52,275.7,385000.0,286000.0,0.3461538553237915,77.0,100.0,51.0,127.0,london,1565.0,22420.0,0.0582,18780.0,0.0488,0.0094
E02000913,Waltham Forest 019,E09000031,Waltham Forest,30,127.73,100.5,4.64,250.1,650250.0,415000.0,0.566867470741272,100.0,100.0,39.0,99.0,london,1758.0,23844.0,0.0367,21096.0,0.0324,0.0043
E02000424,Haringey 028,E09000014,Haringey,43,128.16,101.0,4.83,203.7,643750.0,540000.0,0.19212962687015533,100.0,100.0,36.0,141.0,london,2214.0,23962.0,0.0372,26568.0,0.0413,-0.0041
E02000639,Lambeth 022,E09000022,Lambeth,53,85.28,63.0,4.86,190.9,383000.0,314500.0,0.21780604124069214,45.0,100.0,44.0,229.0,london,2529.0,14947.0,0.039,30348.0,0.0792,-0.0402
E02000126,Brent 034,E09000005,Brent,98,203.05,136.0,4.74,217.3,575000.0,475000.0,0.21052631735801697,100.0,100.0,61.0,123.0,london,1990.0,32266.0,0.0561,23880.0,0.0415,0.0146
E02000574,Islington 021,E09000019,Islington,287,212.07,152.0,4.54,197.7,777575.0,725000.0,0.07251723855733871,100.0,100.0,33.0,194.0,london,2811.0,36062.0,0.0464,33732.0,0.0434,0.003
E02000573,Islington 020,E09000019,Islington,169,188.59,152.0,4.68,171.2,835000.0,764500.0,0.09221713244915009,100.0,100.0,33.0,194.0,london,2811.0,36062.0,0.0432,33732.0,0.0404,0.0028
E02000328,Greenwich 016,E09000011,Greenwich,40,115.2,104.5,4.84,179.3,550000.0,480000.0,0.1458333283662796,100.0,100.0,38.0,144.0,london,1949.0,24793.0,0.0451,23388.0,0.0425,0.0026
E02000920,Waltham Forest 026,E09000031,Waltham Forest,85,96.95,68.0,4.52,227.4,467500.0,299975.0,0.5584632158279419,90.0,100.0,39.0,99.0,london,1758.0,16133.0,0.0345,21096.0,0.0451,-0.0106
E02000834,Southwark 028,E09000028,Southwark,55,151.29,106.0,4.89,220.2,637500.0,536750.0,0.18770377337932587,67.0,100.0,45.0,296.0,london,2395.0,25149.0,0.0394,28740.0,0.0451,-0.0057
E02000169,Camden 004,E09000007,Camden,71,239.75,145.0,4.62,201.2,1180000.0,1290000.0,-0.08527132123708725,72.0,100.0,34.0,153.0,london,2724.0,34401.0,0.0292,32688.0,0.0277,0.0015
E02006968,Ealing 041,E09000009,Ealing,64,196.16,106.5,4.62,261.3,775000.0,589425.0,0.31484073400497437,96.0,100.0,71.0,183.0,london,2057.0,25267.0,0.0326,24684.0,0.0319,0.0007
E02006854,Tower Hamlets 033,E09000030,Tower Hamlets,176,273.85,198.0,4.63,249.9,640000.0,542000.0,0.180811807513237,100.0,100.0,33.0,238.0,london,2410.0,46976.0,0.0734,28920.0,0.0452,0.0282
E02000919,Waltham Forest 025,E09000031,Waltham Forest,57,103.82,76.0,4.68,214.1,620999.0,377500.0,0.6450304388999939,100.0,100.0,39.0,99.0,london,1758.0,18031.0,0.029,21096.0,0.034,-0.005
E02000758,Redbridge 008,E09000026,Redbridge,9,62.78,45.0,4.67,266.9,582500.0,392250.0,0.48502230644226074,0.0,72.0,45.0,76.0,london,1724.0,10676.0,0.0183,20688.0,0.0355,-0.0172
E02000029,Barnet 006,E09000003,Barnet,13,89.77,88.0,4.89,138.2,460000.0,309950.0,0.4841103255748749,90.0,100.0,52.0,123.0,london,1931.0,20878.0,0.0454,23172.0,0.0504,-0.005
E02000836,Southwark 030,E09000028,Southwark,45,149.18,129.0,4.78,232.9,810000.0,615000.0,0.31707316637039185,82.0,100.0,45.0,296.0,london,2395.0,30605.0,0.0378,28740.0,0.0355,0.0023
E02000540,Hounslow 015,E09000018,Hounslow,32,84.0,78.0,4.84,182.5,397500.0,288500.0,0.3778162896633148,100.0,100.0,43.0,158.0,london,1922.0,18506.0,0.0466,23064.0,0.058,-0.0114
E02000665,Lewisham 013,E09000023,Lewisham,36,265.83,108.0,4.78,223.1,630000.0,432500.0,0.4566473960876465,100.0,100.0,36.0,154.0,london,1816.0,25623.0,0.0407,21792.0,0.0346,0.0061
E02000763,Redbridge 013,E09000026,Redbridge,15,98.6,54.0,4.29,221.7,526500.0,334000.0,0.576347291469574,83.0,100.0,45.0,76.0,london,1724.0,12812.0,0.0243,20688.0,0.0393,-0.015
E02000543,Hounslow 018,E09000018,Hounslow,41,95.59,86.0,4.62,219.8,375000.0,263000.0,0.42585551738739014,100.0,100.0,43.0,158.0,london,1922.0,20404.0,0.0544,23064.0,0.0615,-0.0071
E02000895,Waltham Forest 001,E09000031,Waltham Forest,15,116.13,110.0,4.85,233.3,540000.0,360000.0,0.5,4.0,74.0,39.0,99.0,london,1758.0,26098.0,0.0483,21096.0,0.0391,0.0092
E02000197,Croydon 004,E09000008,Croydon,27,110.22,65.0,4.65,216.7,500000.0,360000.0,0.3888888955116272,89.0,100.0,51.0,127.0,london,1565.0,15421.0,0.0308,18780.0,0.0376,-0.0068
E02000035,Barnet 012,E09000003,Barnet,29,144.38,151.0,4.75,191.1,510000.0,426500.0,0.19577960669994354,100.0,100.0,52.0,123.0,london,1931.0,35825.0,0.0702,23172.0,0.0454,0.0248
E02000280,Enfield 004,E09000010,Enfield,8,145.88,83.0,4.81,268.9,495998.0,389000.0,0.27505913376808167,70.0,100.0,45.0,145.0,london,1775.0,19692.0,0.0397,21300.0,0.0429,-0.0032
E02000043,Barnet 020,E09000003,Barnet,14,145.07,119.0,4.85,247.6,882000.0,722500.0,0.220761239528656,89.0,100.0,52.0,123.0,london,1931.0,28233.0,0.032,23172.0,0.0263,0.0057
E02000327,Greenwich 015,E09000011,Greenwich,25,149.96,110.0,4.15,300.5,340000.0,275750.0,0.23300090432167053,40.0,100.0,38.0,144.0,london,1949.0,26098.0,0.0768,23388.0,0.0688,0.008
E02000039,Barnet 016,E09000003,Barnet,24,110.88,78.0,4.54,221.0,950000.0,510000.0,0.8627451062202454,70.0,100.0,52.0,123.0,london,1931.0,18506.0,0.0195,23172.0,0.0244,-0.0049
E02000037,Barnet 014,E09000003,Barnet,21,183.29,85.0,4.61,233.6,692000.0,570000.0,0.21403509378433228,33.0,100.0,52.0,123.0,london,1931.0,20166.0,0.0291,23172.0,0.0335,-0.0044
E02000407,Haringey 011,E09000014,Haringey,34,94.71,75.0,4.46,128.9,502500.0,322500.0,0.5581395626068115,100.0,100.0,36.0,141.0,london,2214.0,17794.0,0.0354,26568.0,0.0529,-0.0175
E02000445,Harrow 013,E09000015,Harrow,23,111.43,91.0,4.68,222.8,398750.0,290000.0,0.375,73.0,100.0,32.0,73.0,london,1755.0,21590.0,0.0541,21060.0,0.0528,0.0013
E02000722,Newham 009,E09000025,Newham,41,117.46,100.0,4.69,204.8,475000.0,315000.0,0.5079365372657776,100.0,100.0,48.0,161.0,london,1918.0,23725.0,0.0499,23016.0,0.0485,0.0014
E02000972,Westminster 013,E09000007,Camden,11,387.36,361.0,4.46,171.2,1250000.0,1190000.0,0.05042016878724098,100.0,100.0,34.0,153.0,london,2724.0,85647.0,0.0685,32688.0,0.0262,0.0423
E02000158,Bromley 032,E09000006,Bromley,7,138.86,171.0,4.76,279.0,590000.0,365000.0,0.6164383292198181,18.0,57.0,48.0,154.0,london,1673.0,40570.0,0.0688,20076.0,0.034,0.0348
E02000762,Redbridge 012,E09000026,Redbridge,14,88.0,57.0,4.88,261.5,625000.0,423750.0,0.47492626309394836,70.0,100.0,45.0,76.0,london,1724.0,13523.0,0.0216,20688.0,0.0331,-0.0115
E02000030,Barnet 007,E09000003,Barnet,20,164.5,104.5,4.54,275.3,912500.0,732500.0,0.24573378264904022,14.0,72.0,52.0,123.0,london,1931.0,24793.0,0.0272,23172.0,0.0254,0.0018
E02000497,Hillingdon 004,E09000017,Hillingdon,6,122.67,144.0,4.63,133.5,545000.0,425375.0,0.28122246265411377,33.0,100.0,46.0,193.0,london,1553.0,34164.0,0.0627,18636.0,0.0342,0.0285
E02000278,Enfield 002,E09000010,Enfield,8,112.5,62.5,4.48,292.8,447500.0,274750.0,0.6287534236907959,90.0,100.0,45.0,145.0,london,1775.0,14828.0,0.0331,21300.0,0.0476,-0.0145
E02000696,Merton 008,E09000024,Merton,25,91.56,61.0,4.78,216.2,470000.0,325000.0,0.446153849363327,88.0,100.0,21.0,99.0,london,2097.0,14472.0,0.0308,25164.0,0.0535,-0.0227
E02000151,Bromley 025,E09000006,Bromley,5,151.2,100.0,4.88,225.2,725000.0,520000.0,0.39423078298568726,84.0,100.0,48.0,154.0,london,1673.0,23725.0,0.0327,20076.0,0.0277,0.005
E02000294,Enfield 018,E09000010,Enfield,18,91.94,51.5,4.52,294.3,417500.0,300500.0,0.3893510699272156,58.0,100.0,45.0,145.0,london,1775.0,12218.0,0.0293,21300.0,0.051,-0.0217
E02000247,Ealing 010,E09000009,Ealing,9,74.78,61.0,4.98,244.4,320000.0,250000.0,0.2800000011920929,0.0,86.0,71.0,183.0,london,2057.0,14472.0,0.0452,24684.0,0.0771,-0.0319
E02000266,Ealing 029,E09000009,Ealing,32,97.59,78.5,4.55,253.8,422500.0,278750.0,0.5156950950622559,19.0,97.0,71.0,183.0,london,2057.0,18624.0,0.0441,24684.0,0.0584,-0.0143
E02000548,Hounslow 023,E09000018,Hounslow,16,91.13,66.5,4.82,201.3,447000.0,250000.0,0.7879999876022339,4.0,83.0,43.0,158.0,london,1922.0,15777.0,0.0353,23064.0,0.0516,-0.0163
E02000859,Sutton 020,E09000029,Sutton,12,55.0,48.0,4.82,246.3,320500.0,310000.0,0.03387096896767616,78.0,100.0,22.0,94.0,london,1547.0,11388.0,0.0355,18564.0,0.0579,-0.0224
E02000090,Bexley 026,E09000004,Bexley,16,240.88,95.0,4.91,275.1,415000.0,253000.0,0.6403161883354187,67.0,100.0,28.0,91.0,london,1525.0,22539.0,0.0543,18300.0,0.0441,0.0102
E02000513,Hillingdon 020,E09000017,Hillingdon,10,107.2,74.0,4.67,304.8,350000.0,275000.0,0.27272728085517883,0.0,0.0,46.0,193.0,london,1553.0,17556.0,0.0502,18636.0,0.0532,-0.003
E02007111,Hackney 033,E09000030,Tower Hamlets,3,307.0,181.0,4.92,305.7,634325.0,700000.0,-0.09382142871618271,100.0,100.0,33.0,238.0,london,2410.0,42942.0,0.0677,28920.0,0.0456,0.0221
E02000754,Redbridge 004,E09000026,Redbridge,8,106.5,64.5,4.54,163.9,600000.0,405000.0,0.48148149251937866,100.0,100.0,45.0,76.0,london,1724.0,15303.0,0.0255,20688.0,0.0345,-0.009
E02000619,Lambeth 002,E09000028,Southwark,1,106.0,106.0,4.87,4.0,447500.0,486750.0,-0.0806368738412857,100.0,100.0,45.0,296.0,london,2395.0,25149.0,0.0562,28740.0,0.0642,-0.008
E02000732,Newham 019,E09000025,Newham,13,78.38,66.0,4.67,229.7,403500.0,225000.0,0.7933333516120911,100.0,100.0,48.0,161.0,london,1918.0,15658.0,0.0388,23016.0,0.057,-0.0182
E02000004,Barking and Dagenham 003,E09000002,Barking and Dagenham,15,102.6,64.0,4.45,233.7,420000.0,265000.0,0.5849056839942932,0.0,90.0,38.0,86.0,london,1688.0,15184.0,0.0362,20256.0,0.0482,-0.012
E02000207,Croydon 014,E09000008,Croydon,42,100.33,79.0,4.54,264.9,421000.0,255000.0,0.6509804129600525,100.0,100.0,51.0,127.0,london,1565.0,18743.0,0.0445,18780.0,0.0446,-0.0001
E02000507,Hillingdon 014,E09000017,Hillingdon,11,97.36,59.0,4.55,258.4,515000.0,350000.0,0.4714285731315613,41.0,100.0,46.0,193.0,london,1553.0,13998.0,0.0272,18636.0,0.0362,-0.009
E02000576,Islington 023,E09000012,Hackney,1,135.0,135.0,4.69,100.0,620000.0,575000.0,0.0782608687877655,100.0,100.0,38.0,189.0,london,2615.0,32029.0,0.0517,31380.0,0.0506,0.0011
E02000842,Sutton 003,E09000029,Sutton,9,130.78,120.0,3.5,255.6,553250.0,364000.0,0.5199176073074341,26.0,100.0,22.0,94.0,london,1547.0,28470.0,0.0515,18564.0,0.0336,0.0179
E02000081,Bexley 017,E09000004,Bexley,20,107.25,76.0,4.55,291.0,435000.0,268000.0,0.6231343150138855,34.0,100.0,28.0,91.0,london,1525.0,18031.0,0.0415,18300.0,0.0421,-0.0006
E02000484,Havering 021,E09000016,Havering,8,149.25,77.5,4.78,261.0,482500.0,305000.0,0.5819672346115112,12.0,100.0,37.0,119.0,london,1565.0,18387.0,0.0381,18780.0,0.0389,-0.0008
E02000435,Harrow 003,E09000015,Harrow,12,75.75,56.5,4.57,88.8,600000.0,497500.0,0.20603014528751373,8.0,100.0,32.0,73.0,london,1755.0,13405.0,0.0223,21060.0,0.0351,-0.0128
E02000249,Ealing 012,E09000009,Ealing,11,79.18,78.0,4.68,297.1,425000.0,365500.0,0.1627907007932663,10.0,100.0,71.0,183.0,london,2057.0,18506.0,0.0435,24684.0,0.0581,-0.0146
E02000288,Enfield 012,E09000010,Enfield,20,84.05,68.5,4.74,312.0,425000.0,276500.0,0.5370705127716064,83.0,100.0,45.0,145.0,london,1775.0,16252.0,0.0382,21300.0,0.0501,-0.0119
E02000078,Bexley 014,E09000004,Bexley,10,89.4,64.0,4.71,225.5,441250.0,290000.0,0.5215517282485962,79.0,100.0,28.0,91.0,london,1525.0,15184.0,0.0344,18300.0,0.0415,-0.0071
E02000074,Bexley 010,E09000004,Bexley,14,101.43,87.5,4.8,302.4,330000.0,215000.0,0.5348837375640869,55.0,100.0,28.0,91.0,london,1525.0,20759.0,0.0629,18300.0,0.0555,0.0074
E02000254,Ealing 017,E09000009,Ealing,9,48.44,46.0,4.61,260.3,530000.0,300000.0,0.7666666507720947,0.0,94.0,71.0,183.0,london,2057.0,10914.0,0.0206,24684.0,0.0466,-0.026
E02000730,Newham 017,E09000025,Newham,15,65.93,50.0,4.19,262.1,427500.0,300000.0,0.42500001192092896,98.0,100.0,48.0,161.0,london,1918.0,11862.0,0.0277,23016.0,0.0538,-0.0261
E02000757,Redbridge 007,E09000026,Redbridge,18,115.06,102.5,4.89,130.8,468750.0,370000.0,0.2668918967247009,78.0,100.0,45.0,76.0,london,1724.0,24318.0,0.0519,20688.0,0.0441,0.0078
E02000478,Havering 015,E09000016,Havering,9,406.78,92.0,4.47,186.0,878750.0,610000.0,0.4405737817287445,53.0,100.0,37.0,119.0,london,1565.0,21827.0,0.0248,18780.0,0.0214,0.0034
E02000302,Enfield 026,E09000010,Enfield,12,115.92,105.0,4.56,247.3,575000.0,480000.0,0.1979166716337204,22.0,100.0,45.0,145.0,london,1775.0,24911.0,0.0433,21300.0,0.037,0.0063
E02000227,Croydon 034,E09000008,Croydon,6,54.83,50.5,4.59,204.7,372750.0,280000.0,0.33125001192092896,31.0,100.0,51.0,127.0,london,1565.0,11981.0,0.0321,18780.0,0.0504,-0.0183
E02006782,Bromley 040,E09000006,Bromley,19,108.95,61.0,4.5,248.1,505000.0,332500.0,0.518796980381012,52.0,100.0,48.0,154.0,london,1673.0,14472.0,0.0287,20076.0,0.0398,-0.0111
E02000442,Harrow 010,E09000015,Harrow,15,121.47,76.0,4.73,293.7,530000.0,397500.0,0.3333333432674408,96.0,100.0,32.0,73.0,london,1755.0,18031.0,0.034,21060.0,0.0397,-0.0057
E02000100,Brent 008,E09000005,Brent,24,171.92,89.0,4.6,276.0,652500.0,595000.0,0.09663865715265274,86.0,100.0,61.0,123.0,london,1990.0,21115.0,0.0324,23880.0,0.0366,-0.0042
E02000121,Brent 029,E09000005,Brent,24,147.79,93.0,4.6,179.7,547500.0,295922.0,0.8501496911048889,100.0,100.0,61.0,123.0,london,1990.0,22064.0,0.0403,23880.0,0.0436,-0.0033
E02000860,Sutton 021,E09000029,Sutton,17,99.53,59.0,4.87,244.6,318000.0,245000.0,0.29795917868614197,96.0,100.0,22.0,94.0,london,1547.0,13998.0,0.044,18564.0,0.0584,-0.0144
E02000978,Westminster 019,E09000020,Kensington and Chelsea,4,532.75,536.5,4.86,153.3,3625000.0,3150000.0,0.15079365670681,100.0,100.0,31.0,61.0,london,3597.0,127285.0,0.0351,43164.0,0.0119,0.0232
E02000588,Kensington and Chelsea 012,E09000033,Westminster,4,633.75,731.5,4.78,214.8,1900000.0,2350000.0,-0.19148936867713928,100.0,100.0,41.0,97.0,london,3149.0,173548.0,0.0913,37788.0,0.0199,0.0714
E02000611,Kingston upon Thames 014,E09000021,Kingston upon Thames,10,222.9,176.0,4.84,283.0,765000.0,542500.0,0.41013824939727783,73.0,100.0,20.0,69.0,london,1799.0,41756.0,0.0546,21588.0,0.0282,0.0264
E02000852,Sutton 013,E09000029,Sutton,20,123.1,115.0,4.62,213.0,455000.0,310000.0,0.4677419364452362,58.0,100.0,22.0,94.0,london,1547.0,27284.0,0.06,18564.0,0.0408,0.0192
E02000309,Enfield 033,E09000010,Enfield,22,124.91,91.5,4.86,282.8,375000.0,272499.0,0.37615182995796204,94.0,100.0,45.0,145.0,london,1775.0,21708.0,0.0579,21300.0,0.0568,0.0011
E02000263,Ealing 026,E09000009,Ealing,18,97.17,57.0,4.75,286.2,449130.0,304500.0,0.4749753773212433,75.0,100.0,71.0,183.0,london,2057.0,13523.0,0.0301,24684.0,0.055,-0.0249
E02000491,Havering 028,E09000016,Havering,44,127.98,76.5,4.31,287.9,416500.0,250000.0,0.6660000085830688,10.0,97.0,37.0,119.0,london,1565.0,18150.0,0.0436,18780.0,0.0451,-0.0015
E02000089,Bexley 025,E09000004,Bexley,7,193.86,61.0,4.91,217.4,545000.0,365000.0,0.4931506812572479,67.0,100.0,28.0,91.0,london,1525.0,14472.0,0.0266,18300.0,0.0336,-0.007
E02000095,Brent 003,E09000005,Brent,12,75.25,55.5,4.86,219.2,589000.0,449500.0,0.3103448152542114,84.0,100.0,61.0,123.0,london,1990.0,13167.0,0.0224,23880.0,0.0405,-0.0181
E02000467,Havering 004,E09000016,Havering,17,129.65,118.0,4.43,281.5,358750.0,230000.0,0.5597826242446899,7.0,74.0,37.0,119.0,london,1565.0,27996.0,0.078,18780.0,0.0523,0.0257
E02000727,Newham 014,E09000025,Newham,10,82.6,71.0,4.73,273.6,460000.0,250000.0,0.8399999737739563,100.0,100.0,48.0,161.0,london,1918.0,16845.0,0.0366,23016.0,0.05,-0.0134
E02000281,Enfield 005,E09000010,Enfield,15,104.07,87.0,4.81,206.8,450000.0,286000.0,0.5734265446662903,3.0,100.0,45.0,145.0,london,1775.0,20641.0,0.0459,21300.0,0.0473,-0.0014
E02000487,Havering 024,E09000016,Havering,1,76.0,76.0,5.0,302.0,770000.0,541250.0,0.42263278365135193,21.0,100.0,37.0,119.0,london,1565.0,18031.0,0.0234,18780.0,0.0244,-0.001
E02000225,Croydon 032,E09000008,Croydon,10,61.2,46.5,4.9,340.0,381600.0,267000.0,0.4292134940624237,75.0,100.0,51.0,127.0,london,1565.0,11032.0,0.0289,18780.0,0.0492,-0.0203
E02000736,Newham 023,E09000025,Newham,6,101.33,94.5,4.86,217.5,417500.0,269500.0,0.5491651296615601,22.0,100.0,48.0,161.0,london,1918.0,22420.0,0.0537,23016.0,0.0551,-0.0014
E02000613,Kingston upon Thames 016,E09000021,Kingston upon Thames,16,151.44,79.0,4.83,215.9,646500.0,439950.0,0.46948516368865967,3.0,100.0,20.0,69.0,london,1799.0,18743.0,0.029,21588.0,0.0334,-0.0044
E02000233,Croydon 040,E09000008,Croydon,6,130.0,135.5,3.0,329.3,492500.0,330000.0,0.49242424964904785,76.0,100.0,51.0,127.0,london,1565.0,32147.0,0.0653,18780.0,0.0381,0.0272
E02000898,Waltham Forest 004,E09000031,Waltham Forest,7,87.0,66.0,4.99,199.9,542500.0,380000.0,0.42763158679008484,20.0,100.0,39.0,99.0,london,1758.0,15658.0,0.0289,21096.0,0.0389,-0.01
E02000383,Hammersmith and Fulham 012,E09000020,Kensington and Chelsea,3,145.67,148.0,4.96,300.0,632500.0,600000.0,0.05416666716337204,100.0,100.0,31.0,61.0,london,3597.0,35113.0,0.0555,43164.0,0.0682,-0.0127
E02000844,Sutton 005,E09000029,Sutton,5,96.6,54.0,4.93,200.0,450000.0,296000.0,0.5202702879905701,35.0,100.0,22.0,94.0,london,1547.0,12812.0,0.0285,18564.0,0.0413,-0.0128
E02000453,Harrow 021,E09000015,Harrow,7,87.86,41.0,4.53,323.6,509500.0,358000.0,0.4231843650341034,100.0,100.0,32.0,73.0,london,1755.0,9727.0,0.0191,21060.0,0.0413,-0.0222
E02000745,Newham 032,E09000025,Newham,41,106.0,92.0,4.59,223.6,420000.0,258500.0,0.624758243560791,86.0,100.0,48.0,161.0,london,1918.0,21827.0,0.052,23016.0,0.0548,-0.0028
E02000731,Newham 018,E09000025,Newham,19,118.26,96.0,4.73,320.5,435000.0,300000.0,0.44999998807907104,91.0,100.0,48.0,161.0,london,1918.0,22776.0,0.0524,23016.0,0.0529,-0.0005
E02000902,Waltham Forest 008,E09000031,Waltham Forest,8,104.88,62.0,4.2,144.6,570000.0,361250.0,0.5778546929359436,39.0,100.0,39.0,99.0,london,1758.0,14710.0,0.0258,21096.0,0.037,-0.0112
E02000738,Newham 025,E09000025,Newham,7,67.0,56.0,3.9,233.3,463500.0,298000.0,0.5553691387176514,62.0,100.0,48.0,161.0,london,1918.0,13286.0,0.0287,23016.0,0.0497,-0.021
E02000282,Enfield 006,E09000010,Enfield,11,116.45,120.0,4.42,299.2,403750.0,240000.0,0.6822916865348816,34.0,100.0,45.0,145.0,london,1775.0,28470.0,0.0705,21300.0,0.0528,0.0177
E02000083,Bexley 019,E09000004,Bexley,20,108.1,110.0,4.77,247.2,380000.0,235000.0,0.6170212626457214,64.0,100.0,28.0,91.0,london,1525.0,26098.0,0.0687,18300.0,0.0482,0.0205
E02000222,Croydon 029,E09000008,Croydon,16,140.5,125.5,4.46,283.1,387500.0,295000.0,0.31355932354927063,100.0,100.0,51.0,127.0,london,1565.0,29775.0,0.0768,18780.0,0.0485,0.0283
E02000229,Croydon 036,E09000008,Croydon,4,41.0,43.5,4.88,284.8,372500.0,260000.0,0.4326923191547394,67.0,100.0,51.0,127.0,london,1565.0,10320.0,0.0277,18780.0,0.0504,-0.0227
E02000444,Harrow 012,E09000015,Harrow,5,73.0,72.0,4.87,149.2,617500.0,437500.0,0.4114285707473755,36.0,100.0,32.0,73.0,london,1755.0,17082.0,0.0277,21060.0,0.0341,-0.0064
E02000071,Bexley 007,E09000004,Bexley,11,83.09,44.0,4.78,319.6,405000.0,273000.0,0.48351648449897766,14.0,100.0,28.0,91.0,london,1525.0,10439.0,0.0258,18300.0,0.0452,-0.0194
E02000483,Havering 020,E09000016,Havering,7,78.71,86.0,4.75,295.9,487500.0,270000.0,0.8055555820465088,93.0,100.0,37.0,119.0,london,1565.0,20404.0,0.0419,18780.0,0.0385,0.0034
E02000616,Kingston upon Thames 019,E09000021,Kingston upon Thames,6,139.17,155.5,4.69,248.0,451050.0,328975.0,0.3710768222808838,86.0,100.0,20.0,69.0,london,1799.0,36892.0,0.0818,21588.0,0.0479,0.0339
E02000079,Bexley 015,E09000004,Bexley,22,81.86,52.0,4.78,288.1,393500.0,275000.0,0.43090909719467163,61.0,100.0,28.0,91.0,london,1525.0,12337.0,0.0314,18300.0,0.0465,-0.0151
E02000303,Enfield 027,E09000010,Enfield,13,110.54,87.0,4.84,235.2,376750.0,272500.0,0.3825688064098358,100.0,100.0,45.0,145.0,london,1775.0,20641.0,0.0548,21300.0,0.0565,-0.0017
E02000472,Havering 009,E09000016,Havering,15,101.53,58.0,4.66,237.6,463375.0,275000.0,0.6850000023841858,0.0,46.0,37.0,119.0,london,1565.0,13761.0,0.0297,18780.0,0.0405,-0.0108
E02000306,Enfield 030,E09000010,Enfield,15,93.07,92.0,4.76,226.6,265000.0,210000.0,0.261904776096344,81.0,100.0,45.0,145.0,london,1775.0,21827.0,0.0824,21300.0,0.0804,0.002
E02000342,Greenwich 030,E09000011,Greenwich,9,172.22,135.0,4.81,251.8,485000.0,290000.0,0.6724137663841248,50.0,100.0,38.0,144.0,london,1949.0,32029.0,0.066,23388.0,0.0482,0.0178
E02000020,Barking and Dagenham 019,E09000002,Barking and Dagenham,23,88.57,79.0,4.62,246.6,342500.0,200000.0,0.7124999761581421,72.0,100.0,38.0,86.0,london,1688.0,18743.0,0.0547,20256.0,0.0591,-0.0044
E02000113,Brent 021,E09000005,Brent,6,106.5,64.5,4.69,258.0,312500.0,249950.0,0.25025004148483276,62.0,100.0,61.0,123.0,london,1990.0,15303.0,0.049,23880.0,0.0764,-0.0274
E02000259,Ealing 022,E09000009,Ealing,18,149.28,107.0,4.85,261.1,450000.0,471500.0,-0.04559915140271187,83.0,100.0,71.0,183.0,london,2057.0,25386.0,0.0564,24684.0,0.0549,0.0015
E02000008,Barking and Dagenham 007,E09000002,Barking and Dagenham,11,79.55,49.0,4.73,235.2,370000.0,235000.0,0.5744680762290955,19.0,100.0,38.0,86.0,london,1688.0,11625.0,0.0314,20256.0,0.0547,-0.0233
E02000492,Havering 029,E09000016,Havering,15,104.4,91.0,4.14,308.8,450000.0,275000.0,0.6363636255264282,0.0,78.0,37.0,119.0,london,1565.0,21590.0,0.048,18780.0,0.0417,0.0063
E02000510,Hillingdon 017,E09000017,Hillingdon,27,91.41,72.0,4.53,241.5,515000.0,350000.0,0.4714285731315613,0.0,52.0,46.0,193.0,london,1553.0,17082.0,0.0332,18636.0,0.0362,-0.003
E02000077,Bexley 013,E09000004,Bexley,13,79.77,56.0,4.68,280.4,465250.0,297250.0,0.5651808381080627,64.0,100.0,28.0,91.0,london,1525.0,13286.0,0.0286,18300.0,0.0393,-0.0107
E02000493,Havering 030,E09000016,Havering,15,126.33,136.0,4.36,294.3,400000.0,241500.0,0.6563146710395813,95.0,100.0,37.0,119.0,london,1565.0,32266.0,0.0807,18780.0,0.047,0.0337
E02000241,Ealing 004,E09000009,Ealing,10,71.3,73.0,4.8,239.6,500000.0,347475.0,0.4389524459838867,86.0,100.0,71.0,183.0,london,2057.0,17319.0,0.0346,24684.0,0.0494,-0.0148
E02000002,Barking and Dagenham 001,E09000002,Barking and Dagenham,13,128.92,117.0,4.85,282.6,401250.0,240000.0,0.671875,0.0,65.0,38.0,86.0,london,1688.0,27758.0,0.0692,20256.0,0.0505,0.0187
E02000439,Harrow 007,E09000015,Harrow,38,90.08,56.5,4.6,274.4,520000.0,315000.0,0.6507936716079712,71.0,100.0,32.0,73.0,london,1755.0,13405.0,0.0258,21060.0,0.0405,-0.0147
E02000082,Bexley 018,E09000004,Bexley,12,71.42,43.0,4.77,235.7,435000.0,299998.0,0.45000967383384705,64.0,100.0,28.0,91.0,london,1525.0,10202.0,0.0235,18300.0,0.0421,-0.0186
E02000232,Croydon 039,E09000008,Croydon,3,61.67,58.0,4.88,247.3,575000.0,393750.0,0.460317462682724,0.0,57.0,51.0,127.0,london,1565.0,13761.0,0.0239,18780.0,0.0327,-0.0088
E02000471,Havering 008,E09000016,Havering,8,155.88,129.5,4.6,292.1,535000.0,355000.0,0.5070422291755676,0.0,40.0,37.0,119.0,london,1565.0,30724.0,0.0574,18780.0,0.0351,0.0223
E02000067,Bexley 003,E09000004,Bexley,44,116.73,97.5,4.6,271.9,345000.0,164995.0,1.0909724235534668,78.0,100.0,28.0,91.0,london,1525.0,23132.0,0.067,18300.0,0.053,0.014
E02000219,Croydon 026,E09000008,Croydon,12,87.58,53.0,4.46,243.8,557500.0,437500.0,0.2742857038974762,12.0,82.0,51.0,127.0,london,1565.0,12574.0,0.0226,18780.0,0.0337,-0.0111
E02006987,Croydon 046,E09000008,Croydon,72,204.18,98.0,4.47,259.8,230000.0,256000.0,-0.1015625,100.0,100.0,51.0,127.0,london,1565.0,23250.0,0.1011,18780.0,0.0817,0.0194
E02000224,Croydon 031,E09000008,Croydon,47,128.3,95.0,4.5,268.2,408500.0,280000.0,0.45892858505249023,90.0,100.0,51.0,127.0,london,1565.0,22539.0,0.0552,18780.0,0.046,0.0092
E02000041,Barnet 018,E09000003,Barnet,44,114.45,93.0,4.63,215.0,610000.0,460000.0,0.32608696818351746,88.0,100.0,52.0,123.0,london,1931.0,22064.0,0.0362,23172.0,0.038,-0.0018
E02000230,Croydon 037,E09000008,Croydon,35,103.8,71.0,4.76,252.3,496000.0,370000.0,0.3405405282974243,96.0,100.0,51.0,127.0,london,1565.0,16845.0,0.034,18780.0,0.0379,-0.0039
E02000494,Hillingdon 001,E09000017,Hillingdon,6,216.5,111.5,4.91,277.3,712500.0,635000.0,0.12204724550247192,60.0,100.0,46.0,193.0,london,1553.0,26453.0,0.0371,18636.0,0.0262,0.0109
E02000085,Bexley 021,E09000004,Bexley,4,88.0,60.0,4.78,275.5,430000.0,278000.0,0.5467625856399536,4.0,96.0,28.0,91.0,london,1525.0,14235.0,0.0331,18300.0,0.0426,-0.0095
E02000490,Havering 027,E09000016,Havering,9,118.33,140.0,4.13,326.3,425000.0,260000.0,0.6346153616905212,11.0,100.0,37.0,119.0,london,1565.0,33215.0,0.0782,18780.0,0.0442,0.034
E02000362,Hackney 018,E09000030,Tower Hamlets,2,122.0,122.0,4.7,355.0,565000.0,317750.0,0.7781274318695068,100.0,100.0,33.0,238.0,london,2410.0,28944.0,0.0512,28920.0,0.0512,0.0
E02000783,Redbridge 033,E09000026,Redbridge,18,86.78,58.5,4.36,271.0,397500.0,268000.0,0.48320895433425903,58.0,100.0,45.0,76.0,london,1724.0,13879.0,0.0349,20688.0,0.052,-0.0171
E02000012,Barking and Dagenham 011,E09000002,Barking and Dagenham,18,123.89,46.5,4.45,239.4,540000.0,340000.0,0.5882353186607361,71.0,100.0,38.0,86.0,london,1688.0,11032.0,0.0204,20256.0,0.0375,-0.0171
E02000292,Enfield 016,E09000010,Enfield,18,85.22,47.5,4.7,222.9,476000.0,330000.0,0.4424242377281189,92.0,100.0,45.0,145.0,london,1775.0,11269.0,0.0237,21300.0,0.0447,-0.021
E02000146,Bromley 020,E09000006,Bromley,15,125.07,112.0,4.82,234.4,507500.0,333750.0,0.5205992460250854,44.0,100.0,48.0,154.0,london,1673.0,26572.0,0.0524,20076.0,0.0396,0.0128
E02000858,Sutton 019,E09000029,Sutton,4,79.5,80.5,4.92,246.5,367000.0,286225.0,0.28220805525779724,26.0,97.0,22.0,94.0,london,1547.0,19099.0,0.052,18564.0,0.0506,0.0014
E02000150,Bromley 024,E09000006,Bromley,11,105.82,86.0,4.84,235.6,630000.0,480000.0,0.3125,63.0,100.0,48.0,154.0,london,1673.0,20404.0,0.0324,20076.0,0.0319,0.0005
E02000425,Haringey 029,E09000014,Haringey,21,105.0,80.0,4.53,242.8,900000.0,560000.0,0.6071428656578064,100.0,100.0,36.0,141.0,london,2214.0,18980.0,0.0211,26568.0,0.0295,-0.0084
E02000345,Hackney 001,E09000012,Hackney,17,103.29,91.0,4.77,246.5,622500.0,517500.0,0.2028985470533371,83.0,100.0,38.0,189.0,london,2615.0,21590.0,0.0347,31380.0,0.0504,-0.0157
E02000489,Havering 026,E09000016,Havering,22,111.73,76.5,4.56,242.0,450000.0,282750.0,0.5915119647979736,82.0,100.0,37.0,119.0,london,1565.0,18150.0,0.0403,18780.0,0.0417,-0.0014
E02000502,Hillingdon 009,E09000017,Hillingdon,10,67.8,59.0,4.9,249.1,512000.0,380000.0,0.34736841917037964,93.0,100.0,46.0,193.0,london,1553.0,13998.0,0.0273,18636.0,0.0364,-0.0091
E02000441,Harrow 009,E09000015,Harrow,7,234.43,245.0,4.69,224.0,550000.0,427500.0,0.28654971718788147,28.0,100.0,32.0,73.0,london,1755.0,58126.0,0.1057,21060.0,0.0383,0.0674
E02000848,Sutton 009,E09000029,Sutton,10,127.9,52.5,4.94,215.2,551000.0,358625.0,0.5364238619804382,22.0,100.0,22.0,94.0,london,1547.0,12456.0,0.0226,18564.0,0.0337,-0.0111
E02000192,Camden 027,E09000019,Islington,5,322.8,351.0,4.94,144.6,675000.0,816250.0,-0.17304746806621552,100.0,100.0,33.0,194.0,london,2811.0,83275.0,0.1234,33732.0,0.05,0.0734
E02000479,Havering 016,E09000016,Havering,22,285.36,98.5,4.76,227.5,408750.0,270000.0,0.5138888955116272,68.0,100.0,37.0,119.0,london,1565.0,23369.0,0.0572,18780.0,0.0459,0.0113
E02000009,Barking and Dagenham 008,E09000002,Barking and Dagenham,22,105.5,50.0,4.53,262.5,370000.0,225000.0,0.644444465637207,11.0,100.0,38.0,86.0,london,1688.0,11862.0,0.0321,20256.0,0.0547,-0.0226
E02000161,Bromley 035,E09000006,Bromley,5,141.8,52.0,4.49,290.4,572500.0,400000.0,0.4312500059604645,26.0,95.0,48.0,154.0,london,1673.0,12337.0,0.0215,20076.0,0.0351,-0.0136
E02000017,Barking and Dagenham 016,E09000002,Barking and Dagenham,18,76.56,68.0,4.29,285.8,435000.0,250000.0,0.7400000095367432,100.0,100.0,38.0,86.0,london,1688.0,16133.0,0.0371,20256.0,0.0466,-0.0095
E02000091,Bexley 027,E09000004,Bexley,8,300.5,124.5,4.6,284.1,410000.0,287498.0,0.4260968863964081,65.0,100.0,28.0,91.0,london,1525.0,29538.0,0.072,18300.0,0.0446,0.0274
E02000239,Ealing 002,E09000009,Ealing,8,86.63,81.0,4.82,249.9,551000.0,389950.0,0.4130016565322876,92.0,100.0,71.0,183.0,london,2057.0,19217.0,0.0349,24684.0,0.0448,-0.0099
E02007115,Camden 029,E09000019,Islington,1,99.0,99.0,4.56,209.0,523000.0,509500.0,0.026496564969420433,100.0,100.0,33.0,194.0,london,2811.0,23488.0,0.0449,33732.0,0.0645,-0.0196
E02000795,Richmond upon Thames 012,E09000032,Wandsworth,1,98.0,98.0,4.76,237.0,1485000.0,1103000.0,0.3463281989097595,34.0,67.0,47.0,139.0,london,2599.0,23250.0,0.0157,31188.0,0.021,-0.0053
E02000514,Hillingdon 021,E09000017,Hillingdon,3,99.67,41.0,4.63,316.3,492500.0,302500.0,0.6280992031097412,0.0,14.0,46.0,193.0,london,1553.0,9727.0,0.0198,18636.0,0.0378,-0.018
E02000092,Bexley 028,E09000004,Bexley,6,134.17,101.0,4.1,285.7,420000.0,274998.0,0.5272838473320007,21.0,61.0,28.0,91.0,london,1525.0,23962.0,0.0571,18300.0,0.0436,0.0135
E02000755,Redbridge 005,E09000026,Redbridge,7,86.43,84.0,4.62,257.9,495000.0,350000.0,0.41428571939468384,6.0,100.0,45.0,76.0,london,1724.0,19929.0,0.0403,20688.0,0.0418,-0.0015
E02000075,Bexley 011,E09000004,Bexley,10,82.4,41.0,4.83,219.6,505000.0,335500.0,0.505216121673584,60.0,100.0,28.0,91.0,london,1525.0,9727.0,0.0193,18300.0,0.0362,-0.0169
E02000463,Harrow 031,E09000015,Harrow,4,53.5,41.5,4.29,246.0,526500.0,380000.0,0.3855263292789459,45.0,100.0,32.0,73.0,london,1755.0,9846.0,0.0187,21060.0,0.04,-0.0213
E02000485,Havering 022,E09000016,Havering,7,194.29,150.0,4.96,258.6,477500.0,300000.0,0.5916666388511658,71.0,100.0,37.0,119.0,london,1565.0,35588.0,0.0745,18780.0,0.0393,0.0352
E02000922,Waltham Forest 028,E09000025,Newham,1,129.0,129.0,4.92,102.0,606500.0,360000.0,0.6847222447395325,93.0,100.0,48.0,161.0,london,1918.0,30605.0,0.0505,23016.0,0.0379,0.0126
E02000137,Bromley 011,E09000006,Bromley,16,106.56,78.0,4.87,245.8,465000.0,330000.0,0.40909090638160706,80.0,100.0,48.0,154.0,london,1673.0,18506.0,0.0398,20076.0,0.0432,-0.0034
E02000840,Sutton 001,E09000029,Sutton,7,78.71,52.0,4.94,344.4,410000.0,270000.0,0.5185185074806213,30.0,100.0,22.0,94.0,london,1547.0,12337.0,0.0301,18564.0,0.0453,-0.0152
E02000793,Richmond upon Thames 010,E09000018,Hounslow,1,41.0,41.0,4.79,12.0,587500.0,435000.0,0.35057470202445984,92.0,100.0,43.0,158.0,london,1922.0,9727.0,0.0166,23064.0,0.0393,-0.0227
E02000193,Camden 028,E09000033,Westminster,2,445.5,445.5,4.34,352.5,788750.0,643750.0,0.2252427190542221,100.0,100.0,41.0,97.0,london,3149.0,105695.0,0.134,37788.0,0.0479,0.0861
E02006795,Harrow 032,E09000015,Harrow,6,78.83,78.5,4.88,179.2,560000.0,412500.0,0.35757574439048767,84.0,100.0,32.0,73.0,london,1755.0,18624.0,0.0333,21060.0,0.0376,-0.0043
E02000899,Waltham Forest 005,E09000031,Waltham Forest,8,63.75,53.5,4.48,270.8,530000.0,365000.0,0.45205479860305786,4.0,51.0,39.0,99.0,london,1758.0,12693.0,0.0239,21096.0,0.0398,-0.0159
E02000466,Havering 003,E09000016,Havering,6,87.83,52.5,4.48,242.0,430000.0,265000.0,0.6226415038108826,0.0,0.0,37.0,119.0,london,1565.0,12456.0,0.029,18780.0,0.0437,-0.0147
E02000449,Harrow 017,E09000015,Harrow,6,179.83,190.5,4.38,243.8,550000.0,435000.0,0.26436781883239746,68.0,100.0,32.0,73.0,london,1755.0,45196.0,0.0822,21060.0,0.0383,0.0439
E02000960,Westminster 001,E09000007,Camden,2,307.5,307.5,4.86,229.0,750000.0,826250.0,-0.0922844186425209,100.0,100.0,34.0,153.0,london,2724.0,72954.0,0.0973,32688.0,0.0436,0.0537
E02000477,Havering 014,E09000016,Havering,8,155.5,149.5,4.99,352.9,520000.0,345000.0,0.5072463750839233,77.0,100.0,37.0,119.0,london,1565.0,35469.0,0.0682,18780.0,0.0361,0.0321
E02000545,Hounslow 020,E09000027,Richmond upon Thames,1,82.0,82.0,5.0,38.0,500000.0,385000.0,0.29870128631591797,18.0,100.0,29.0,142.0,london,2307.0,19454.0,0.0389,27684.0,0.0554,-0.0165
E02000562,Islington 009,E09000012,Hackney,1,110.0,110.0,4.82,163.0,665000.0,585000.0,0.1367521435022354,100.0,100.0,38.0,189.0,london,2615.0,26098.0,0.0392,31380.0,0.0472,-0.008
E02000475,Havering 012,E09000016,Havering,9,94.44,42.0,4.33,219.2,575000.0,356750.0,0.6117729544639587,90.0,100.0,37.0,119.0,london,1565.0,9964.0,0.0173,18780.0,0.0327,-0.0154
E02000517,Hillingdon 024,E09000017,Hillingdon,6,48.67,44.5,4.54,263.5,441950.0,288500.0,0.5318890810012817,0.0,34.0,46.0,193.0,london,1553.0,10558.0,0.0239,18636.0,0.0422,-0.0183
E02000575,Islington 022,E09000001,City of London,5,401.0,378.0,4.7,201.2,670000.0,700000.0,-0.04285714402794838,100.0,100.0,,12.0,london,,89680.0,0.1339,,,
E02000718,Newham 005,E09000025,Newham,7,132.86,130.0,4.73,251.7,420000.0,230500.0,0.8221257925033569,26.0,100.0,48.0,161.0,london,1918.0,30842.0,0.0734,23016.0,0.0548,0.0186
E02000160,Bromley 034,E09000006,Bromley,3,59.33,53.0,,364.0,693500.0,500000.0,0.3869999945163727,40.0,100.0,48.0,154.0,london,1673.0,12574.0,0.0181,20076.0,0.0289,-0.0108
E02000897,Waltham Forest 003,E09000031,Waltham Forest,6,97.17,87.5,5.0,226.0,500000.0,340000.0,0.47058823704719543,20.0,100.0,39.0,99.0,london,1758.0,20759.0,0.0415,21096.0,0.0422,-0.0007
E02000162,Bromley 036,E09000006,Bromley,7,221.71,236.0,4.76,303.7,557500.0,401000.0,0.390274316072464,0.0,49.0,48.0,154.0,london,1673.0,55991.0,0.1004,20076.0,0.036,0.0644
E02000526,Hounslow 001,E09000013,Hammersmith and Fulham,1,193.0,193.0,5.0,9.0,1115000.0,955000.0,0.16753926873207092,89.0,100.0,27.0,96.0,london,2755.0,45789.0,0.0411,33060.0,0.0297,0.0114
E02000482,Havering 019,E09000016,Havering,2,100.5,100.5,2.95,259.5,616500.0,454998.0,0.35495102405548096,52.0,100.0,37.0,119.0,london,1565.0,23844.0,0.0387,18780.0,0.0305,0.0082
E02000660,Lewisham 008,E09000011,Greenwich,3,147.0,138.0,4.59,198.3,511000.0,370000.0,0.38108107447624207,100.0,100.0,38.0,144.0,london,1949.0,32740.0,0.0641,23388.0,0.0458,0.0183
E02000488,Havering 025,E09000016,Havering,6,99.83,59.5,4.86,326.5,475000.0,320000.0,0.484375,71.0,100.0,37.0,119.0,london,1565.0,14116.0,0.0297,18780.0,0.0395,-0.0098
E02000277,Enfield 001,E09000010,Enfield,14,98.36,77.0,4.86,318.4,452000.0,295000.0,0.5322033762931824,81.0,100.0,45.0,145.0,london,1775.0,18268.0,0.0404,21300.0,0.0471,-0.0067
E02000961,Westminster 002,E09000007,Camden,2,222.0,222.0,5.0,151.5,875000.0,707500.0,0.23674911260604858,100.0,100.0,34.0,153.0,london,2724.0,52670.0,0.0602,32688.0,0.0374,0.0228
E02000707,Merton 019,E09000024,Merton,5,80.8,53.0,4.63,242.6,450000.0,309250.0,0.4551333785057068,0.0,100.0,21.0,99.0,london,2097.0,12574.0,0.0279,25164.0,0.0559,-0.028
E02000841,Sutton 002,E09000029,Sutton,9,62.33,45.0,4.25,261.0,425000.0,275000.0,0.5454545617103577,42.0,100.0,22.0,94.0,london,1547.0,10676.0,0.0251,18564.0,0.0437,-0.0186
E02000953,Wandsworth 031,E09000024,Merton,1,57.0,57.0,4.78,281.0,678000.0,575000.0,0.1791304349899292,78.0,100.0,21.0,99.0,london,2097.0,13523.0,0.0199,25164.0,0.0371,-0.0172
E02000240,Ealing 003,E09000009,Ealing,7,83.71,94.0,4.72,305.9,450000.0,305000.0,0.4754098355770111,86.0,100.0,71.0,183.0,london,2057.0,22302.0,0.0496,24684.0,0.0549,-0.0053
E02000128,Bromley 002,E09000006,Bromley,9,145.11,140.0,4.76,316.2,530000.0,413750.0,0.28096675872802734,0.0,71.0,48.0,154.0,london,1673.0,33215.0,0.0627,20076.0,0.0379,0.0248
E02000736,Newham 023,E09000002,Barking and Dagenham,1,141.0,141.0,5.0,0.0,417500.0,269500.0,0.5491651296615601,22.0,100.0,38.0,86.0,london,1688.0,33452.0,0.0801,20256.0,0.0485,0.0316
E02000574,Islington 021,E09000007,Camden,1,80.0,80.0,4.42,334.0,777575.0,725000.0,0.07251723855733871,100.0,100.0,34.0,153.0,london,2724.0,18980.0,0.0244,32688.0,0.042,-0.0176
E02000064,Barnet 041,E09000007,Camden,1,45.0,45.0,,269.0,570000.0,532500.0,0.07042253762483597,84.0,100.0,34.0,153.0,london,2724.0,10676.0,0.0187,32688.0,0.0573,-0.0386
E02000665,Lewisham 013,E09000011,Greenwich,1,24.0,24.0,,265.0,630000.0,432500.0,0.4566473960876465,100.0,100.0,38.0,144.0,london,1949.0,5694.0,0.009,23388.0,0.0371,-0.0281
E02000026,Barnet 003,E09000010,Enfield,1,228.0,228.0,5.0,15.0,650000.0,489250.0,0.3285641372203827,73.0,100.0,45.0,145.0,london,1775.0,54093.0,0.0832,21300.0,0.0328,0.0504
E02000271,Ealing 034,E09000018,Hounslow,1,500.0,500.0,5.0,186.0,941000.0,955000.0,-0.014659686014056206,100.0,100.0,43.0,158.0,london,1922.0,118625.0,0.1261,23064.0,0.0245,0.1016
E02000378,Hammersmith and Fulham 007,E09000020,Kensington and Chelsea,1,149.0,149.0,5.0,130.0,550000.0,485000.0,0.1340206116437912,100.0,100.0,31.0,61.0,london,3597.0,35350.0,0.0643,43164.0,0.0785,-0.0142
E02000180,Camden 015,E09000019,Islington,1,165.0,165.0,4.82,276.0,675255.0,529975.0,0.2741261422634125,91.0,100.0,33.0,194.0,london,2811.0,39146.0,0.058,33732.0,0.05,0.008
E02000964,Westminster 005,E09000005,Brent,3,104.33,88.0,3.66,233.7,568750.0,537500.0,0.058139536529779434,100.0,100.0,61.0,123.0,london,1990.0,20878.0,0.0367,23880.0,0.042,-0.0053
E02000585,Kensington and Chelsea 009,E09000013,Hammersmith and Fulham,1,90.0,90.0,3.89,341.0,1365000.0,1263075.0,0.08069591969251633,100.0,100.0,27.0,96.0,london,2755.0,21352.0,0.0156,33060.0,0.0242,-0.0086
E02000553,Hounslow 028,E09000018,Hounslow,1,39.0,39.0,4.63,234.0,443250.0,310000.0,0.42983871698379517,0.0,100.0,43.0,158.0,london,1922.0,9253.0,0.0209,23064.0,0.052,-0.0311
E02000125,Brent 033,E09000013,Hammersmith and Fulham,1,99.0,99.0,4.0,22.0,817500.0,714975.0,0.14339661598205566,100.0,100.0,27.0,96.0,london,2755.0,23488.0,0.0287,33060.0,0.0404,-0.0117
E02000786,Richmond upon Thames 003,E09000032,Wandsworth,1,407.0,407.0,3.0,3.0,788000.0,682500.0,0.15457876026630402,100.0,100.0,47.0,139.0,london,2599.0,96561.0,0.1225,31188.0,0.0396,0.0829
E02000223,Croydon 030,E09000008,Croydon,3,85.67,48.0,3.96,349.0,346250.0,237500.0,0.4578947424888611,87.0,100.0,51.0,127.0,london,1565.0,11388.0,0.0329,18780.0,0.0542,-0.0213
E02000973,Westminster 014,E09000020,Kensington and Chelsea,2,221.5,221.5,5.0,29.0,810000.0,865000.0,-0.06358381360769272,100.0,100.0,31.0,61.0,london,3597.0,52551.0,0.0649,43164.0,0.0533,0.0116
E02000308,Enfield 032,E09000003,Barnet,1,119.0,119.0,5.0,206.0,584000.0,475000.0,0.22947368025779724,100.0,100.0,52.0,123.0,london,1931.0,28233.0,0.0483,23172.0,0.0397,0.0086
E02000690,Merton 002,E09000032,Wandsworth,1,188.0,188.0,4.0,78.0,1625000.0,1902500.0,-0.1458607167005539,20.0,95.0,47.0,139.0,london,2599.0,44603.0,0.0274,31188.0,0.0192,0.0082
E02000097,Brent 005,E09000003,Barnet,1,148.0,148.0,,364.0,560000.0,421000.0,0.3301662802696228,0.0,92.0,52.0,123.0,london,1931.0,35113.0,0.0627,23172.0,0.0414,0.0213
E02000922,Waltham Forest 028,E09000026,Redbridge,1,130.0,130.0,,274.0,606500.0,360000.0,0.6847222447395325,93.0,100.0,45.0,76.0,london,1724.0,30842.0,0.0509,20688.0,0.0341,0.0168
E02000554,Islington 001,E09000014,Haringey,1,60.0,60.0,4.33,90.0,572500.0,457750.0,0.25068268179893494,100.0,100.0,36.0,141.0,london,2214.0,14235.0,0.0249,26568.0,0.0464,-0.0215
E02000347,Hackney 003,E09000014,Haringey,1,80.0,80.0,,45.0,520000.0,411000.0,0.26520681381225586,96.0,100.0,36.0,141.0,london,2214.0,18980.0,0.0365,26568.0,0.0511,-0.0146
E02000187,Camden 022,E09000019,Islington,1,157.0,157.0,5.0,307.0,780000.0,546250.0,0.42791762948036194,100.0,100.0,33.0,194.0,london,2811.0,37248.0,0.0478,33732.0,0.0432,0.0046
E02000498,Hillingdon 005,E09000017,Hillingdon,3,59.67,45.0,5.0,254.0,566155.0,356750.0,0.5869796872138977,24.0,90.0,46.0,193.0,london,1553.0,10676.0,0.0189,18636.0,0.0329,-0.014
E02007083,Wandsworth 038,E09000022,Lambeth,1,230.0,230.0,5.0,37.0,880000.0,734488.0,0.19811351597309113,100.0,100.0,44.0,229.0,london,2529.0,54568.0,0.062,30348.0,0.0345,0.0275
E02000625,Lambeth 008,E09000032,Wandsworth,1,102.0,102.0,4.5,68.0,437500.0,395000.0,0.10759493708610535,100.0,100.0,47.0,139.0,london,2599.0,24200.0,0.0553,31188.0,0.0713,-0.016
E02000568,Islington 015,E09000007,Camden,1,89.0,89.0,,319.0,512500.0,435000.0,0.1781609207391739,100.0,100.0,34.0,153.0,london,2724.0,21115.0,0.0412,32688.0,0.0638,-0.0226
E02000918,Waltham Forest 024,E09000026,Redbridge,1,261.0,261.0,,365.0,515000.0,339500.0,0.5169366598129272,100.0,100.0,45.0,76.0,london,1724.0,61922.0,0.1202,20688.0,0.0402,0.08
E02000683,Lewisham 031,E09000006,Bromley,1,34.0,34.0,,363.0,380000.0,246000.0,0.5447154641151428,53.0,100.0,48.0,154.0,london,1673.0,8067.0,0.0212,20076.0,0.0528,-0.0316
E02000132,Bromley 006,E09000023,Lewisham,1,70.0,70.0,4.75,146.0,365000.0,340000.0,0.07352941483259201,100.0,100.0,36.0,154.0,london,1816.0,16608.0,0.0455,21792.0,0.0597,-0.0142
E02000577,Kensington and Chelsea 001,E09000033,Westminster,1,260.0,260.0,,364.0,540000.0,499950.0,0.08010800927877426,100.0,100.0,41.0,97.0,london,3149.0,61685.0,0.1142,37788.0,0.07,0.0442
E02000115,Brent 023,E09000007,Camden,1,209.0,209.0,5.0,364.0,557528.0,515000.0,0.082578644156456,100.0,100.0,34.0,153.0,london,2724.0,49585.0,0.0889,32688.0,0.0586,0.0303
E02000372,Hammersmith and Fulham 001,E09000009,Ealing,1,728.0,728.0,,0.0,611000.0,485000.0,0.25979381799697876,81.0,100.0,71.0,183.0,london,2057.0,172718.0,0.2827,24684.0,0.0404,0.2423
E02001283,Trafford 025,E08000009,Trafford,26,179.54,137.0,4.85,257.2,422000.0,275000.0,0.5345454812049866,33.0,97.0,28.0,135.0,manchester,1359.0,32503.0,0.077,16308.0,0.0386,0.0384
E02001094,Manchester 050,E08000003,Manchester,16,78.38,52.5,4.15,237.8,210000.0,101680.0,1.0653029680252075,96.0,100.0,81.0,198.0,manchester,1349.0,12456.0,0.0593,16188.0,0.0771,-0.0178
E02006915,Manchester 058,E08000003,Manchester,35,126.29,108.0,4.65,217.4,172500.0,86250.0,1.0,53.0,100.0,81.0,198.0,manchester,1349.0,25623.0,0.1485,16188.0,0.0938,0.0547
E02001217,Stockport 031,E08000007,Stockport,11,48.91,54.0,4.6,239.5,235545.0,145000.0,0.624448299407959,75.0,100.0,42.0,253.0,manchester,1095.0,12812.0,0.0544,13140.0,0.0558,-0.0014
E02001304,Wigan 018,E08000010,Wigan,22,104.18,85.0,4.49,295.5,220000.0,156000.0,0.41025641560554504,45.0,100.0,59.0,217.0,manchester,737.0,20166.0,0.0917,8844.0,0.0402,0.0515
E02001167,Salford 011,E08000006,Salford,36,94.31,87.0,4.76,275.5,209000.0,139975.0,0.49312376976013184,0.0,29.0,45.0,123.0,manchester,1162.0,20641.0,0.0988,13944.0,0.0667,0.0321
E02001317,Wigan 031,E08000010,Wigan,5,70.6,65.0,4.97,239.6,199975.0,125000.0,0.5997999906539917,0.0,0.0,59.0,217.0,manchester,737.0,15421.0,0.0771,8844.0,0.0442,0.0329
E02001183,Salford 027,E08000006,Salford,9,76.78,74.0,4.87,231.9,196250.0,100000.0,0.9624999761581421,55.0,95.0,45.0,123.0,manchester,1162.0,17556.0,0.0895,13944.0,0.0711,0.0184
E02001180,Salford 024,E08000006,Salford,37,171.11,93.0,4.46,231.0,223639.0,94750.0,1.3603060245513916,100.0,100.0,45.0,123.0,manchester,1162.0,22064.0,0.0987,13944.0,0.0624,0.0363
E02001090,Manchester 046,E08000003,Manchester,28,201.5,100.0,4.41,237.9,296750.0,175000.0,0.6957142949104309,0.0,88.0,81.0,198.0,manchester,1349.0,23725.0,0.0799,16188.0,0.0546,0.0253
E02001100,Oldham 003,E08000004,Oldham,6,1707.5,34.0,4.91,272.3,212000.0,131500.0,0.6121672987937927,81.0,100.0,37.0,126.0,manchester,915.0,8067.0,0.0381,10980.0,0.0518,-0.0137
E02001160,Salford 004,E08000006,Salford,5,82.0,72.0,4.92,188.0,245000.0,85000.0,1.8823529481887817,4.0,52.0,45.0,123.0,manchester,1162.0,17082.0,0.0697,13944.0,0.0569,0.0128
E02000985,Bolton 002,E08000001,Bolton,2,27.0,27.0,4.83,346.5,296000.0,204500.0,0.4474327564239502,73.0,100.0,54.0,154.0,manchester,882.0,6406.0,0.0216,10584.0,0.0358,-0.0142
E02001082,Manchester 038,E08000003,Manchester,35,90.2,86.0,4.75,213.4,313000.0,169000.0,0.8520709872245789,100.0,100.0,81.0,198.0,manchester,1349.0,20404.0,0.0652,16188.0,0.0517,0.0135
E02001195,Stockport 009,E08000007,Stockport,4,346.0,154.5,4.97,279.0,245000.0,135500.0,0.8081181049346924,70.0,100.0,42.0,253.0,manchester,1095.0,36655.0,0.1496,13140.0,0.0536,0.096
E02007000,Oldham 036,E08000004,Oldham,2,52.0,52.0,4.95,55.5,177500.0,61000.0,1.9098360538482666,100.0,100.0,37.0,126.0,manchester,915.0,12337.0,0.0695,10980.0,0.0619,0.0076
E02001174,Salford 018,E08000006,Salford,8,132.38,85.0,4.85,237.0,250000.0,133125.0,0.8779342770576477,0.0,94.0,45.0,123.0,manchester,1162.0,20166.0,0.0807,13944.0,0.0558,0.0249
E02001050,Manchester 006,E08000003,Manchester,35,85.66,86.0,4.65,246.9,173500.0,71500.0,1.426573395729065,27.0,100.0,81.0,198.0,manchester,1349.0,20404.0,0.1176,16188.0,0.0933,0.0243
E02001212,Stockport 026,E08000007,Stockport,5,76.2,82.0,4.88,267.6,266250.0,132500.0,1.0094339847564697,17.0,100.0,42.0,253.0,manchester,1095.0,19454.0,0.0731,13140.0,0.0494,0.0237
E02000989,Bolton 006,E08000001,Bolton,1,173.0,173.0,5.0,269.0,280000.0,151500.0,0.8481848239898682,0.0,65.0,54.0,154.0,manchester,882.0,41044.0,0.1466,10584.0,0.0378,0.1088
E02006916,Manchester 059,E08000003,Manchester,121,113.54,107.0,4.68,213.7,225000.0,154500.0,0.4563106894493103,91.0,100.0,81.0,198.0,manchester,1349.0,25386.0,0.1128,16188.0,0.0719,0.0409
E02001186,Salford 030,E08000006,Salford,6,157.83,95.0,4.82,346.8,215000.0,113000.0,0.9026548862457275,50.0,99.0,45.0,123.0,manchester,1162.0,22539.0,0.1048,13944.0,0.0649,0.0399
E02001264,Trafford 006,E08000006,Salford,1,48.0,48.0,4.65,169.0,310000.0,162500.0,0.9076923131942749,100.0,100.0,45.0,123.0,manchester,1162.0,11388.0,0.0367,13944.0,0.045,-0.0083
E02001232,Tameside 004,E08000008,Tameside,10,55.2,43.5,4.81,244.5,202500.0,100000.0,1.024999976158142,26.0,80.0,34.0,94.0,manchester,919.0,10320.0,0.051,11028.0,0.0545,-0.0035
E02001163,Salford 007,E08000006,Salford,12,109.42,119.0,4.71,275.2,265000.0,138000.0,0.9202898740768433,67.0,100.0,45.0,123.0,manchester,1162.0,28233.0,0.1065,13944.0,0.0526,0.0539
E02000991,Bolton 008,E08000001,Bolton,3,87.67,80.0,4.61,115.3,177000.0,115000.0,0.539130449295044,0.0,0.0,54.0,154.0,manchester,882.0,18980.0,0.1072,10584.0,0.0598,0.0474
E02001225,Stockport 039,E08000007,Stockport,5,98.2,89.0,4.03,275.6,395000.0,240250.0,0.6441206932067871,43.0,100.0,42.0,253.0,manchester,1095.0,21115.0,0.0535,13140.0,0.0333,0.0202
E02001190,Stockport 004,E08000007,Stockport,10,98.3,99.0,4.86,185.3,185000.0,85000.0,1.1764706373214722,86.0,100.0,42.0,253.0,manchester,1095.0,23488.0,0.127,13140.0,0.071,0.056
E02001129,Oldham 032,E08000004,Oldham,44,141.55,116.5,4.79,240.5,185000.0,87500.0,1.1142857074737549,86.0,100.0,37.0,126.0,manchester,915.0,27640.0,0.1494,10980.0,0.0594,0.09
E02001149,Rochdale 018,E08000005,Rochdale,4,55.5,47.0,4.73,175.0,160000.0,119950.0,0.3338891267776489,0.0,0.0,38.0,137.0,manchester,827.0,11151.0,0.0697,9924.0,0.062,0.0077
E02006962,Salford 036,E08000006,Salford,74,118.76,105.5,4.48,239.4,200000.0,140850.0,0.41995030641555786,78.0,100.0,45.0,123.0,manchester,1162.0,25030.0,0.1252,13944.0,0.0697,0.0555
E02001243,Tameside 015,E08000008,Tameside,5,168.2,130.0,4.67,222.0,200000.0,134500.0,0.4869888424873352,39.0,69.0,34.0,94.0,manchester,919.0,30842.0,0.1542,11028.0,0.0551,0.0991
E02001048,Manchester 004,E08000003,Manchester,16,87.88,77.0,4.71,218.1,180500.0,88725.0,1.0343759059906006,84.0,100.0,81.0,198.0,manchester,1349.0,18268.0,0.1012,16188.0,0.0897,0.0115
E02001121,Oldham 024,E08000004,Oldham,12,64.33,43.0,4.77,260.4,140000.0,60000.0,1.3333333730697632,29.0,100.0,37.0,126.0,manchester,915.0,10202.0,0.0729,10980.0,0.0784,-0.0055
E02001182,Salford 026,E08000006,Salford,21,95.81,86.0,4.77,293.9,235000.0,102000.0,1.3039215803146362,90.0,100.0,45.0,123.0,manchester,1162.0,20404.0,0.0868,13944.0,0.0593,0.0275
E02001252,Tameside 024,E08000008,Tameside,11,53.09,41.0,4.55,252.3,250000.0,145000.0,0.7241379022598267,76.0,100.0,34.0,94.0,manchester,919.0,9727.0,0.0389,11028.0,0.0441,-0.0052
E02001074,Manchester 030,E08000003,Manchester,50,89.44,68.0,4.73,223.1,243750.0,135000.0,0.8055555820465088,10.0,98.0,81.0,198.0,manchester,1349.0,16133.0,0.0662,16188.0,0.0664,-0.0002
E02001263,Trafford 005,E08000009,Trafford,6,88.0,73.0,4.84,187.3,370000.0,206000.0,0.7961165308952332,41.0,92.0,28.0,135.0,manchester,1359.0,17319.0,0.0468,16308.0,0.0441,0.0027
E02001261,Trafford 003,E08000009,Trafford,138,187.39,82.5,4.71,256.5,270000.0,145000.0,0.8620689511299133,100.0,100.0,28.0,135.0,manchester,1359.0,19573.0,0.0725,16308.0,0.0604,0.0121
E02001041,Bury 023,E08000002,Bury,22,128.18,93.5,4.89,244.9,280000.0,143475.0,0.9515594840049744,96.0,100.0,34.0,108.0,manchester,966.0,22183.0,0.0792,11592.0,0.0414,0.0378
E02001059,Manchester 015,E08000003,Manchester,135,120.04,115.0,4.75,223.8,158000.0,146000.0,0.08219178020954132,93.0,100.0,81.0,198.0,manchester,1349.0,27284.0,0.1727,16188.0,0.1025,0.0702
E02001300,Wigan 014,E08000010,Wigan,7,94.43,89.0,4.92,191.3,150000.0,92000.0,0.6304348111152649,67.0,100.0,59.0,217.0,manchester,737.0,21115.0,0.1408,8844.0,0.059,0.0818
E02001052,Manchester 008,E08000003,Manchester,40,83.4,76.0,4.52,256.2,215000.0,85000.0,1.529411792755127,97.0,100.0,81.0,198.0,manchester,1349.0,18031.0,0.0839,16188.0,0.0753,0.0086
E02001176,Salford 020,E08000006,Salford,37,160.78,80.0,4.64,267.5,290250.0,170000.0,0.7073529362678528,71.0,100.0,45.0,123.0,manchester,1162.0,18980.0,0.0654,13944.0,0.048,0.0174
E02001234,Tameside 006,E08000008,Tameside,12,88.17,94.5,4.84,303.5,170000.0,88500.0,0.9209039807319641,58.0,100.0,34.0,94.0,manchester,919.0,22420.0,0.1319,11028.0,0.0649,0.067
E02001046,Manchester 002,E08000003,Manchester,20,82.75,85.5,4.44,231.7,245000.0,129995.0,0.8846879005432129,0.0,38.0,81.0,198.0,manchester,1349.0,20285.0,0.0828,16188.0,0.0661,0.0167
E02001138,Rochdale 007,E08000005,Rochdale,3,183.33,90.0,4.92,318.7,315000.0,176500.0,0.7847025394439697,0.0,0.0,38.0,137.0,manchester,827.0,21352.0,0.0678,9924.0,0.0315,0.0363
E02001067,Manchester 023,E08000003,Manchester,23,102.17,61.0,4.6,209.7,205000.0,70000.0,1.9285714626312256,94.0,100.0,81.0,198.0,manchester,1349.0,14472.0,0.0706,16188.0,0.079,-0.0084
E02001005,Bolton 022,E08000001,Bolton,18,71.33,66.0,4.73,198.7,143000.0,83500.0,0.71257483959198,24.0,100.0,54.0,154.0,manchester,882.0,15658.0,0.1095,10584.0,0.074,0.0355
E02001092,Manchester 048,E08000003,Manchester,13,92.0,96.0,4.88,235.2,241500.0,124000.0,0.9475806355476379,88.0,100.0,81.0,198.0,manchester,1349.0,22776.0,0.0943,16188.0,0.067,0.0273
E02001295,Wigan 009,E08000010,Wigan,12,84.0,77.0,4.73,280.4,133000.0,70500.0,0.8865247964859009,62.0,100.0,59.0,217.0,manchester,737.0,18268.0,0.1374,8844.0,0.0665,0.0709
E02001093,Manchester 049,E08000003,Manchester,12,98.08,91.5,4.75,251.7,231000.0,122250.0,0.8895705342292786,83.0,100.0,81.0,198.0,manchester,1349.0,21708.0,0.094,16188.0,0.0701,0.0239
E02006912,Manchester 055,E08000003,Manchester,262,152.62,130.5,4.74,215.0,255000.0,155000.0,0.6451612710952759,100.0,100.0,81.0,198.0,manchester,1349.0,30961.0,0.1214,16188.0,0.0635,0.0579
E02001192,Stockport 006,E08000007,Stockport,23,97.04,72.0,4.65,215.4,385000.0,250000.0,0.5400000214576721,100.0,100.0,42.0,253.0,manchester,1095.0,17082.0,0.0444,13140.0,0.0341,0.0103
E02001179,Salford 023,E08000006,Salford,97,99.54,48.0,4.7,291.9,205000.0,103995.0,0.9712486267089844,92.0,100.0,45.0,123.0,manchester,1162.0,11388.0,0.0556,13944.0,0.068,-0.0124
E02001188,Stockport 002,E08000007,Stockport,14,80.21,49.0,4.85,308.4,200000.0,108075.0,0.8505667448043823,83.0,100.0,42.0,253.0,manchester,1095.0,11625.0,0.0581,13140.0,0.0657,-0.0076
E02001019,Bury 001,E08000002,Bury,21,119.24,98.0,4.76,299.7,245000.0,147000.0,0.6666666865348816,0.0,0.0,34.0,108.0,manchester,966.0,23250.0,0.0949,11592.0,0.0473,0.0476
E02001221,Stockport 035,E08000007,Stockport,3,3414.33,166.0,4.58,265.0,380000.0,255000.0,0.4901960790157318,36.0,100.0,42.0,253.0,manchester,1095.0,39384.0,0.1036,13140.0,0.0346,0.069
E02001135,Rochdale 004,E08000005,Rochdale,3,59.0,51.0,4.41,138.7,157500.0,124995.0,0.2600504159927368,10.0,95.0,38.0,137.0,manchester,827.0,12100.0,0.0768,9924.0,0.063,0.0138
E02001140,Rochdale 009,E08000005,Rochdale,1,108.0,108.0,4.78,344.0,166000.0,110000.0,0.5090909004211426,0.0,67.0,38.0,137.0,manchester,827.0,25623.0,0.1544,9924.0,0.0598,0.0946
E02001271,Trafford 013,E08000009,Trafford,13,90.46,102.0,4.96,262.0,380000.0,215000.0,0.7674418687820435,0.0,54.0,28.0,135.0,manchester,1359.0,24200.0,0.0637,16308.0,0.0429,0.0208
E02001103,Oldham 006,E08000004,Oldham,32,451.72,119.0,4.92,240.7,298750.0,192475.0,0.5521496534347534,0.0,3.0,37.0,126.0,manchester,915.0,28233.0,0.0945,10980.0,0.0368,0.0577
E02001258,Tameside 030,E08000008,Tameside,6,86.67,86.0,4.78,213.2,248000.0,140000.0,0.7714285850524902,6.0,98.0,34.0,94.0,manchester,919.0,20404.0,0.0823,11028.0,0.0445,0.0378
E02001087,Manchester 043,E08000003,Manchester,29,105.48,89.0,4.81,179.7,420000.0,277875.0,0.5114709734916687,97.0,100.0,81.0,198.0,manchester,1349.0,21115.0,0.0503,16188.0,0.0385,0.0118
E02001055,Manchester 011,E08000003,Manchester,30,111.03,79.0,4.52,240.4,180000.0,83000.0,1.1686747074127197,59.0,100.0,81.0,198.0,manchester,1349.0,18743.0,0.1041,16188.0,0.0899,0.0142
E02001311,Wigan 025,E08000010,Wigan,3,270.0,57.0,4.62,182.3,190000.0,104000.0,0.8269230723381042,0.0,33.0,59.0,217.0,manchester,737.0,13523.0,0.0712,8844.0,0.0465,0.0247
E02001026,Bury 008,E08000002,Bury,16,74.0,72.5,4.59,289.8,145000.0,75000.0,0.9333333373069763,41.0,100.0,34.0,108.0,manchester,966.0,17201.0,0.1186,11592.0,0.0799,0.0387
E02001065,Manchester 021,E08000003,Manchester,28,139.36,66.5,4.77,204.8,169683.0,76250.0,1.2253508567810059,94.0,100.0,81.0,198.0,manchester,1349.0,15777.0,0.093,16188.0,0.0954,-0.0024
E02000999,Bolton 016,E08000001,Bolton,22,74.23,64.5,4.59,234.8,106000.0,66000.0,0.6060606241226196,32.0,100.0,54.0,154.0,manchester,882.0,15303.0,0.1444,10584.0,0.0998,0.0446
E02001301,Wigan 015,E08000010,Wigan,17,92.88,81.0,4.63,302.6,160000.0,104000.0,0.5384615659713745,14.0,100.0,59.0,217.0,manchester,737.0,19217.0,0.1201,8844.0,0.0553,0.0648
E02001215,Stockport 029,E08000007,Stockport,5,102.2,99.0,4.92,245.2,335000.0,220000.0,0.5227272510528564,19.0,100.0,42.0,253.0,manchester,1095.0,23488.0,0.0701,13140.0,0.0392,0.0309
E02001069,Manchester 025,E08000003,Manchester,105,107.3,54.0,4.51,274.4,215000.0,112475.0,0.911535918712616,0.0,9.0,81.0,198.0,manchester,1349.0,12812.0,0.0596,16188.0,0.0753,-0.0157
E02001038,Bury 020,E08000002,Bury,14,144.43,55.5,4.91,197.1,240000.0,143750.0,0.6695652008056641,97.0,100.0,34.0,108.0,manchester,966.0,13167.0,0.0549,11592.0,0.0483,0.0066
E02001177,Salford 021,E08000006,Salford,73,105.21,98.0,4.63,248.1,216500.0,90000.0,1.4055556058883667,68.0,100.0,45.0,123.0,manchester,1162.0,23250.0,0.1074,13944.0,0.0644,0.043
E02006917,Manchester 060,E08000003,Manchester,83,146.13,131.0,4.67,227.8,260000.0,177500.0,0.4647887349128723,100.0,100.0,81.0,198.0,manchester,1349.0,31080.0,0.1195,16188.0,0.0623,0.0572
E02001275,Trafford 017,E08000009,Trafford,13,91.08,86.0,4.82,230.7,210000.0,115500.0,0.8181818127632141,0.0,6.0,28.0,135.0,manchester,1359.0,20404.0,0.0972,16308.0,0.0777,0.0195
E02001240,Tameside 012,E08000008,Tameside,16,87.63,93.0,4.79,257.0,212500.0,103925.0,1.0447437763214111,88.0,100.0,34.0,94.0,manchester,919.0,22064.0,0.1038,11028.0,0.0519,0.0519
E02006984,Manchester 062,E08000003,Manchester,75,116.2,107.0,4.6,224.5,215000.0,133000.0,0.61654132604599,100.0,100.0,81.0,198.0,manchester,1349.0,25386.0,0.1181,16188.0,0.0753,0.0428
E02001279,Trafford 021,E08000009,Trafford,7,106.29,82.0,4.34,162.7,464975.0,275000.0,0.690818190574646,77.0,100.0,28.0,135.0,manchester,1359.0,19454.0,0.0418,16308.0,0.0351,0.0067
E02001264,Trafford 006,E08000009,Trafford,14,95.57,86.0,4.83,267.6,310000.0,162500.0,0.9076923131942749,100.0,100.0,28.0,135.0,manchester,1359.0,20404.0,0.0658,16308.0,0.0526,0.0132
E02001013,Bolton 030,E08000001,Bolton,4,178.0,39.5,4.89,129.5,292500.0,165000.0,0.7727272510528564,11.0,41.0,54.0,154.0,manchester,882.0,9371.0,0.032,10584.0,0.0362,-0.0042
E02001010,Bolton 027,E08000001,Bolton,3,100.67,92.0,4.72,201.7,157000.0,67250.0,1.334572434425354,100.0,100.0,54.0,154.0,manchester,882.0,21827.0,0.139,10584.0,0.0674,0.0716
E02001011,Bolton 028,E08000001,Bolton,6,82.0,78.0,5.0,211.7,249995.0,145000.0,0.7241034507751465,58.0,97.0,54.0,154.0,manchester,882.0,18506.0,0.074,10584.0,0.0423,0.0317
E02001072,Manchester 028,E08000003,Manchester,54,84.67,66.5,4.71,225.0,310000.0,135000.0,1.296296238899231,39.0,100.0,81.0,198.0,manchester,1349.0,15777.0,0.0509,16188.0,0.0522,-0.0013
E02001222,Stockport 036,E08000007,Stockport,13,128.23,113.0,4.88,299.9,385000.0,231500.0,0.6630669832229614,84.0,100.0,42.0,253.0,manchester,1095.0,26809.0,0.0696,13140.0,0.0341,0.0355
E02001326,Wigan 040,E08000010,Wigan,11,107.27,77.0,4.9,264.3,227500.0,140500.0,0.6192170977592468,0.0,0.0,59.0,217.0,manchester,737.0,18268.0,0.0803,8844.0,0.0389,0.0414
E02001056,Manchester 012,E08000003,Manchester,34,78.24,76.5,4.77,247.0,175000.0,85100.0,1.0564042329788208,65.0,100.0,81.0,198.0,manchester,1349.0,18150.0,0.1037,16188.0,0.0925,0.0112
E02001181,Salford 025,E08000006,Salford,11,114.18,75.0,4.09,254.5,210000.0,96000.0,1.1875,42.0,91.0,45.0,123.0,manchester,1162.0,17794.0,0.0847,13944.0,0.0664,0.0183
E02000990,Bolton 007,E08000001,Bolton,7,98.71,104.0,4.84,237.1,215000.0,143500.0,0.4982578456401825,14.0,75.0,54.0,154.0,manchester,882.0,24674.0,0.1148,10584.0,0.0492,0.0656
E02001051,Manchester 007,E08000003,Manchester,40,75.73,42.0,4.56,210.1,215000.0,79998.0,1.6875672340393066,20.0,100.0,81.0,198.0,manchester,1349.0,9964.0,0.0463,16188.0,0.0753,-0.029
E02001040,Bury 022,E08000002,Bury,11,123.55,87.0,4.8,290.5,309750.0,151500.0,1.0445544719696045,57.0,77.0,34.0,108.0,manchester,966.0,20641.0,0.0666,11592.0,0.0374,0.0292
E02001106,Oldham 009,E08000004,Oldham,2,45.5,45.5,4.81,116.5,185000.0,114500.0,0.6157205104827881,0.0,71.0,37.0,126.0,manchester,915.0,10795.0,0.0584,10980.0,0.0594,-0.001
E02001253,Tameside 025,E08000008,Tameside,6,85.33,87.5,4.85,238.7,205000.0,125000.0,0.6399999856948853,46.0,100.0,34.0,94.0,manchester,919.0,20759.0,0.1013,11028.0,0.0538,0.0475
E02001313,Wigan 027,E08000010,Wigan,12,68.0,50.5,4.76,214.8,175000.0,84000.0,1.0833333730697632,0.0,0.0,59.0,217.0,manchester,737.0,11981.0,0.0685,8844.0,0.0505,0.018
E02001299,Wigan 013,E08000010,Wigan,4,110.5,94.5,4.75,277.5,229000.0,112250.0,1.0400891304016113,39.0,97.0,59.0,217.0,manchester,737.0,22420.0,0.0979,8844.0,0.0386,0.0593
E02001064,Manchester 020,E08000003,Manchester,41,111.56,106.0,4.66,235.2,216000.0,115000.0,0.8782608509063721,63.0,100.0,81.0,198.0,manchester,1349.0,25149.0,0.1164,16188.0,0.0749,0.0415
E02006958,Salford 032,E08000006,Salford,79,93.7,84.0,4.62,218.5,270000.0,146950.0,0.8373596668243408,0.0,83.0,45.0,123.0,manchester,1162.0,19929.0,0.0738,13944.0,0.0516,0.0222
E02001075,Manchester 031,E08000003,Manchester,65,61.25,50.0,4.57,249.1,262000.0,111500.0,1.349775791168213,100.0,100.0,81.0,198.0,manchester,1349.0,11862.0,0.0453,16188.0,0.0618,-0.0165
E02001137,Rochdale 006,E08000005,Rochdale,5,115.8,103.0,4.97,312.4,240000.0,146500.0,0.638225257396698,0.0,0.0,38.0,137.0,manchester,827.0,24437.0,0.1018,9924.0,0.0414,0.0604
E02001269,Trafford 011,E08000009,Trafford,24,81.25,62.5,4.73,249.0,325000.0,166000.0,0.9578313231468201,97.0,100.0,28.0,135.0,manchester,1359.0,14828.0,0.0456,16308.0,0.0502,-0.0046
E02001209,Stockport 023,E08000007,Stockport,16,91.56,77.5,4.91,216.9,260000.0,137000.0,0.8978102207183838,96.0,100.0,42.0,253.0,manchester,1095.0,18387.0,0.0707,13140.0,0.0505,0.0202
E02001152,Rochdale 021,E08000005,Rochdale,7,89.71,90.0,4.76,131.0,230000.0,107475.0,1.1400325298309326,0.0,28.0,38.0,137.0,manchester,827.0,21352.0,0.0928,9924.0,0.0431,0.0497
E02001049,Manchester 005,E08000003,Manchester,18,138.61,84.0,4.42,247.0,205000.0,123000.0,0.6666666865348816,55.0,100.0,81.0,198.0,manchester,1349.0,19929.0,0.0972,16188.0,0.079,0.0182
E02001091,Manchester 047,E08000003,Manchester,9,97.11,74.0,4.62,282.1,269950.0,150000.0,0.7996666431427002,71.0,100.0,81.0,198.0,manchester,1349.0,17556.0,0.065,16188.0,0.06,0.005
E02001214,Stockport 028,E08000007,Stockport,11,128.09,112.0,4.81,270.1,370000.0,229565.0,0.6117439270019531,40.0,100.0,42.0,253.0,manchester,1095.0,26572.0,0.0718,13140.0,0.0355,0.0363
E02001316,Wigan 030,E08000010,Wigan,8,106.0,111.5,4.43,219.5,129975.0,65000.0,0.9996153712272644,0.0,0.0,59.0,217.0,manchester,737.0,26453.0,0.2035,8844.0,0.068,0.1355
E02001273,Trafford 015,E08000009,Trafford,47,115.74,89.0,4.78,206.7,282500.0,180000.0,0.5694444179534912,100.0,100.0,28.0,135.0,manchester,1359.0,21115.0,0.0747,16308.0,0.0577,0.017
E02001000,Bolton 017,E08000001,Bolton,9,81.56,73.0,4.87,240.8,163000.0,79975.0,1.0381369590759277,6.0,87.0,54.0,154.0,manchester,882.0,17319.0,0.1063,10584.0,0.0649,0.0414
E02001239,Tameside 011,E08000008,Tameside,31,64.0,63.0,4.61,234.6,205000.0,115000.0,0.782608687877655,64.0,100.0,34.0,94.0,manchester,919.0,14947.0,0.0729,11028.0,0.0538,0.0191
E02000997,Bolton 014,E08000001,Bolton,4,201.5,141.5,4.74,332.5,258985.0,158995.0,0.6288877129554749,6.0,97.0,54.0,154.0,manchester,882.0,33571.0,0.1296,10584.0,0.0409,0.0887
E02001097,Manchester 053,E08000003,Manchester,25,83.84,90.0,4.81,254.2,242000.0,112500.0,1.151111125946045,84.0,100.0,81.0,198.0,manchester,1349.0,21352.0,0.0882,16188.0,0.0669,0.0213
E02006957,Salford 031,E08000006,Salford,8,79.25,51.0,4.81,196.1,220000.0,120000.0,0.8333333134651184,5.0,100.0,45.0,123.0,manchester,1162.0,12100.0,0.055,13944.0,0.0634,-0.0084
E02001210,Stockport 024,E08000007,Stockport,3,233.33,73.0,4.56,253.0,269000.0,179000.0,0.5027933120727539,0.0,100.0,42.0,253.0,manchester,1095.0,17319.0,0.0644,13140.0,0.0488,0.0156
E02001202,Stockport 016,E08000007,Stockport,11,101.0,93.0,4.69,291.8,225000.0,115000.0,0.95652174949646,94.0,100.0,42.0,253.0,manchester,1095.0,22064.0,0.0981,13140.0,0.0584,0.0397
E02001016,Bolton 033,E08000001,Bolton,4,76.75,71.0,4.8,274.3,176750.0,85250.0,1.07331383228302,0.0,62.0,54.0,154.0,manchester,882.0,16845.0,0.0953,10584.0,0.0599,0.0354
E02001200,Stockport 014,E08000007,Stockport,32,103.13,80.5,4.78,250.3,190625.0,105500.0,0.8068720102310181,57.0,100.0,42.0,253.0,manchester,1095.0,19099.0,0.1002,13140.0,0.0689,0.0313
E02001223,Stockport 037,E08000007,Stockport,5,78.6,57.0,4.92,276.2,450000.0,300000.0,0.5,50.0,100.0,42.0,253.0,manchester,1095.0,13523.0,0.0301,13140.0,0.0292,0.0009
E02001042,Bury 024,E08000002,Bury,17,111.47,89.0,4.86,196.5,295000.0,168250.0,0.7533432245254517,51.0,100.0,34.0,108.0,manchester,966.0,21115.0,0.0716,11592.0,0.0393,0.0323
E02001205,Stockport 019,E08000007,Stockport,12,64.83,50.5,4.92,207.3,210000.0,119750.0,0.7536534667015076,30.0,100.0,42.0,253.0,manchester,1095.0,11981.0,0.0571,13140.0,0.0626,-0.0055
E02001169,Salford 013,E08000006,Salford,5,139.2,135.0,4.79,214.4,325000.0,190975.0,0.7017934322357178,0.0,35.0,45.0,123.0,manchester,1162.0,32029.0,0.0986,13944.0,0.0429,0.0557
E02006902,Manchester 054,E08000003,Manchester,395,146.74,125.0,4.62,244.9,225000.0,139975.0,0.6074299216270447,90.0,100.0,81.0,198.0,manchester,1349.0,29656.0,0.1318,16188.0,0.0719,0.0599
E02001213,Stockport 027,E08000007,Stockport,22,110.82,73.5,4.81,208.3,310000.0,175500.0,0.7663817405700684,92.0,100.0,42.0,253.0,manchester,1095.0,17438.0,0.0563,13140.0,0.0424,0.0139
E02001168,Salford 012,E08000006,Salford,9,69.0,67.0,4.72,259.9,240000.0,118000.0,1.0338983535766602,24.0,100.0,45.0,123.0,manchester,1162.0,15896.0,0.0662,13944.0,0.0581,0.0081
E02001208,Stockport 022,E08000007,Stockport,10,118.1,102.5,4.47,227.3,285691.0,165000.0,0.7314606308937073,3.0,72.0,42.0,253.0,manchester,1095.0,24318.0,0.0851,13140.0,0.046,0.0391
E02001282,Trafford 024,E08000009,Trafford,30,109.5,84.0,4.79,273.6,380000.0,249475.0,0.5231987237930298,90.0,100.0,28.0,135.0,manchester,1359.0,19929.0,0.0524,16308.0,0.0429,0.0095
E02006985,Manchester 063,E08000003,Manchester,14,46.86,36.5,4.01,297.6,195000.0,91500.0,1.1311475038528442,46.0,100.0,81.0,198.0,manchester,1349.0,8660.0,0.0444,16188.0,0.083,-0.0386
E02001150,Rochdale 019,E08000005,Rochdale,5,163.6,114.0,4.73,244.4,187500.0,109500.0,0.7123287916183472,0.0,0.0,38.0,137.0,manchester,827.0,27047.0,0.1443,9924.0,0.0529,0.0914
E02001086,Manchester 042,E08000003,Manchester,23,112.91,104.0,4.78,192.8,310000.0,181250.0,0.7103448510169983,43.0,100.0,81.0,198.0,manchester,1349.0,24674.0,0.0796,16188.0,0.0522,0.0274
E02001324,Wigan 038,E08000010,Wigan,10,117.8,106.0,4.64,349.6,166000.0,103000.0,0.6116504669189453,0.0,0.0,59.0,217.0,manchester,737.0,25149.0,0.1515,8844.0,0.0533,0.0982
E02001216,Stockport 030,E08000007,Stockport,12,124.42,61.0,4.87,190.8,385000.0,243000.0,0.5843621492385864,53.0,100.0,42.0,253.0,manchester,1095.0,14472.0,0.0376,13140.0,0.0341,0.0035
E02001023,Bury 005,E08000002,Bury,2,352.0,352.0,,365.0,263000.0,171875.0,0.5301818251609802,0.0,16.0,34.0,108.0,manchester,966.0,83512.0,0.3175,11592.0,0.0441,0.2734
E02001249,Tameside 021,E08000008,Tameside,10,69.9,70.0,4.91,246.1,190000.0,109950.0,0.7280582189559937,4.0,100.0,34.0,94.0,manchester,919.0,16608.0,0.0874,11028.0,0.058,0.0294
E02001274,Trafford 016,E08000009,Trafford,6,118.5,113.0,4.76,273.8,493250.0,300000.0,0.6441666483879089,17.0,100.0,28.0,135.0,manchester,1359.0,26809.0,0.0544,16308.0,0.0331,0.0213
E02001156,Rochdale 025,E08000005,Rochdale,7,154.57,125.0,4.83,264.9,278000.0,158000.0,0.7594936490058899,0.0,42.0,38.0,137.0,manchester,827.0,29656.0,0.1067,9924.0,0.0357,0.071
E02001077,Manchester 033,E08000003,Manchester,27,91.78,70.0,4.92,213.0,440000.0,240000.0,0.8333333134651184,100.0,100.0,81.0,198.0,manchester,1349.0,16608.0,0.0377,16188.0,0.0368,0.0009
E02001242,Tameside 014,E08000008,Tameside,8,176.0,103.5,4.75,215.6,258750.0,155995.0,0.6587070226669312,100.0,100.0,34.0,94.0,manchester,919.0,24555.0,0.0949,11028.0,0.0426,0.0523
E02001083,Manchester 039,E08000003,Manchester,35,130.97,100.0,4.66,240.0,325000.0,233250.0,0.39335477352142334,100.0,100.0,81.0,198.0,manchester,1349.0,23725.0,0.073,16188.0,0.0498,0.0232
E02001219,Stockport 033,E08000007,Stockport,6,82.67,53.0,4.85,159.3,334500.0,205000.0,0.6317073106765747,61.0,100.0,42.0,253.0,manchester,1095.0,12574.0,0.0376,13140.0,0.0393,-0.0017
E02007001,Oldham 037,E08000004,Oldham,13,69.85,39.0,4.27,316.8,170000.0,90000.0,0.8888888955116272,28.0,100.0,37.0,126.0,manchester,915.0,9253.0,0.0544,10980.0,0.0646,-0.0102
E02001089,Manchester 045,E08000003,Manchester,16,87.06,79.0,4.84,264.7,400000.0,220000.0,0.8181818127632141,88.0,100.0,81.0,198.0,manchester,1349.0,18743.0,0.0469,16188.0,0.0405,0.0064
E02001043,Bury 025,E08000002,Bury,11,111.09,105.0,4.5,278.5,318500.0,170000.0,0.8735294342041016,19.0,82.0,34.0,108.0,manchester,966.0,24911.0,0.0782,11592.0,0.0364,0.0418
E02001286,Trafford 028,E08000009,Trafford,9,249.22,193.0,4.44,197.2,763500.0,464500.0,0.6437029242515564,0.0,38.0,28.0,135.0,manchester,1359.0,45789.0,0.06,16308.0,0.0214,0.0386
E02001061,Manchester 017,E08000003,Manchester,50,65.9,45.0,4.62,243.9,190500.0,84800.0,1.2464622259140015,100.0,100.0,81.0,198.0,manchester,1349.0,10676.0,0.056,16188.0,0.085,-0.029
E02001164,Salford 008,E08000006,Salford,13,78.77,67.0,4.82,251.9,203000.0,95000.0,1.136842131614685,0.0,78.0,45.0,123.0,manchester,1162.0,15896.0,0.0783,13944.0,0.0687,0.0096
E02006959,Salford 033,E08000006,Salford,131,122.41,115.0,4.76,212.3,257400.0,157812.0,0.631054699420929,96.0,100.0,45.0,123.0,manchester,1162.0,27284.0,0.106,13944.0,0.0542,0.0518
E02001062,Manchester 018,E08000003,Manchester,76,91.38,80.0,4.72,238.0,249000.0,138995.0,0.7914313673973083,34.0,100.0,81.0,198.0,manchester,1349.0,18980.0,0.0762,16188.0,0.065,0.0112
E02001173,Salford 017,E08000006,Salford,95,82.74,76.0,4.51,218.5,124995.0,80000.0,0.5624374747276306,7.0,78.0,45.0,123.0,manchester,1162.0,18031.0,0.1443,13944.0,0.1116,0.0327
E02001073,Manchester 029,E08000003,Manchester,43,116.95,90.0,4.63,228.9,415000.0,249975.0,0.6601660251617432,96.0,100.0,81.0,198.0,manchester,1349.0,21352.0,0.0515,16188.0,0.039,0.0125
E02001132,Rochdale 001,E08000005,Rochdale,6,1709.83,60.0,4.73,198.7,180250.0,117000.0,0.5405982732772827,63.0,87.0,38.0,137.0,manchester,827.0,14235.0,0.079,9924.0,0.0551,0.0239
E02001227,Stockport 041,E08000007,Stockport,6,92.33,72.5,4.9,259.5,493200.0,310000.0,0.5909677147865295,29.0,100.0,42.0,253.0,manchester,1095.0,17201.0,0.0349,13140.0,0.0266,0.0083
E02001245,Tameside 017,E08000008,Tameside,16,71.69,43.0,4.28,293.4,190000.0,124975.0,0.5203040838241577,27.0,100.0,34.0,94.0,manchester,919.0,10202.0,0.0537,11028.0,0.058,-0.0043
E02001146,Rochdale 015,E08000005,Rochdale,9,171.0,59.0,4.82,263.2,145500.0,76250.0,0.908196747303009,89.0,100.0,38.0,137.0,manchester,827.0,13998.0,0.0962,9924.0,0.0682,0.028
E02006986,Manchester 064,E08000003,Manchester,12,93.67,88.5,4.65,235.3,228500.0,112600.0,1.029307246208191,93.0,100.0,81.0,198.0,manchester,1349.0,20997.0,0.0919,16188.0,0.0708,0.0211
E02000996,Bolton 013,E08000001,Bolton,9,39.33,36.0,4.26,312.9,187500.0,87250.0,1.148997187614441,0.0,32.0,54.0,154.0,manchester,882.0,8541.0,0.0456,10584.0,0.0564,-0.0108
E02001280,Trafford 022,E08000009,Trafford,6,103.67,42.0,4.88,246.0,370000.0,215000.0,0.7209302186965942,0.0,100.0,28.0,135.0,manchester,1359.0,9964.0,0.0269,16308.0,0.0441,-0.0172
E02006960,Salford 034,E08000006,Salford,153,129.24,109.0,4.68,263.8,245000.0,134995.0,0.8148820400238037,84.0,100.0,45.0,123.0,manchester,1162.0,25860.0,0.1056,13944.0,0.0569,0.0487
E02001241,Tameside 013,E08000008,Tameside,26,88.08,86.0,4.12,311.4,155000.0,70000.0,1.2142857313156128,93.0,100.0,34.0,94.0,manchester,919.0,20404.0,0.1316,11028.0,0.0711,0.0605
E02001032,Bury 014,E08000002,Bury,1,91.0,91.0,4.97,226.0,198500.0,120000.0,0.6541666388511658,21.0,100.0,34.0,108.0,manchester,966.0,21590.0,0.1088,11592.0,0.0584,0.0504
E02001206,Stockport 020,E08000007,Stockport,12,84.75,74.5,4.85,227.5,351000.0,205500.0,0.7080292105674744,100.0,100.0,42.0,253.0,manchester,1095.0,17675.0,0.0504,13140.0,0.0374,0.013
E02000987,Bolton 004,E08000001,Bolton,11,65.0,56.0,4.8,325.9,222500.0,115000.0,0.9347826242446899,0.0,64.0,54.0,154.0,manchester,882.0,13286.0,0.0597,10584.0,0.0476,0.0121
E02001175,Salford 019,E08000006,Salford,9,81.44,86.0,4.71,173.2,248000.0,135000.0,0.8370370268821716,28.0,100.0,45.0,123.0,manchester,1162.0,20404.0,0.0823,13944.0,0.0562,0.0261
E02001003,Bolton 020,E08000001,Bolton,2,211.5,211.5,4.77,316.0,305000.0,204000.0,0.4950980246067047,36.0,90.0,54.0,154.0,manchester,882.0,50178.0,0.1645,10584.0,0.0347,0.1298
E02001117,Oldham 020,E08000004,Oldham,40,362.5,97.0,4.74,337.0,357475.0,215000.0,0.6626744270324707,22.0,100.0,37.0,126.0,manchester,915.0,23013.0,0.0644,10980.0,0.0307,0.0337
E02001047,Manchester 003,E08000003,Manchester,20,71.75,47.0,4.31,146.6,200000.0,98250.0,1.0356234312057495,46.0,100.0,81.0,198.0,manchester,1349.0,11151.0,0.0558,16188.0,0.0809,-0.0251
E02001262,Trafford 004,E08000009,Trafford,80,140.93,83.0,4.68,227.6,417500.0,230000.0,0.8152173757553101,100.0,100.0,28.0,135.0,manchester,1359.0,19692.0,0.0472,16308.0,0.0391,0.0081
E02001165,Salford 009,E08000006,Salford,10,74.1,54.0,4.86,226.8,225750.0,110000.0,1.0522726774215698,82.0,100.0,45.0,123.0,manchester,1162.0,12812.0,0.0568,13944.0,0.0618,-0.005
E02001166,Salford 010,E08000006,Salford,13,142.77,66.0,4.76,211.5,396500.0,198000.0,1.0025252103805542,42.0,88.0,45.0,123.0,manchester,1162.0,15658.0,0.0395,13944.0,0.0352,0.0043
E02001199,Stockport 013,E08000007,Stockport,8,141.75,92.0,4.71,232.0,360025.0,215000.0,0.6745348572731018,42.0,100.0,42.0,253.0,manchester,1095.0,21827.0,0.0606,13140.0,0.0365,0.0241
E02006963,Salford 037,E08000006,Salford,130,116.62,98.5,4.6,240.7,195000.0,123500.0,0.5789473652839661,100.0,100.0,45.0,123.0,manchester,1162.0,23369.0,0.1198,13944.0,0.0715,0.0483
E02001251,Tameside 023,E08000008,Tameside,10,1087.5,115.0,4.88,234.8,195000.0,119475.0,0.6321406364440918,26.0,52.0,34.0,94.0,manchester,919.0,27284.0,0.1399,11028.0,0.0566,0.0833
E02001285,Trafford 027,E08000009,Trafford,11,107.82,115.0,4.71,239.3,640500.0,359950.0,0.7794138193130493,50.0,100.0,28.0,135.0,manchester,1359.0,27284.0,0.0426,16308.0,0.0255,0.0171
E02001292,Wigan 006,E08000010,Wigan,9,72.78,63.0,4.9,288.9,217000.0,172000.0,0.2616279125213623,10.0,81.0,59.0,217.0,manchester,737.0,14947.0,0.0689,8844.0,0.0408,0.0281
E02001185,Salford 029,E08000006,Salford,4,106.5,104.5,4.79,319.0,230000.0,125000.0,0.8399999737739563,0.0,51.0,45.0,123.0,manchester,1162.0,24793.0,0.1078,13944.0,0.0606,0.0472
E02001079,Manchester 035,E08000003,Manchester,27,110.59,105.0,4.45,247.1,280550.0,151000.0,0.8579469919204712,58.0,100.0,81.0,198.0,manchester,1349.0,24911.0,0.0888,16188.0,0.0577,0.0311
E02001155,Rochdale 024,E08000005,Rochdale,20,94.3,79.5,4.39,207.9,182500.0,92000.0,0.9836956262588501,0.0,37.0,38.0,137.0,manchester,827.0,18861.0,0.1033,9924.0,0.0544,0.0489
E02001070,Manchester 026,E08000003,Manchester,36,131.67,75.0,4.4,201.7,175000.0,127000.0,0.3779527544975281,2.0,59.0,81.0,198.0,manchester,1349.0,17794.0,0.1017,16188.0,0.0925,0.0092
E02001110,Oldham 013,E08000004,Oldham,29,115.34,102.0,4.83,248.6,291900.0,227250.0,0.2844884395599365,18.0,37.0,37.0,126.0,manchester,915.0,24200.0,0.0829,10980.0,0.0376,0.0453
E02006914,Manchester 057,E08000003,Manchester,93,164.73,110.0,4.64,192.8,217500.0,154146.0,0.41099995374679565,96.0,100.0,81.0,198.0,manchester,1349.0,26098.0,0.12,16188.0,0.0744,0.0456
E02001130,Oldham 033,E08000004,Oldham,10,126.6,100.0,4.92,331.7,230000.0,137750.0,0.6696914434432983,5.0,68.0,37.0,126.0,manchester,915.0,23725.0,0.1032,10980.0,0.0477,0.0555
E02001272,Trafford 014,E08000009,Trafford,15,147.87,85.0,4.53,174.7,405500.0,238000.0,0.7037814855575562,62.0,100.0,28.0,135.0,manchester,1359.0,20166.0,0.0497,16308.0,0.0402,0.0095
E02001053,Manchester 009,E08000003,Manchester,44,87.61,68.0,4.74,280.1,160000.0,90000.0,0.7777777910232544,80.0,100.0,81.0,198.0,manchester,1349.0,16133.0,0.1008,16188.0,0.1012,-0.0004
E02001260,Trafford 002,E08000009,Trafford,4,102.5,82.5,4.82,219.0,326000.0,192500.0,0.6935064792633057,34.0,100.0,28.0,135.0,manchester,1359.0,19573.0,0.06,16308.0,0.05,0.01
E02001078,Manchester 034,E08000003,Manchester,35,67.69,53.0,4.76,242.4,320000.0,148250.0,1.1585160493850708,88.0,100.0,81.0,198.0,manchester,1349.0,12574.0,0.0393,16188.0,0.0506,-0.0113
E02001084,Manchester 040,E08000003,Manchester,29,123.45,92.0,4.68,228.8,348000.0,182000.0,0.9120879173278809,97.0,100.0,81.0,198.0,manchester,1349.0,21827.0,0.0627,16188.0,0.0465,0.0162
E02001068,Manchester 024,E08000003,Manchester,63,76.97,50.0,4.54,219.2,200000.0,103772.0,0.9273021817207336,0.0,50.0,81.0,198.0,manchester,1349.0,11862.0,0.0593,16188.0,0.0809,-0.0216
E02001162,Salford 006,E08000006,Salford,9,81.33,69.0,4.76,237.1,207000.0,107250.0,0.9300699234008789,95.0,100.0,45.0,123.0,manchester,1162.0,16370.0,0.0791,13944.0,0.0674,0.0117
E02001228,Stockport 042,E08000007,Stockport,12,129.67,100.0,4.92,292.1,595000.0,311250.0,0.9116466045379639,54.0,77.0,42.0,253.0,manchester,1095.0,23725.0,0.0399,13140.0,0.0221,0.0178
E02001276,Trafford 018,E08000003,Manchester,1,113.0,113.0,4.61,364.0,357500.0,200000.0,0.7875000238418579,75.0,100.0,81.0,198.0,manchester,1349.0,26809.0,0.075,16188.0,0.0453,0.0297
E02001080,Manchester 036,E08000003,Manchester,20,111.1,59.0,4.61,276.6,280075.0,164750.0,0.699999988079071,100.0,100.0,81.0,198.0,manchester,1349.0,13998.0,0.05,16188.0,0.0578,-0.0078
E02006983,Manchester 061,E08000003,Manchester,108,88.04,65.5,4.71,185.4,280000.0,141500.0,0.9787985682487488,83.0,100.0,81.0,198.0,manchester,1349.0,15540.0,0.0555,16188.0,0.0578,-0.0023
E02001154,Rochdale 023,E08000005,Rochdale,12,90.92,32.5,4.95,275.2,200000.0,92975.0,1.151115894317627,57.0,100.0,38.0,137.0,manchester,827.0,7711.0,0.0386,9924.0,0.0496,-0.011
E02001063,Manchester 019,E08000003,Manchester,53,149.7,109.0,4.62,225.5,165000.0,125000.0,0.3199999928474426,33.0,100.0,81.0,198.0,manchester,1349.0,25860.0,0.1567,16188.0,0.0981,0.0586
E02001193,Stockport 007,E08000007,Stockport,18,102.78,99.0,4.98,332.2,223000.0,122000.0,0.8278688788414001,6.0,100.0,42.0,253.0,manchester,1095.0,23488.0,0.1053,13140.0,0.0589,0.0464
E02001099,Oldham 002,E08000004,Oldham,1,46.0,46.0,,365.0,185000.0,114950.0,0.6093953847885132,67.0,100.0,37.0,126.0,manchester,915.0,10914.0,0.059,10980.0,0.0594,-0.0004
E02001108,Oldham 011,E08000004,Oldham,6,74.0,51.5,4.73,345.2,150000.0,112995.0,0.327492356300354,85.0,100.0,37.0,126.0,manchester,915.0,12218.0,0.0815,10980.0,0.0732,0.0083
E02001081,Manchester 037,E08000003,Manchester,20,119.05,108.0,4.85,188.6,418750.0,244250.0,0.7144319415092468,91.0,100.0,81.0,198.0,manchester,1349.0,25623.0,0.0612,16188.0,0.0387,0.0225
E02001076,Manchester 032,E08000003,Manchester,40,90.58,67.0,4.68,246.6,341000.0,165000.0,1.0666667222976685,18.0,100.0,81.0,198.0,manchester,1349.0,15896.0,0.0466,16188.0,0.0475,-0.0009
E02006913,Manchester 056,E08000003,Manchester,60,90.63,78.0,4.61,242.5,180000.0,138738.0,0.2974095046520233,95.0,100.0,81.0,198.0,manchester,1349.0,18506.0,0.1028,16188.0,0.0899,0.0129
E02001207,Stockport 021,E08000007,Stockport,7,79.0,68.0,4.84,179.0,310000.0,185000.0,0.6756756901741028,0.0,46.0,42.0,253.0,manchester,1095.0,16133.0,0.052,13140.0,0.0424,0.0096
E02001189,Stockport 003,E08000007,Stockport,5,75.0,71.0,4.81,264.2,270000.0,138750.0,0.9459459185600281,97.0,100.0,42.0,253.0,manchester,1095.0,16845.0,0.0624,13140.0,0.0487,0.0137
E02001307,Wigan 021,E08000010,Wigan,6,214.83,61.5,4.9,303.8,220000.0,154950.0,0.4198128283023834,33.0,100.0,59.0,217.0,manchester,737.0,14591.0,0.0663,8844.0,0.0402,0.0261
E02001204,Stockport 018,E08000007,Stockport,7,85.57,86.0,4.94,230.1,275500.0,145500.0,0.8934707641601562,11.0,70.0,42.0,253.0,manchester,1095.0,20404.0,0.0741,13140.0,0.0477,0.0264
E02001034,Bury 016,E08000002,Bury,5,75.0,85.0,4.76,246.4,150000.0,80500.0,0.8633540272712708,59.0,100.0,34.0,108.0,manchester,966.0,20166.0,0.1344,11592.0,0.0773,0.0571
E02001298,Wigan 012,E08000010,Wigan,10,77.9,73.5,4.78,305.4,136000.0,78750.0,0.7269841432571411,55.0,100.0,59.0,217.0,manchester,737.0,17438.0,0.1282,8844.0,0.065,0.0632
E02001147,Rochdale 016,E08000005,Rochdale,5,59.4,54.0,4.61,345.6,192500.0,164998.0,0.16668081283569336,0.0,76.0,38.0,137.0,manchester,827.0,12812.0,0.0666,9924.0,0.0516,0.015
E02001044,Bury 026,E08000002,Bury,15,217.07,116.0,4.8,323.3,310000.0,193310.0,0.6036418080329895,60.0,100.0,34.0,108.0,manchester,966.0,27521.0,0.0888,11592.0,0.0374,0.0514
E02001031,Bury 013,E08000002,Bury,2,73.5,73.5,4.87,335.0,225000.0,128000.0,0.7578125,0.0,63.0,34.0,108.0,manchester,966.0,17438.0,0.0775,11592.0,0.0515,0.026
E02006961,Salford 035,E08000006,Salford,132,95.38,81.0,4.68,211.0,151750.0,102000.0,0.48774510622024536,96.0,100.0,45.0,123.0,manchester,1162.0,19217.0,0.1266,13944.0,0.0919,0.0347
E02001259,Trafford 001,E08000009,Trafford,121,150.21,98.0,4.69,253.2,312500.0,130000.0,1.4038461446762085,87.0,100.0,28.0,135.0,manchester,1359.0,23250.0,0.0744,16308.0,0.0522,0.0222
E02001226,Stockport 040,E08000007,Stockport,15,104.27,102.0,4.92,210.3,365500.0,198250.0,0.8436318039894104,17.0,100.0,42.0,253.0,manchester,1095.0,24200.0,0.0662,13140.0,0.036,0.0302
E02001203,Stockport 017,E08000007,Stockport,20,1675.1,130.0,4.96,219.6,490000.0,325000.0,0.5076923370361328,38.0,91.0,42.0,253.0,manchester,1095.0,30842.0,0.0629,13140.0,0.0268,0.0361
E02001066,Manchester 022,E08000003,Manchester,65,83.31,67.0,4.43,273.4,221500.0,110000.0,1.0136363506317139,0.0,80.0,81.0,198.0,manchester,1349.0,15896.0,0.0718,16188.0,0.0731,-0.0013
E02001294,Wigan 008,E08000010,Wigan,20,63.0,66.0,4.64,251.9,167000.0,105000.0,0.5904762148857117,37.0,100.0,59.0,217.0,manchester,737.0,15658.0,0.0938,8844.0,0.053,0.0408
E02001211,Stockport 025,E08000007,Stockport,11,137.73,51.0,4.82,224.5,409600.0,245000.0,0.6718367338180542,95.0,100.0,42.0,253.0,manchester,1095.0,12100.0,0.0295,13140.0,0.0321,-0.0026
E02001036,Bury 018,E08000002,Bury,5,85.6,77.0,4.83,274.4,218000.0,143250.0,0.5218150019645691,18.0,97.0,34.0,108.0,manchester,966.0,18268.0,0.0838,11592.0,0.0532,0.0306
E02000993,Bolton 010,E08000001,Bolton,8,88.0,66.5,4.87,241.4,182500.0,74000.0,1.4662162065505981,67.0,100.0,54.0,154.0,manchester,882.0,15777.0,0.0864,10584.0,0.058,0.0284
E02001027,Bury 009,E08000002,Bury,7,75.86,40.0,4.86,273.9,175000.0,113995.0,0.5351550579071045,0.0,88.0,34.0,108.0,manchester,966.0,9490.0,0.0542,11592.0,0.0662,-0.012
E02001045,Manchester 001,E08000003,Manchester,20,96.25,100.0,4.7,271.2,195000.0,89000.0,1.1910111904144287,0.0,49.0,81.0,198.0,manchester,1349.0,23725.0,0.1217,16188.0,0.083,0.0387
E02001281,Trafford 023,E08000009,Trafford,7,96.0,70.0,4.88,277.0,446350.0,267000.0,0.6717228293418884,46.0,100.0,28.0,135.0,manchester,1359.0,16608.0,0.0372,16308.0,0.0365,0.0007
E02001233,Tameside 005,E08000008,Tameside,5,94.0,99.0,4.66,237.4,202250.0,101000.0,1.0024752616882324,67.0,100.0,34.0,94.0,manchester,919.0,23488.0,0.1161,11028.0,0.0545,0.0616
E02001314,Wigan 028,E08000010,Wigan,2,117.5,117.5,4.98,331.0,260000.0,152000.0,0.7105262875556946,0.0,0.0,59.0,217.0,manchester,737.0,27877.0,0.1072,8844.0,0.034,0.0732
E02001153,Rochdale 022,E08000005,Rochdale,18,70.06,52.5,4.59,300.6,240000.0,113995.0,1.1053555011749268,0.0,0.0,38.0,137.0,manchester,827.0,12456.0,0.0519,9924.0,0.0414,0.0105
E02001145,Rochdale 014,E08000005,Rochdale,5,98.4,73.0,4.87,318.6,191000.0,125000.0,0.527999997138977,88.0,100.0,38.0,137.0,manchester,827.0,17319.0,0.0907,9924.0,0.052,0.0387
E02001197,Stockport 011,E08000007,Stockport,7,91.71,86.0,4.88,260.9,340500.0,207500.0,0.6409638524055481,37.0,100.0,42.0,253.0,manchester,1095.0,20404.0,0.0599,13140.0,0.0386,0.0213
E02001289,Wigan 003,E08000010,Wigan,4,36.5,36.0,4.79,216.5,210000.0,168000.0,0.25,24.0,90.0,59.0,217.0,manchester,737.0,8541.0,0.0407,8844.0,0.0421,-0.0014
E02001020,Bury 002,E08000002,Bury,1,45.0,45.0,4.96,114.0,315000.0,234975.0,0.3405681550502777,0.0,0.0,34.0,108.0,manchester,966.0,10676.0,0.0339,11592.0,0.0368,-0.0029
E02001196,Stockport 010,E08000007,Stockport,4,90.75,80.0,4.84,310.5,310000.0,189000.0,0.6402116417884827,58.0,95.0,42.0,253.0,manchester,1095.0,18980.0,0.0612,13140.0,0.0424,0.0188
E02001276,Trafford 018,E08000009,Trafford,5,40.8,38.0,4.88,196.4,357500.0,200000.0,0.7875000238418579,75.0,100.0,28.0,135.0,manchester,1359.0,9016.0,0.0252,16308.0,0.0456,-0.0204
E02000984,Bolton 001,E08000001,Bolton,1,22.0,22.0,4.85,283.0,285000.0,189000.0,0.5079365372657776,4.0,48.0,54.0,154.0,manchester,882.0,5220.0,0.0183,10584.0,0.0371,-0.0188
E02001134,Rochdale 003,E08000005,Rochdale,12,901.92,66.0,4.94,330.4,257750.0,148975.0,0.7301560640335083,89.0,100.0,38.0,137.0,manchester,827.0,15658.0,0.0607,9924.0,0.0385,0.0222
E02001268,Trafford 010,E08000009,Trafford,4,45.0,53.5,4.85,214.3,369950.0,205000.0,0.804634153842926,100.0,100.0,28.0,135.0,manchester,1359.0,12693.0,0.0343,16308.0,0.0441,-0.0098
E02001267,Trafford 009,E08000009,Trafford,6,68.83,39.5,4.82,231.7,298000.0,175000.0,0.7028571367263794,100.0,100.0,28.0,135.0,manchester,1359.0,9371.0,0.0314,16308.0,0.0547,-0.0233
E02001035,Bury 017,E08000002,Bury,2,27.5,27.5,4.47,364.0,293000.0,175250.0,0.671897292137146,0.0,77.0,34.0,108.0,manchester,966.0,6524.0,0.0223,11592.0,0.0396,-0.0173
E02001125,Oldham 028,E08000004,Oldham,7,92.29,100.0,4.66,279.6,180000.0,100000.0,0.800000011920929,68.0,100.0,37.0,126.0,manchester,915.0,23725.0,0.1318,10980.0,0.061,0.0708
E02001157,Salford 001,E08000006,Salford,7,54.14,45.0,3.92,292.6,189000.0,75000.0,1.5199999809265137,0.0,21.0,45.0,123.0,manchester,1162.0,10676.0,0.0565,13944.0,0.0738,-0.0173
E02001128,Oldham 031,E08000004,Oldham,6,76.0,76.5,4.13,160.5,179999.0,90000.0,0.9999889135360718,83.0,100.0,37.0,126.0,manchester,915.0,18150.0,0.1008,10980.0,0.061,0.0398
E02000988,Bolton 005,E08000001,Bolton,3,77.33,55.0,4.63,237.3,148250.0,85000.0,0.7441176176071167,5.0,80.0,54.0,154.0,manchester,882.0,13049.0,0.088,10584.0,0.0714,0.0166
E02001229,Tameside 001,E08000008,Tameside,9,1182.0,81.0,4.85,247.7,196250.0,133000.0,0.4755639135837555,66.0,100.0,34.0,94.0,manchester,919.0,19217.0,0.0979,11028.0,0.0562,0.0417
E02001127,Oldham 030,E08000004,Oldham,11,34.82,31.0,4.69,252.1,218250.0,121000.0,0.8037189841270447,4.0,100.0,37.0,126.0,manchester,915.0,7355.0,0.0337,10980.0,0.0503,-0.0166
E02001171,Salford 015,E08000006,Salford,10,54.5,43.5,4.89,165.4,261044.0,143000.0,0.8254825472831726,0.0,82.0,45.0,123.0,manchester,1162.0,10320.0,0.0395,13944.0,0.0534,-0.0139
E02001224,Stockport 038,E08000007,Stockport,5,124.8,62.0,4.94,287.6,378750.0,245000.0,0.545918345451355,9.0,100.0,42.0,253.0,manchester,1095.0,14710.0,0.0388,13140.0,0.0347,0.0041
E02001008,Bolton 025,E08000001,Bolton,3,48.67,19.0,4.89,292.0,135000.0,82250.0,0.6413373947143555,9.0,87.0,54.0,154.0,manchester,882.0,4508.0,0.0334,10584.0,0.0784,-0.045
E02001037,Bury 019,E08000002,Bury,8,114.88,102.5,4.63,241.4,328750.0,190500.0,0.7257217764854431,54.0,100.0,34.0,108.0,manchester,966.0,24318.0,0.074,11592.0,0.0353,0.0387
E02001238,Tameside 010,E08000008,Tameside,18,80.83,58.5,4.88,339.1,232250.0,113000.0,1.055309772491455,76.0,100.0,34.0,94.0,manchester,919.0,13879.0,0.0598,11028.0,0.0475,0.0123
E02001021,Bury 003,E08000002,Bury,5,110.2,95.0,4.91,274.2,308500.0,178000.0,0.733146071434021,0.0,0.0,34.0,108.0,manchester,966.0,22539.0,0.0731,11592.0,0.0376,0.0355
E02001024,Bury 006,E08000002,Bury,5,71.4,87.0,4.6,241.6,250000.0,153000.0,0.6339869499206543,0.0,0.0,34.0,108.0,manchester,966.0,20641.0,0.0826,11592.0,0.0464,0.0362
E02001284,Trafford 026,E08000009,Trafford,13,160.08,81.0,4.87,133.8,639500.0,397475.0,0.6089062094688416,71.0,100.0,28.0,135.0,manchester,1359.0,19217.0,0.0301,16308.0,0.0255,0.0046
E02001270,Trafford 012,E08000009,Trafford,14,79.36,61.5,4.72,256.0,345500.0,225000.0,0.5355555415153503,80.0,100.0,28.0,135.0,manchester,1359.0,14591.0,0.0422,16308.0,0.0472,-0.005
E02001191,Stockport 005,E08000007,Stockport,2,85.5,85.5,4.98,127.0,300000.0,171000.0,0.7543859481811523,100.0,100.0,42.0,253.0,manchester,1095.0,20285.0,0.0676,13140.0,0.0438,0.0238
E02001312,Wigan 026,E08000010,Wigan,3,76.67,78.0,4.67,241.3,162000.0,92000.0,0.760869562625885,0.0,0.0,59.0,217.0,manchester,737.0,18506.0,0.1142,8844.0,0.0546,0.0596
E02001151,Rochdale 020,E08000005,Rochdale,2,124.0,124.0,4.84,90.5,270000.0,154995.0,0.7419916987419128,0.0,16.0,38.0,137.0,manchester,827.0,29419.0,0.109,9924.0,0.0368,0.0722
E02001194,Stockport 008,E08000007,Stockport,7,101.57,98.0,4.74,144.1,380000.0,313500.0,0.21212121844291687,67.0,100.0,42.0,253.0,manchester,1095.0,23250.0,0.0612,13140.0,0.0346,0.0266
E02001017,Bolton 034,E08000001,Bolton,4,64.25,60.5,4.96,166.0,190000.0,116000.0,0.6379310488700867,56.0,100.0,54.0,154.0,manchester,882.0,14354.0,0.0755,10584.0,0.0557,0.0198
E02001096,Manchester 052,E08000003,Manchester,18,119.28,136.0,4.78,271.6,231000.0,128750.0,0.7941747307777405,100.0,100.0,81.0,198.0,manchester,1349.0,32266.0,0.1397,16188.0,0.0701,0.0696
E02001237,Tameside 009,E08000008,Tameside,3,68.67,64.0,4.94,256.7,205000.0,142500.0,0.4385964870452881,12.0,79.0,34.0,94.0,manchester,919.0,15184.0,0.0741,11028.0,0.0538,0.0203
E02000998,Bolton 015,E08000001,Bolton,6,79.5,84.5,4.36,135.3,131000.0,77000.0,0.701298713684082,0.0,63.0,54.0,154.0,manchester,882.0,20048.0,0.153,10584.0,0.0808,0.0722
E02001319,Wigan 033,E08000010,Wigan,7,86.0,84.0,4.76,248.4,175000.0,100000.0,0.75,0.0,0.0,59.0,217.0,manchester,737.0,19929.0,0.1139,8844.0,0.0505,0.0634
E02001141,Rochdale 010,E08000005,Rochdale,7,75.71,89.0,4.66,258.4,130000.0,69500.0,0.8705036044120789,73.0,100.0,38.0,137.0,manchester,827.0,21115.0,0.1624,9924.0,0.0763,0.0861
E02001247,Tameside 019,E08000008,Tameside,4,57.25,52.0,4.86,212.3,215000.0,109000.0,0.9724770784378052,86.0,100.0,34.0,94.0,manchester,919.0,12337.0,0.0574,11028.0,0.0513,0.0061
E02001001,Bolton 018,E08000001,Bolton,5,63.8,67.0,4.76,259.6,190000.0,135500.0,0.40221402049064636,0.0,15.0,54.0,154.0,manchester,882.0,15896.0,0.0837,10584.0,0.0557,0.028
E02001290,Wigan 004,E08000010,Wigan,4,2538.0,65.0,4.96,209.8,232250.0,149000.0,0.5587248206138611,0.0,0.0,59.0,217.0,manchester,737.0,15421.0,0.0664,8844.0,0.0381,0.0283
E02001322,Wigan 036,E08000010,Wigan,8,68.5,60.5,4.81,133.1,192000.0,122100.0,0.5724815726280212,24.0,95.0,59.0,217.0,manchester,737.0,14354.0,0.0748,8844.0,0.0461,0.0287
E02001030,Bury 012,E08000002,Bury,1,36.0,36.0,4.73,309.0,280108.0,155000.0,0.8071483969688416,0.0,9.0,34.0,108.0,manchester,966.0,8541.0,0.0305,11592.0,0.0414,-0.0109
E02001278,Trafford 020,E08000009,Trafford,7,214.43,122.0,4.85,244.4,441250.0,258500.0,0.7069632411003113,83.0,100.0,28.0,135.0,manchester,1359.0,28944.0,0.0656,16308.0,0.037,0.0286
E02001085,Manchester 041,E08000003,Manchester,6,162.83,183.5,4.72,285.5,285900.0,142000.0,1.0133802890777588,96.0,100.0,81.0,198.0,manchester,1349.0,43535.0,0.1523,16188.0,0.0566,0.0957
E02001323,Wigan 037,E08000010,Wigan,7,113.14,76.0,4.9,228.1,210750.0,144000.0,0.4635416567325592,0.0,0.0,59.0,217.0,manchester,737.0,18031.0,0.0856,8844.0,0.042,0.0436
E02001170,Salford 014,E08000006,Salford,4,114.5,106.0,4.8,202.5,345000.0,211500.0,0.631205677986145,0.0,70.0,45.0,123.0,manchester,1162.0,25149.0,0.0729,13944.0,0.0404,0.0325
E02001244,Tameside 016,E08000008,Tameside,2,166.5,166.5,4.69,179.0,241328.0,142000.0,0.6994929313659668,12.0,100.0,34.0,94.0,manchester,919.0,39502.0,0.1637,11028.0,0.0457,0.118
E02001218,Stockport 032,E08000007,Stockport,6,290.83,129.5,4.97,278.7,545000.0,275000.0,0.9818181991577148,27.0,100.0,42.0,253.0,manchester,1095.0,30724.0,0.0564,13140.0,0.0241,0.0323
E02001256,Tameside 028,E08000008,Tameside,10,47.2,42.5,3.97,235.3,180000.0,104000.0,0.7307692170143127,70.0,100.0,34.0,94.0,manchester,919.0,10083.0,0.056,11028.0,0.0613,-0.0053
E02001022,Bury 004,E08000002,Bury,3,112.33,91.0,4.99,196.0,220000.0,137000.0,0.6058394312858582,0.0,26.0,34.0,108.0,manchester,966.0,21590.0,0.0981,11592.0,0.0527,0.0454
E02001118,Oldham 021,E08000004,Oldham,2,224.0,224.0,4.88,336.5,275000.0,190000.0,0.44736841320991516,0.0,18.0,37.0,126.0,manchester,915.0,53144.0,0.1933,10980.0,0.0399,0.1534
E02000994,Bolton 011,E08000001,Bolton,9,79.11,80.0,4.7,235.8,110000.0,70000.0,0.5714285969734192,0.0,72.0,54.0,154.0,manchester,882.0,18980.0,0.1725,10584.0,0.0962,0.0763
E02001187,Stockport 001,E08000007,Stockport,8,95.88,80.0,4.69,272.9,235000.0,115000.0,1.04347825050354,100.0,100.0,42.0,253.0,manchester,1095.0,18980.0,0.0808,13140.0,0.0559,0.0249
E02001012,Bolton 029,E08000001,Bolton,4,67.25,54.5,4.87,222.0,197475.0,102000.0,0.9360294342041016,0.0,97.0,54.0,154.0,manchester,882.0,12930.0,0.0655,10584.0,0.0536,0.0119
E02001309,Wigan 023,E08000010,Wigan,4,64.5,64.0,4.92,222.3,165000.0,96000.0,0.71875,13.0,71.0,59.0,217.0,manchester,737.0,15184.0,0.092,8844.0,0.0536,0.0384
E02001028,Bury 010,E08000002,Bury,2,64.5,64.5,5.0,216.0,297500.0,181500.0,0.6391184329986572,0.0,27.0,34.0,108.0,manchester,966.0,15303.0,0.0514,11592.0,0.039,0.0124
E02001124,Oldham 027,E08000004,Oldham,5,78.0,88.0,4.88,231.0,159000.0,71000.0,1.2394366264343262,92.0,100.0,37.0,126.0,manchester,915.0,20878.0,0.1313,10980.0,0.0691,0.0622
E02001257,Tameside 029,E08000008,Tameside,5,42.0,38.0,4.67,140.0,220000.0,115500.0,0.9047619104385376,0.0,82.0,34.0,94.0,manchester,919.0,9016.0,0.041,11028.0,0.0501,-0.0091
E02001266,Trafford 008,E08000009,Trafford,10,67.0,64.0,4.85,134.8,273500.0,137250.0,0.9927140474319458,92.0,100.0,28.0,135.0,manchester,1359.0,15184.0,0.0555,16308.0,0.0596,-0.0041
E02001318,Wigan 032,E08000010,Wigan,1,50.0,50.0,4.79,346.0,207000.0,132500.0,0.5622641444206238,77.0,100.0,59.0,217.0,manchester,737.0,11862.0,0.0573,8844.0,0.0427,0.0146
E02001131,Oldham 034,E08000004,Oldham,5,81.8,84.0,4.88,235.4,230000.0,131250.0,0.7523809671401978,35.0,100.0,37.0,126.0,manchester,915.0,19929.0,0.0866,10980.0,0.0477,0.0389
E02001139,Rochdale 008,E08000005,Rochdale,4,48.0,31.5,4.38,276.0,140500.0,72750.0,0.931271493434906,58.0,100.0,38.0,137.0,manchester,827.0,7473.0,0.0532,9924.0,0.0706,-0.0174
E02001095,Manchester 051,E08000003,Manchester,7,162.14,119.0,4.61,259.0,236000.0,105000.0,1.2476190328598022,55.0,100.0,81.0,198.0,manchester,1349.0,28233.0,0.1196,16188.0,0.0686,0.051
E02001310,Wigan 024,E08000010,Wigan,4,100.25,104.0,4.73,315.5,157750.0,76500.0,1.0620914697647095,0.0,32.0,59.0,217.0,manchester,737.0,24674.0,0.1564,8844.0,0.0561,0.1003
E02001293,Wigan 007,E08000010,Wigan,3,123.67,142.0,4.87,280.7,183500.0,114995.0,0.5957215428352356,4.0,44.0,59.0,217.0,manchester,737.0,33690.0,0.1836,8844.0,0.0482,0.1354
E02001297,Wigan 011,E08000010,Wigan,1,85.0,85.0,4.73,84.0,187000.0,100000.0,0.8700000047683716,0.0,94.0,59.0,217.0,manchester,737.0,20166.0,0.1078,8844.0,0.0473,0.0605
E02001112,Oldham 015,E08000004,Oldham,2,212.5,212.5,4.81,124.0,252500.0,150975.0,0.6724623441696167,69.0,100.0,37.0,126.0,manchester,915.0,50416.0,0.1997,10980.0,0.0435,0.1562
E02001025,Bury 007,E08000002,Bury,8,84.63,87.5,4.84,278.1,175000.0,91500.0,0.9125683307647705,0.0,43.0,34.0,108.0,manchester,966.0,20759.0,0.1186,11592.0,0.0662,0.0524
E02001116,Oldham 019,E08000004,Oldham,7,52.0,34.0,3.98,259.9,135000.0,59750.0,1.2594141960144043,15.0,100.0,37.0,126.0,manchester,915.0,8067.0,0.0598,10980.0,0.0813,-0.0215
E02001039,Bury 021,E08000002,Bury,5,74.4,95.0,4.91,205.6,246000.0,123250.0,0.9959431886672974,58.0,100.0,34.0,108.0,manchester,966.0,22539.0,0.0916,11592.0,0.0471,0.0445
E02001161,Salford 005,E08000006,Salford,3,104.33,108.0,4.57,219.7,225000.0,99950.0,1.2511255741119385,58.0,100.0,45.0,123.0,manchester,1162.0,25623.0,0.1139,13944.0,0.062,0.0519
E02001306,Wigan 020,E08000010,Wigan,1,130.0,130.0,4.83,239.0,183750.0,125000.0,0.4699999988079071,0.0,35.0,59.0,217.0,manchester,737.0,30842.0,0.1678,8844.0,0.0481,0.1197
E02001315,Wigan 029,E08000010,Wigan,7,166.57,148.0,4.91,208.0,265000.0,146000.0,0.8150684833526611,0.0,0.0,59.0,217.0,manchester,737.0,35113.0,0.1325,8844.0,0.0334,0.0991
E02001321,Wigan 035,E08000010,Wigan,5,173.6,115.0,3.45,281.0,190000.0,124975.0,0.5203040838241577,0.0,40.0,59.0,217.0,manchester,737.0,27284.0,0.1436,8844.0,0.0465,0.0971
E02001009,Bolton 026,E08000001,Bolton,8,38.0,34.0,4.29,349.4,186000.0,91000.0,1.0439560413360596,0.0,6.0,54.0,154.0,manchester,882.0,8067.0,0.0434,10584.0,0.0569,-0.0135
E02001126,Oldham 029,E08000004,Oldham,2,45.0,45.0,4.78,268.0,208998.0,75000.0,1.7866400480270386,0.0,33.0,37.0,126.0,manchester,915.0,10676.0,0.0511,10980.0,0.0525,-0.0014
E02001006,Bolton 023,E08000001,Bolton,9,46.44,41.0,4.6,309.2,148500.0,75000.0,0.9800000190734863,0.0,80.0,54.0,154.0,manchester,882.0,9727.0,0.0655,10584.0,0.0713,-0.0058
E02001198,Stockport 012,E08000007,Stockport,1,158.0,158.0,4.81,127.0,246000.0,126250.0,0.9485148787498474,47.0,100.0,42.0,253.0,manchester,1095.0,37486.0,0.1524,13140.0,0.0534,0.099
E02001220,Stockport 034,E08000007,Stockport,3,140.67,134.0,4.68,206.7,374595.0,255000.0,0.4690000116825104,29.0,100.0,42.0,253.0,manchester,1095.0,31792.0,0.0849,13140.0,0.0351,0.0498
E02001296,Wigan 010,E08000010,Wigan,3,97.0,86.0,4.91,235.7,130000.0,73000.0,0.7808219194412231,0.0,60.0,59.0,217.0,manchester,737.0,20404.0,0.157,8844.0,0.068,0.089
E02001254,Tameside 026,E08000008,Tameside,2,28.0,28.0,4.73,222.5,197500.0,110000.0,0.7954545617103577,5.0,100.0,34.0,94.0,manchester,919.0,6643.0,0.0336,11028.0,0.0558,-0.0222
E02001114,Oldham 017,E08000004,Oldham,4,50.5,36.0,4.53,200.0,176000.0,120000.0,0.46666666865348816,50.0,100.0,37.0,126.0,manchester,915.0,8541.0,0.0485,10980.0,0.0624,-0.0139
E02001248,Tameside 020,E08000008,Tameside,6,89.67,99.5,4.94,194.7,198075.0,145500.0,0.361340194940567,90.0,100.0,34.0,94.0,manchester,919.0,23606.0,0.1192,11028.0,0.0557,0.0635
E02001088,Manchester 044,E08000003,Manchester,17,106.29,103.0,4.71,290.2,314200.0,137000.0,1.2934306859970093,95.0,100.0,81.0,198.0,manchester,1349.0,24437.0,0.0778,16188.0,0.0515,0.0263
E02000986,Bolton 003,E08000001,Bolton,3,89.67,101.0,4.84,211.3,198250.0,132000.0,0.501893937587738,13.0,92.0,54.0,154.0,manchester,882.0,23962.0,0.1209,10584.0,0.0534,0.0675
E02001002,Bolton 019,E08000001,Bolton,5,53.2,34.0,4.8,312.6,190000.0,108000.0,0.7592592835426331,0.0,4.0,54.0,154.0,manchester,882.0,8067.0,0.0425,10584.0,0.0557,-0.0132
E02001111,Oldham 014,E08000004,Oldham,16,56.25,50.5,3.89,298.9,133750.0,55000.0,1.4318181276321411,79.0,100.0,37.0,126.0,manchester,915.0,11981.0,0.0896,10980.0,0.0821,0.0075
E02001288,Wigan 002,E08000010,Wigan,4,86.0,84.5,4.88,295.5,260950.0,159000.0,0.6411949396133423,0.0,0.0,59.0,217.0,manchester,737.0,20048.0,0.0768,8844.0,0.0339,0.0429
E02001235,Tameside 007,E08000008,Tameside,8,47.13,32.0,4.18,277.5,200000.0,124950.0,0.6006402373313904,58.0,100.0,34.0,94.0,manchester,919.0,7592.0,0.038,11028.0,0.0551,-0.0171
E02001265,Trafford 007,E08000009,Trafford,6,137.17,110.5,4.63,249.3,315000.0,182475.0,0.7262638807296753,44.0,100.0,28.0,135.0,manchester,1359.0,26216.0,0.0832,16308.0,0.0518,0.0314
E02001004,Bolton 021,E08000001,Bolton,1,68.0,68.0,4.33,339.0,140000.0,61000.0,1.2950819730758667,16.0,98.0,54.0,154.0,manchester,882.0,16133.0,0.1152,10584.0,0.0756,0.0396
E02001029,Bury 011,E08000002,Bury,8,68.5,79.0,4.63,258.5,200000.0,104500.0,0.9138755798339844,58.0,100.0,34.0,108.0,manchester,966.0,18743.0,0.0937,11592.0,0.058,0.0357
E02001119,Oldham 022,E08000004,Oldham,3,227.67,206.0,5.0,333.3,145000.0,70000.0,1.0714285373687744,48.0,100.0,37.0,126.0,manchester,915.0,48874.0,0.3371,10980.0,0.0757,0.2614
E02001303,Wigan 017,E08000010,Wigan,7,42.86,35.0,4.93,265.6,184500.0,106000.0,0.7405660152435303,85.0,100.0,59.0,217.0,manchester,737.0,8304.0,0.045,8844.0,0.0479,-0.0029
E02001325,Wigan 039,E08000010,Wigan,3,84.67,91.0,4.43,175.7,266498.0,157750.0,0.689369261264801,0.0,0.0,59.0,217.0,manchester,737.0,21590.0,0.081,8844.0,0.0332,0.0478
E02001133,Rochdale 002,E08000005,Rochdale,3,70.0,68.0,3.0,239.3,232500.0,134950.0,0.7228603363037109,19.0,76.0,38.0,137.0,manchester,827.0,16133.0,0.0694,9924.0,0.0427,0.0267
E02001142,Rochdale 011,E08000005,Rochdale,2,64.0,64.0,4.0,184.5,303750.0,185000.0,0.6418918967247009,0.0,26.0,38.0,137.0,manchester,827.0,15184.0,0.05,9924.0,0.0327,0.0173
E02001250,Tameside 022,E08000008,Tameside,4,2318.0,2964.5,4.0,364.0,274950.0,151000.0,0.8208609223365784,79.0,100.0,34.0,94.0,manchester,919.0,703328.0,2.558,11028.0,0.0401,2.5179
E02001105,Oldham 008,E08000004,Oldham,1,78.0,78.0,,365.0,235000.0,134000.0,0.753731369972229,0.0,4.0,37.0,126.0,manchester,915.0,18506.0,0.0787,10980.0,0.0467,0.032
E02001287,Wigan 001,E08000010,Wigan,3,67.67,68.0,4.38,240.7,238000.0,159000.0,0.49685534834861755,0.0,0.0,59.0,217.0,manchester,737.0,16133.0,0.0678,8844.0,0.0372,0.0306
E02001158,Salford 002,E08000006,Salford,6,67.5,36.5,4.82,299.0,160000.0,75000.0,1.1333333253860474,14.0,82.0,45.0,123.0,manchester,1162.0,8660.0,0.0541,13944.0,0.0872,-0.0331
E02001277,Trafford 019,E08000009,Trafford,4,71.5,65.5,4.89,187.3,308000.0,169950.0,0.8122977614402771,0.0,84.0,28.0,135.0,manchester,1359.0,15540.0,0.0505,16308.0,0.0529,-0.0024
E02001102,Oldham 005,E08000004,Oldham,1,36.0,36.0,5.0,362.0,250000.0,132500.0,0.8867924809455872,20.0,70.0,37.0,126.0,manchester,915.0,8541.0,0.0342,10980.0,0.0439,-0.0097
E02001291,Wigan 005,E08000010,Wigan,2,85.0,85.0,3.99,352.0,170000.0,114000.0,0.4912280738353729,0.0,37.0,59.0,217.0,manchester,737.0,20166.0,0.1186,8844.0,0.052,0.0666
E02001143,Rochdale 012,E08000005,Rochdale,5,334.0,79.0,4.93,300.4,182000.0,90500.0,1.011049747467041,74.0,100.0,38.0,137.0,manchester,827.0,18743.0,0.103,9924.0,0.0545,0.0485
E02001148,Rochdale 017,E08000005,Rochdale,4,104.5,94.5,5.0,338.8,172500.0,116500.0,0.4806866943836212,67.0,97.0,38.0,137.0,manchester,827.0,22420.0,0.13,9924.0,0.0575,0.0725
E02001018,Bolton 035,E08000001,Bolton,1,73.0,73.0,4.73,163.0,245000.0,140000.0,0.75,46.0,100.0,54.0,154.0,manchester,882.0,17319.0,0.0707,10584.0,0.0432,0.0275
E02001231,Tameside 003,E08000008,Tameside,4,2594.0,150.5,4.78,242.8,233500.0,160000.0,0.4593749940395355,15.0,66.0,34.0,94.0,manchester,919.0,35706.0,0.1529,11028.0,0.0472,0.1057
E02001014,Bolton 031,E08000001,Bolton,4,72.75,75.0,4.8,326.0,205000.0,108500.0,0.8894008994102478,82.0,100.0,54.0,154.0,manchester,882.0,17794.0,0.0868,10584.0,0.0516,0.0352
E02000992,Bolton 009,E08000001,Bolton,3,78.67,77.0,4.78,278.3,210000.0,138875.0,0.5121512413024902,52.0,100.0,54.0,154.0,manchester,882.0,18268.0,0.087,10584.0,0.0504,0.0366
E02001015,Bolton 032,E08000001,Bolton,6,75.0,74.5,4.82,212.3,162000.0,75500.0,1.1456953287124634,74.0,100.0,54.0,154.0,manchester,882.0,17675.0,0.1091,10584.0,0.0653,0.0438
E02001159,Salford 003,E08000006,Salford,2,66.5,66.5,4.82,177.0,241500.0,121000.0,0.9958677887916565,30.0,100.0,45.0,123.0,manchester,1162.0,15777.0,0.0653,13944.0,0.0577,0.0076
E02001308,Wigan 022,E08000010,Wigan,3,40.33,35.0,4.75,89.0,185000.0,114975.0,0.6090454459190369,53.0,100.0,59.0,217.0,manchester,737.0,8304.0,0.0449,8844.0,0.0478,-0.0029
E02001275,Trafford 017,E08000006,Salford,1,40.0,40.0,4.92,90.0,210000.0,115500.0,0.8181818127632141,0.0,6.0,45.0,123.0,manchester,1162.0,9490.0,0.0452,13944.0,0.0664,-0.0212
E02001246,Tameside 018,E08000008,Tameside,6,1337.33,35.0,4.6,343.2,211000.0,120000.0,0.7583333253860474,30.0,100.0,34.0,94.0,manchester,919.0,8304.0,0.0394,11028.0,0.0523,-0.0129
E02000995,Bolton 012,E08000001,Bolton,3,117.67,120.0,5.0,317.3,200000.0,140000.0,0.4285714328289032,0.0,11.0,54.0,154.0,manchester,882.0,28470.0,0.1424,10584.0,0.0529,0.0895
E02001236,Tameside 008,E08000008,Tameside,2,62.5,62.5,5.0,363.0,180000.0,85000.0,1.1176470518112183,92.0,100.0,34.0,94.0,manchester,919.0,14828.0,0.0824,11028.0,0.0613,0.0211
E02001033,Bury 015,E08000002,Bury,1,77.0,77.0,4.71,352.0,200000.0,137745.0,0.4519583284854889,44.0,90.0,34.0,108.0,manchester,966.0,18268.0,0.0913,11592.0,0.058,0.0333
E02001201,Stockport 015,E08000007,Stockport,1,95.0,95.0,4.43,240.0,250000.0,129950.0,0.9238168597221375,0.0,57.0,42.0,253.0,manchester,1095.0,22539.0,0.0902,13140.0,0.0526,0.0376
E02001098,Oldham 001,E08000004,Oldham,1,96.0,96.0,5.0,361.0,220000.0,125000.0,0.7599999904632568,12.0,93.0,37.0,126.0,manchester,915.0,22776.0,0.1035,10980.0,0.0499,0.0536
E02001007,Bolton 024,E08000001,Bolton,1,80.0,80.0,,363.0,210000.0,110000.0,0.9090909361839294,0.0,48.0,54.0,154.0,manchester,882.0,18980.0,0.0904,10584.0,0.0504,0.04
E02001305,Wigan 019,E08000010,Wigan,1,66.0,66.0,,268.0,205000.0,112725.0,0.8185850381851196,0.0,0.0,59.0,217.0,manchester,737.0,15658.0,0.0764,8844.0,0.0431,0.0333
E02001104,Oldham 007,E08000004,Oldham,1,252.0,252.0,,358.0,224000.0,133750.0,0.6747663617134094,0.0,67.0,37.0,126.0,manchester,915.0,59787.0,0.2669,10980.0,0.049,0.2179
E02003039,Bristol 028,E06000023,"Bristol, City of",28,117.18,84.5,4.74,171.5,320000.0,170650.0,0.87518310546875,0.0,52.0,47.0,219.0,bristol,1885.0,20048.0,0.0626,22620.0,0.0707,-0.0081
E02003058,Bristol 047,E06000023,"Bristol, City of",15,80.47,60.0,4.91,238.9,286000.0,176750.0,0.6181046962738037,0.0,0.0,47.0,219.0,bristol,1885.0,14235.0,0.0498,22620.0,0.0791,-0.0293
E02006889,Bristol 056,E06000023,"Bristol, City of",12,111.67,107.0,4.65,208.4,320000.0,160000.0,1.0,100.0,100.0,47.0,219.0,bristol,1885.0,25386.0,0.0793,22620.0,0.0707,0.0086
E02003016,Bristol 005,E06000023,"Bristol, City of",31,75.23,50.0,4.65,205.5,350000.0,186950.0,0.8721583485603333,13.0,100.0,47.0,219.0,bristol,1885.0,11862.0,0.0339,22620.0,0.0646,-0.0307
E02003053,Bristol 042,E06000023,"Bristol, City of",26,508.62,66.5,4.9,200.1,410000.0,250000.0,0.6399999856948853,0.0,62.0,47.0,219.0,bristol,1885.0,15777.0,0.0385,22620.0,0.0552,-0.0167
E02003055,Bristol 044,E06000023,"Bristol, City of",21,98.48,71.0,4.84,198.4,292500.0,155000.0,0.8870967626571655,0.0,68.0,47.0,219.0,bristol,1885.0,16845.0,0.0576,22620.0,0.0773,-0.0197
E02003022,Bristol 011,E06000023,"Bristol, City of",15,82.0,58.0,4.47,213.0,705000.0,425000.0,0.658823549747467,0.0,31.0,47.0,219.0,bristol,1885.0,13761.0,0.0195,22620.0,0.0321,-0.0126
E02003064,Bristol 053,E06000023,"Bristol, City of",11,86.09,72.0,4.9,265.4,245000.0,141000.0,0.73758864402771,0.0,0.0,47.0,219.0,bristol,1885.0,17082.0,0.0697,22620.0,0.0923,-0.0226
E02003026,Bristol 015,E06000023,"Bristol, City of",22,189.77,120.5,4.95,235.0,650000.0,422500.0,0.5384615659713745,17.0,100.0,47.0,219.0,bristol,1885.0,28589.0,0.044,22620.0,0.0348,0.0092
E02006887,Bristol 054,E06000023,"Bristol, City of",94,121.37,105.0,4.63,237.0,242750.0,172500.0,0.4072463810443878,88.0,100.0,47.0,219.0,bristol,1885.0,24911.0,0.1026,22620.0,0.0932,0.0094
E02003036,Bristol 025,E06000023,"Bristol, City of",65,143.88,111.0,4.71,213.4,350000.0,243000.0,0.4403292238712311,82.0,100.0,47.0,219.0,bristol,1885.0,26335.0,0.0752,22620.0,0.0646,0.0106
E02003014,Bristol 003,E06000023,"Bristol, City of",16,133.69,131.0,4.94,286.0,285000.0,161000.0,0.7701863646507263,3.0,36.0,47.0,219.0,bristol,1885.0,31080.0,0.1091,22620.0,0.0794,0.0297
E02003031,Bristol 020,E06000023,"Bristol, City of",59,122.56,84.0,4.84,198.7,597500.0,350000.0,0.7071428298950195,100.0,100.0,47.0,219.0,bristol,1885.0,19929.0,0.0334,22620.0,0.0379,-0.0045
E02003033,Bristol 022,E06000023,"Bristol, City of",112,158.63,114.0,4.81,200.8,400000.0,275000.0,0.4545454680919647,100.0,100.0,47.0,219.0,bristol,1885.0,27047.0,0.0676,22620.0,0.0566,0.011
E02003045,Bristol 034,E06000023,"Bristol, City of",71,141.82,111.0,4.73,228.0,437500.0,295000.0,0.4830508530139923,10.0,82.0,47.0,219.0,bristol,1885.0,26335.0,0.0602,22620.0,0.0517,0.0085
E02003032,Bristol 021,E06000023,"Bristol, City of",20,78.15,52.0,4.9,241.4,315000.0,175000.0,0.800000011920929,0.0,16.0,47.0,219.0,bristol,1885.0,12337.0,0.0392,22620.0,0.0718,-0.0326
E02006890,Bristol 057,E06000023,"Bristol, City of",65,78.6,68.0,4.59,216.3,365000.0,190000.0,0.9210526347160339,91.0,100.0,47.0,219.0,bristol,1885.0,16133.0,0.0442,22620.0,0.062,-0.0178
E02003056,Bristol 045,E06000023,"Bristol, City of",9,66.78,47.0,4.76,267.1,267000.0,145000.0,0.8413792848587036,0.0,63.0,47.0,219.0,bristol,1885.0,11151.0,0.0418,22620.0,0.0847,-0.0429
E02003018,Bristol 007,E06000023,"Bristol, City of",25,102.48,89.0,4.84,187.2,400500.0,225000.0,0.7799999713897705,30.0,96.0,47.0,219.0,bristol,1885.0,21115.0,0.0527,22620.0,0.0565,-0.0038
E02006952,Bristol 061,E06000023,"Bristol, City of",137,157.07,116.0,4.72,224.4,380000.0,225000.0,0.6888889074325562,54.0,100.0,47.0,219.0,bristol,1885.0,27521.0,0.0724,22620.0,0.0595,0.0129
E02003027,Bristol 016,E06000023,"Bristol, City of",62,98.56,87.5,4.89,174.4,520000.0,338745.0,0.5350779891014099,5.0,100.0,47.0,219.0,bristol,1885.0,20759.0,0.0399,22620.0,0.0435,-0.0036
E02003030,Bristol 019,E06000023,"Bristol, City of",36,125.56,114.5,4.5,199.8,327500.0,183000.0,0.7896174788475037,7.0,85.0,47.0,219.0,bristol,1885.0,27165.0,0.0829,22620.0,0.0691,0.0138
E02003061,Bristol 050,E06000023,"Bristol, City of",4,133.5,96.0,4.68,147.5,271000.0,158500.0,0.7097792029380798,0.0,0.0,47.0,219.0,bristol,1885.0,22776.0,0.084,22620.0,0.0835,0.0005
E02003047,Bristol 036,E06000023,"Bristol, City of",78,105.03,90.0,4.86,182.4,460375.0,269000.0,0.7114312052726746,35.0,100.0,47.0,219.0,bristol,1885.0,21352.0,0.0464,22620.0,0.0491,-0.0027
E02003012,Bristol 001,E06000023,"Bristol, City of",15,170.6,74.0,4.9,272.8,300000.0,169000.0,0.7751479148864746,0.0,0.0,47.0,219.0,bristol,1885.0,17556.0,0.0585,22620.0,0.0754,-0.0169
E02003046,Bristol 035,E06000023,"Bristol, City of",36,94.81,89.0,4.83,232.7,335000.0,179998.0,0.8611317873001099,0.0,40.0,47.0,219.0,bristol,1885.0,21115.0,0.063,22620.0,0.0675,-0.0045
E02003037,Bristol 026,E06000023,"Bristol, City of",135,125.49,111.0,4.62,274.6,412500.0,295000.0,0.39830508828163147,94.0,100.0,47.0,219.0,bristol,1885.0,26335.0,0.0638,22620.0,0.0548,0.009
E02003052,Bristol 041,E06000023,"Bristol, City of",20,102.1,90.0,4.83,159.8,441000.0,248750.0,0.7728643417358398,66.0,100.0,47.0,219.0,bristol,1885.0,21352.0,0.0484,22620.0,0.0513,-0.0029
E02006949,Bristol 058,E06000023,"Bristol, City of",64,91.16,61.5,4.73,159.4,418000.0,245000.0,0.7061224579811096,100.0,100.0,47.0,219.0,bristol,1885.0,14591.0,0.0349,22620.0,0.0541,-0.0192
E02003054,Bristol 043,E06000023,"Bristol, City of",26,95.46,99.0,4.81,263.3,405000.0,218975.0,0.8495262265205383,0.0,0.0,47.0,219.0,bristol,1885.0,23488.0,0.058,22620.0,0.0559,0.0021
E02003051,Bristol 040,E06000023,"Bristol, City of",26,112.62,75.0,4.87,154.5,415000.0,225000.0,0.8444444537162781,100.0,100.0,47.0,219.0,bristol,1885.0,17794.0,0.0429,22620.0,0.0545,-0.0116
E02003015,Bristol 004,E06000023,"Bristol, City of",29,101.34,76.0,4.8,208.4,422500.0,236000.0,0.7902542352676392,0.0,28.0,47.0,219.0,bristol,1885.0,18031.0,0.0427,22620.0,0.0535,-0.0108
E02003021,Bristol 010,E06000023,"Bristol, City of",27,69.3,45.0,4.81,192.2,433500.0,275000.0,0.5763636231422424,0.0,48.0,47.0,219.0,bristol,1885.0,10676.0,0.0246,22620.0,0.0522,-0.0276
E02003060,Bristol 049,E06000023,"Bristol, City of",11,107.91,99.0,4.75,169.4,312500.0,182500.0,0.7123287916183472,0.0,0.0,47.0,219.0,bristol,1885.0,23488.0,0.0752,22620.0,0.0724,0.0028
E02003048,Bristol 037,E06000023,"Bristol, City of",45,111.6,90.0,4.87,167.4,410000.0,227975.0,0.7984428405761719,49.0,96.0,47.0,219.0,bristol,1885.0,21352.0,0.0521,22620.0,0.0552,-0.0031
E02003017,Bristol 006,E06000023,"Bristol, City of",20,132.85,128.0,4.92,233.3,537500.0,295000.0,0.8220338821411133,0.0,0.0,47.0,219.0,bristol,1885.0,30368.0,0.0565,22620.0,0.0421,0.0144
E02003029,Bristol 018,E06000023,"Bristol, City of",12,84.67,86.0,4.89,171.0,321000.0,179972.0,0.7836107611656189,0.0,0.0,47.0,219.0,bristol,1885.0,20404.0,0.0636,22620.0,0.0705,-0.0069
E02006888,Bristol 055,E06000023,"Bristol, City of",31,70.16,51.0,4.77,186.3,367500.0,183250.0,1.0054570436477661,100.0,100.0,47.0,219.0,bristol,1885.0,12100.0,0.0329,22620.0,0.0616,-0.0287
E02003062,Bristol 051,E06000023,"Bristol, City of",5,81.2,69.0,4.91,205.4,255000.0,142500.0,0.7894737124443054,0.0,0.0,47.0,219.0,bristol,1885.0,16370.0,0.0642,22620.0,0.0887,-0.0245
E02003025,Bristol 014,E06000023,"Bristol, City of",17,104.82,90.0,4.67,162.5,350000.0,199975.0,0.7502187490463257,7.0,88.0,47.0,219.0,bristol,1885.0,21352.0,0.061,22620.0,0.0646,-0.0036
E02003057,Bristol 046,E06000023,"Bristol, City of",20,72.15,67.5,4.85,141.0,365000.0,187500.0,0.9466666579246521,28.0,77.0,47.0,219.0,bristol,1885.0,16014.0,0.0439,22620.0,0.062,-0.0181
E02003059,Bristol 048,E06000023,"Bristol, City of",8,128.25,113.5,4.81,253.9,312000.0,171000.0,0.8245614171028137,0.0,18.0,47.0,219.0,bristol,1885.0,26928.0,0.0863,22620.0,0.0725,0.0138
E02003050,Bristol 039,E06000023,"Bristol, City of",49,188.76,92.0,4.8,226.4,303800.0,178150.0,0.7053045034408569,100.0,100.0,47.0,219.0,bristol,1885.0,21827.0,0.0718,22620.0,0.0745,-0.0027
E02003044,Bristol 033,E06000023,"Bristol, City of",19,79.79,54.0,4.84,202.9,317250.0,188000.0,0.6875,0.0,0.0,47.0,219.0,bristol,1885.0,12812.0,0.0404,22620.0,0.0713,-0.0309
E02003024,Bristol 013,E06000023,"Bristol, City of",31,96.0,82.0,4.81,194.5,335000.0,200000.0,0.675000011920929,0.0,0.0,47.0,219.0,bristol,1885.0,19454.0,0.0581,22620.0,0.0675,-0.0094
E02003049,Bristol 038,E06000023,"Bristol, City of",22,239.64,84.5,4.87,158.9,330000.0,188750.0,0.748344361782074,0.0,0.0,47.0,219.0,bristol,1885.0,20048.0,0.0608,22620.0,0.0685,-0.0077
E02003013,Bristol 002,E06000023,"Bristol, City of",26,81.08,55.0,4.91,179.0,308750.0,175000.0,0.7642857432365417,0.0,0.0,47.0,219.0,bristol,1885.0,13049.0,0.0423,22620.0,0.0733,-0.031
E02003020,Bristol 009,E06000023,"Bristol, City of",10,92.1,70.5,4.83,274.1,647500.0,425000.0,0.5235294103622437,0.0,34.0,47.0,219.0,bristol,1885.0,16726.0,0.0258,22620.0,0.0349,-0.0091
E02003038,Bristol 027,E06000023,"Bristol, City of",14,91.93,72.0,4.85,210.1,298650.0,167000.0,0.7883233428001404,0.0,0.0,47.0,219.0,bristol,1885.0,17082.0,0.0572,22620.0,0.0757,-0.0185
E02006950,Bristol 059,E06000023,"Bristol, City of",111,154.32,102.0,4.75,228.0,265000.0,197000.0,0.34517765045166016,75.0,100.0,47.0,219.0,bristol,1885.0,24200.0,0.0913,22620.0,0.0854,0.0059
E02003041,Bristol 030,E06000023,"Bristol, City of",68,121.59,117.0,4.74,222.3,457778.0,334205.0,0.36975210905075073,41.0,100.0,47.0,219.0,bristol,1885.0,27758.0,0.0606,22620.0,0.0494,0.0112
E02003028,Bristol 017,E06000023,"Bristol, City of",31,464.19,111.0,4.81,181.0,695000.0,400000.0,0.737500011920929,22.0,100.0,47.0,219.0,bristol,1885.0,26335.0,0.0379,22620.0,0.0325,0.0054
E02006951,Bristol 060,E06000023,"Bristol, City of",126,218.02,118.5,4.61,288.1,332500.0,245000.0,0.3571428656578064,31.0,100.0,47.0,219.0,bristol,1885.0,28114.0,0.0846,22620.0,0.068,0.0166
E02003023,Bristol 012,E06000023,"Bristol, City of",25,105.16,82.0,4.85,194.4,337500.0,215000.0,0.569767415523529,0.0,21.0,47.0,219.0,bristol,1885.0,19454.0,0.0576,22620.0,0.067,-0.0094
E02003040,Bristol 029,E06000023,"Bristol, City of",73,122.11,105.0,4.73,168.8,350000.0,180000.0,0.9444444179534912,66.0,100.0,47.0,219.0,bristol,1885.0,24911.0,0.0712,22620.0,0.0646,0.0066
E02003019,Bristol 008,E06000023,"Bristol, City of",17,89.76,60.0,4.8,187.7,298000.0,168500.0,0.7685459852218628,100.0,100.0,47.0,219.0,bristol,1885.0,14235.0,0.0478,22620.0,0.0759,-0.0281
