msoa_code,msoa_name,lad_code,lad_name,city,review_count,avg_sentiment_score,pct_negative,pct_neutral,pct_positive,sample_reviews
E02000001,City of London 001,E09000001,City of London,london,1064,0.7681,3.5999999999999996,1.39,95.00999999999999,"AirBnB recognised the issues below and gave us  a 30% discount - calling that out as it’s appreciated.<br/>The host owns the entire building and is renovating it but still renting out the apartments a | We had a lovely weekend stay at this cosy and well-located apartment in London. There was a small hiccup with the keys when we arrived, but our host was incredibly responsive and helpful—coming by ver | Great location.  Nice to have two bathrooms!  Close to transportation, pubs and restaurants.   Rob was helpful and answered all of my questions ahead of our trip!"
E02000001,City of London 001,E09000030,Tower Hamlets,london,19,0.879,3.5999999999999996,1.39,95.00999999999999,"AirBnB recognised the issues below and gave us  a 30% discount - calling that out as it’s appreciated.<br/>The host owns the entire building and is renovating it but still renting out the apartments a | We had a lovely weekend stay at this cosy and well-located apartment in London. There was a small hiccup with the keys when we arrived, but our host was incredibly responsive and helpful—coming by ver | Great location.  Nice to have two bathrooms!  Close to transportation, pubs and restaurants.   Rob was helpful and answered all of my questions ahead of our trip!"
E02000002,Barking and Dagenham 001,E09000002,Barking and Dagenham,london,33,0.7719,0.0,3.0300000000000002,96.97,"Toni’s house was perfect for us, extremely close to our location, the house was immaculate with everything we needed.<br/>Our host was polite and helpful <br/>We would have booked another week but we  | I stayed in this Airbnb for just over a month and it was great! Ather was there to greet us when we arrived and gave us a tour of the place before handing us our keys. We felt super secure as there we | Monalisa's place was a slice of heaven. It was very neat and well-furnished. Monalisa also had some treats in the fridge and kitchen waiting for us.<br/>I can't wait to stay there again."
E02000003,Barking and Dagenham 002,E09000002,Barking and Dagenham,london,55,0.8483,0.0,0.0,100.0,"Nice host. The area felt abit sketchy | I had a wonderful stay at Travelnest place! The room was exactly as described—clean, cozy, and very comfortable. The bed was soft and the linens were fresh, which made for a great night’s sleep. The l | Andras was an awesome host. The room was spacious with lots of storage, and we were surprised how aesthetically he organised the room to welcome guests. Will come again!"
E02000004,Barking and Dagenham 003,E09000002,Barking and Dagenham,london,19,0.689,5.26,0.0,94.74000000000001,"Host was great and very responsive until he cancelled our trip an hour before we arrived. No explanation offered until I asked! It was unfortunate and unavoidable, but extremely inconvenient after a v | This guy is a professional, all instructions were so clear, self check in was perfect, extremely clean. Basically was like a hotel. Provided towels, shampoo and even hair conditioner. only thing, it's | Excellent and seamless stay. Higly recommend."
E02000005,Barking and Dagenham 004,E09000002,Barking and Dagenham,london,26,0.6159,3.85,7.6899999999999995,88.46000000000001,"If you’re looking for a clean and a comfortable place then don’t book this room. The house is overall in a liveable condition but room we stayed in was dirty. They have only made a money making scheme | lovely place to stay. the hostess is very lovely and  welcoming I would highly recommend this place. and breakfast was top notch!! 🥰 | I can’t say much ,I can only say that I’m visiting for the 3rd time in a year and half and I’ll choose them again .Everything is perfect for me and exactly what I want"
E02000007,Barking and Dagenham 006,E09000002,Barking and Dagenham,london,93,0.7744,2.15,3.2300000000000004,94.62,"Booking was cancelled on the day,  3 hours prior to check in time for an apparent leak that had occurred at the property. The guests had already left their home ready for arrival. The host advised the | ⭐️⭐️⭐️⭐️⭐️ 5/5 - A Perfect Stay!<br/>This flat exceeded all expectations! Spotlessly clean, beautifully decorated, and equipped with everything you could possibly need, Riz, the host, even bought new  | I was happy with my stay especially as it was facilitated for me at late notice. Abi described it as cozy which it is and responded to my messages promptly. Property is a little run down in places but"
E02000008,Barking and Dagenham 007,E09000002,Barking and Dagenham,london,25,0.7082,4.0,0.0,96.0,"The advert for this property does not reflect the tranquil setting it suggests. On arrival we were met with overflowing bins & knee high weeds, the back garden was full of cigarette butts & empty alco | I booked this space for a video viewing with a subsequent proposal, and couldn't have been more blessed by Susie throughout the process. Susie was very responsive and attentive to my needs for the big | pleasant one night stay, clean and quiet, would use again."
E02000009,Barking and Dagenham 008,E09000002,Barking and Dagenham,london,53,0.7265,7.55,0.0,92.45,"this was a terrible experience & i was sorry i booked it. was working in the area & brought my wife over to stay with me for a week, & we both couldnt wait to get out of the place. problem with parkin | the pictures don’t even do this place justice! it was so nice staying in this airbnb it was clean and in a great residential location. this place was considerably luxurious with all the neat beds and  | A beautiful home with the kindest host! Could stay here forever!!!"
E02000010,Barking and Dagenham 009,E09000002,Barking and Dagenham,london,43,0.7038,4.65,2.33,93.02,"I didn’t enjoy the stay. The rooms were not well equipped. It said that the host provides a hair dryer. And it was supposed to be in the washroom. I never saw any hair dryer there. Rather the washroom | A wonderful stay, very welcoming, a clean and comfortable house. Thank you for making me feel so welcome. I would love to return here for my next holiday. | Staying at John’s house made us all wonderful feeling."
E02000011,Barking and Dagenham 010,E09000002,Barking and Dagenham,london,58,0.7988,1.72,0.0,98.28,"Noisy neighbours and socially deprived area. Flat was clean but very basic and poorly maintained. Mattress was poor quality | Itwas just perfect!  Danny was the perfect host. The accommodation was very clean and comfortably furnished. The bed was better than at home. The house is located close to the train and you are quickl | place was spotless clean and area was very quite, close to train station, we felt like home. thanks"
E02000012,Barking and Dagenham 011,E09000002,Barking and Dagenham,london,40,0.7288,2.5,0.0,97.5,"Really dirty place bedsheets were dirty headboard made with old mattress quilt was small for two person <br/>I would not suggest anybody to go there<br/>I would say they should refund me my money back | Thus place was very clean and welcoming. felt like home. <br/>comfortable beds and enought utensils in the kitchen. The shower was excellent. <br/>however, the garden was not as expected, travelled wi | very nice and good accommodation"
E02000013,Barking and Dagenham 012,E09000002,Barking and Dagenham,london,60,0.7143,3.3300000000000005,6.67,90.0,"Getting into the entrance, was quite challenging One box key was used for different rooms someone else picked up my key So I had to wait outside. After 15mins  one of the lodger had to let me in out o | I had a wonderful time staying at Yawen's place: first of all I'm grateful to the host for accepting to having me there. Yawen's house is nice and cozy, you can really feel the owners' put all their c | Andrea was kind and responsive throughout my stay"
E02000014,Barking and Dagenham 013,E09000002,Barking and Dagenham,london,34,0.7512,5.88,0.0,94.12,"I liked the fact it was a separate entrance to the studio. I enjoyed having my own space but didn’t realise I had to go outside every time to use the bathroom. When I checked in the lock wasn’t workin | Ahmed and his wife were incredibly welcoming and attentive during my stay. When the heater in the room stopped working in the middle of the night, Ahmed went out and got a brand-new one the very next  | Helpful host who tries to make your stay comfortable."
E02000015,Barking and Dagenham 014,E09000002,Barking and Dagenham,london,48,0.7338,2.08,0.0,97.92,"The overall experience was very disappointing, for a number of reasons.<br/><br/>The host knew when we were supposed to land and the assumed time it would take us to get to the flat. Even though, sh | Stayed for 2night host was very helpful with flexibility times with my check had a wonderful time it felt like home  and enjoyed ever minute spent, highly recommend with very easy directions coming ou | Perfect place for what we needed, would highly recommend"
E02000016,Barking and Dagenham 015,E09000002,Barking and Dagenham,london,138,0.7874,2.17,2.17,95.65,"Bella advertised a luxury apt, upon arriving the smell of the lobby reaked of garbage. The place was on the 25 th floor, elevators didn’t work nor did air conditioning. Bella’s place was filthy with d | My stay was nothing short of exceptional. The apartment was not only stylish and modern but also impeccably clean. Its prime location, just steps away from the train station and surrounded by shops an | Very nice host. Strongly recommend."
E02000017,Barking and Dagenham 016,E09000002,Barking and Dagenham,london,68,0.5571,14.71,2.94,82.35,"The worst place to stay, so noisy! The room was horrible and smelled really bad, stains on the wall. | The apartment was easy to find and the self check-in was easy. The hosts were very friendly, proactive in their communication, and readily available. Check-in and out instructions were clear. The apar | Arbora is an excellent host..she was very friendly..we will come back again.."
E02000018,Barking and Dagenham 017,E09000002,Barking and Dagenham,london,32,0.764,0.0,6.25,93.75,Will return | I want to say a huge thank you to Maria. She was friendly and responsive and she left the most precise and wonderful instructions. This was so helpful for any guests staying in London for the first ti | Great place. To stay while we were working in the area <br/>Thanks again for letting us stay <br/>Would definitely use again if we are ever back in the area
E02000019,Barking and Dagenham 018,E09000002,Barking and Dagenham,london,66,0.7545,4.55,1.52,93.94,"Incredibly noisy housemates, shouting on phones until 1am, deliveries turning up at 2am. If you need to sleep at night then avoid at all costs. | We had a truly wonderful 3-day stay at Florence's lovely place with our family. From the moment we arrived, everything was just perfect. The home was spotless, beautifully maintained, and had such a w | the kitchen is fully equipped , the house is clean and the bed was very comfortable ,  it’s a 15 minute walk from Becontree station."
E02000020,Barking and Dagenham 019,E09000002,Barking and Dagenham,london,64,0.7923,3.1199999999999997,0.0,96.88,"The backyard was a mess, the water from the shower and the kitchen falls over the open floor and end up un a hole in the ground. That is not clean at all…the publish said “lovely home” but it’s not lo | My stay at Vilmas Airbnb was absolutely wonderful! From the moment I arrived, I felt welcomed and well taken care of. The space was immaculately clean, beautifully decorated, and equipped with everyth | Fine and welcoming family home, with all you need for a comfortable stay."
E02000021,Barking and Dagenham 020,E09000002,Barking and Dagenham,london,67,0.7614,2.9899999999999998,0.0,97.00999999999999,"It was not great experience | Our stay at Abi's place was so wonderful. Not only the house is very nice and clean, but it has all the equipment you could wish for. Bonus: even if the bathroom is shared, each room has its own showe | Dorel was a brilliant host, place was clean and tidy"
E02000022,Barking and Dagenham 021,E09000002,Barking and Dagenham,london,120,0.8144,3.3300000000000005,0.0,96.67,"The house was dirty, it was definitely disgusting. We bought cleanşng stuffs, blankets and etc. Main problem is: wardrobe was broken when we first enter, we talked with the house owner. He told us tha | Amazing Airbnb stay! The location in Barking was perfect—convenient and surrounded by fantastic food options. The property itself was spotless; every surface and utensil was immaculate, making it inst | Really nice apartment in a great location!"
E02000023,Barking and Dagenham 022,E09000002,Barking and Dagenham,london,65,0.7552,6.15,1.54,92.31,"Kay was money hungry and disingenuous and unprofessional.<br/>Just 1 hour before I was due to check in, he stated that he needed to call me to speak or I would not be able to check in. During the call | We truly enjoyed my stay Brenda’s  place. Apartment looked exactly like the photos, but felt even more spacious in person. It had everything I needed, was spotlessly clean, and fresh. Communication wi | Eva’s place is exactly as in the pictures. Location and transportation are great. There are local shops around for groceries. I would recommend for short and long stay."
E02000024,Barnet 001,E09000003,Barnet,london,61,0.8168,1.6400000000000001,0.0,98.36,"While the place was as described I would not recommend staying here because of the dirt and dust. Overall the place did not feel clean let alone professionally cleaned. There were stains on the floor, | I recently had the pleasure of staying at Kenny's Airbnb during my trip to London, and I cannot recommend it highly enough! From start to finish, my experience was exceptional.<br/>Kenny, the host, wa | Had a great stay. Very clear check in details on arrival. <br/>Thank you!"
E02000025,Barnet 002,E09000003,Barnet,london,29,0.885,0.0,0.0,100.0,"The travel connections to central London are excellent, the property and equipment are a little tired and in need of maintenance | Monique is hands down one of the best hosts in London. Very friendly, communicative, helpful and also allows guests their own space and independence too. She will go the extra mile to ensure that your | Lovely welcome, lovely room and nothing was too much trouble, thank you."
E02000026,Barnet 003,E09000003,Barnet,london,4,0.8601,0.0,0.0,100.0,"A very nice place, well equipped and immaculately clean. We loved the lounge area particularly. There was a tiny bit of noise from the adjoining main house. In particular, the phone rang quite early,  | we had a great stay at Naomi's place, a very very nice house which made us feel at home directly.<br/>Naomi is a great host, very easy to communicate, very kind, with a lovely welcome present  and ver | Great location, spotless place. Responsive and very helpful host. Always available and flexible. Highly recommended."
E02000026,Barnet 003,E09000010,Enfield,london,1,0.9612,0.0,0.0,100.0,"A very nice place, well equipped and immaculately clean. We loved the lounge area particularly. There was a tiny bit of noise from the adjoining main house. In particular, the phone rang quite early,  | we had a great stay at Naomi's place, a very very nice house which made us feel at home directly.<br/>Naomi is a great host, very easy to communicate, very kind, with a lovely welcome present  and ver | Great location, spotless place. Responsive and very helpful host. Always available and flexible. Highly recommended."
E02000027,Barnet 004,E09000003,Barnet,london,35,0.7861,2.86,5.71,91.43,"booked 3 nights, rebooked to stay another 2 weeks consecutively. attentive hosts. expect to buy all consumables like liquid soap/kitchen/bathroom supplies. Some of the equipment in the kitchen didn't  | I had the pleasure of spending the winter in this wonderful apartment and I couldn't have asked for a better experience. <br/>The apartment truly has everything a family might need, from a fully equip | Responsive and reliable host, provided majority of the amenities needed for a long stay. Quiet neighbourhood and short walk from the station. <br/>Property has cctv for added security, although being "
E02000028,Barnet 005,E09000003,Barnet,london,48,0.714,6.25,2.08,91.67,"We were very disappointed at the room. It was not as advertised, much smaller and not clean. Shower had previous guests razors and gels still in there, floor was dirty, awful smell from sewers and bed | Inan was an amazing host with great response time and always super helpful! The location was perfect with links to London and surrounding areas as well as a good high street to pick up food and drink. | Lovely small studio, perfect for a short visit. Only drawbacks however was the lack of rubbish bin within the kitchen and bathroom bin was full from previous occupant. Flat had everything that was adv"
E02000029,Barnet 006,E09000003,Barnet,london,39,0.8643,0.0,0.0,100.0,"Thank you.  Very convenient location for visiting family and sightseeing in London | I had a really lovely overnight stay. Tom was fantastic. He was very kind, and wonderful host. He was lovely company. <br/>The space was spotlessly clean and charming. He explained everything so clear | Wonderful warm hosts, private room right by the front door for easy access. Everything you could ever need including emergency toiletries and towels. Very hospitable and couldn’t do enough for me. Wou"
E02000030,Barnet 007,E09000003,Barnet,london,36,0.8051,0.0,2.78,97.22,"There was heavy rainfall overnight and the tin roof of the bedroom made sleeping difficult.  Would recommend earplugs if rain expected. | Chryso is great, friendly, flexible, always there for the guests, very sweet, always supportive.<br/>Never hesitate to book this place.<br/>You will love the reception, hospitality, very peaceful envi | Cosy well equipped room. Lots of thought has gone into it with homely, tasteful touches.  Soft drinks and breads much appreciated.  Very clean including the shower room."
E02000031,Barnet 008,E09000003,Barnet,london,33,0.8136,3.0300000000000002,0.0,96.97,"I had a very uncomfortable experience with the host. And I try to believe they r good people and will return the mistakenly charged Money to us, but they canceled my request and are unwilling to pay b | I had a fantastic stay in this flat and highly recommend it. The space was clean, comfortable, and beautifully decorated, with all the necessary amenities thoughtfully provided. The location was perfe | Great place for a family with kids. Thanks for hosting us, Osnat."
E02000032,Barnet 009,E09000003,Barnet,london,74,0.8281,2.7,1.35,95.95,"Not the best location. People were singing at midnight, even at 2-3 AM—super weird. The place felt chaotic: random tenants handled check-in (not the host), instructions were unclear, and someone was v | I had a wonderful stay here! The room was exactly as pictured, exceptionally clean, and very comfortable. The property itself is beautiful with a lovely garden that was perfect for relaxing outside. T | It is a very nice, neat and clean space with all facility avaialble."
E02000033,Barnet 010,E09000003,Barnet,london,31,0.8318,3.2300000000000004,0.0,96.77,"Tracy was very accomodating, nothing was too much trouble. Would recommend | I spent over a month at Agatha's house. It was a very pleasant stay, the best I could have asked for as a newcomer to London. The location has great connectivity, with places nearby for shopping or ea | Agatha’s place was so nice! I stayed for a little over three months and felt very safe. If I ever needed anything Agatha was always quick to respond. She was an incredible host. I would highly recomme"
E02000034,Barnet 011,E09000003,Barnet,london,36,0.8616,0.0,2.78,97.22,"The place was spacious with all required amenities. But the heating only worked on day 1 and didn't work on the next 5 days. The host was slow to respond. | We loved our stay at Kyri's place! The location is outstanding, the apartment is spotless clean and comfortable and, so well put together, and has absolutely everything you need for a fantastic, comfo | The place is really good. The room is a good size and has everything you need. You have big shops very close. Thank you!!"
E02000035,Barnet 012,E09000003,Barnet,london,88,0.8365,1.1400000000000001,1.1400000000000001,97.72999999999999,"Had to check out early<br/>Very slow response from host- Response at the end of the day hours after message was sent.<br/>No Wi-Fi despite moving the router near the window, had to find somewhere else | 1. The pre-stay interactions were helpful and constructive. Very professional. <br/>2. The initial posting clearly stated that parking was free, which was a big draw for us…but after booking, I receiv | Samir’s apartment is spacious, great outdoor space, lovely outlook over trees, walking distance both to high street and  tube,  and one of the few air bnb’s that have a washing machine and a clothes a"
E02000036,Barnet 013,E09000003,Barnet,london,92,0.7547,3.26,3.26,93.47999999999999,"Dolly was accommodating if requests were made on our behalf which was nice to have during our stay. She was very understanding of me traveling with 2 littles. The home was spacious enough for our fami | All I can say is if you need a place to stay in London Nisha has a great place to stay I can with my son to watch the cup final she gave me an upgrade on our room to a room with a big football on whic | I enjoyed my stay , good location for Wembley would stay again."
E02000037,Barnet 014,E09000003,Barnet,london,52,0.7849,3.85,0.0,96.15,"DO NOT USE THIS HOST!!!! <br/>WARNING!<br/>They cancelled my trip on the morning of my stay and then never officially cancelled it or refunded my money.<br/>They then haven’t responded to my messages  | Lovely, cosy flat and great host! We stayed for 2 nights to attend the Oasis concert at Wembley. Flat is straight off the M1 and easy to get to. Parking available and straight forward entry instructio | Clear and helpful instructions from the host. Thank you for hosting us, would stay again."
E02000038,Barnet 015,E09000003,Barnet,london,70,0.8307,1.43,0.0,98.57000000000001,"No working light switch or light bulbs in the double bedroom.<br/>Smelt of cigarettes throughout the home.<br/>Toilet had not been cleaned properly as had lime scale in there<br/>TV language was set i | ⭐️⭐️⭐️⭐️⭐️ 5/5 — Cozy room and warm hospitality from Christos<br/>We had a wonderful stay in London! We booked a private room in Christos’s home in North London and were very pleased with everything.  | What stood out to me about this apartment was the bathroom. It was clean, recently redone. And the communication from Yohannah was great. We struggled to find parking. And she helped us move our van t"
E02000039,Barnet 016,E09000003,Barnet,london,70,0.734,7.140000000000001,1.43,91.43,"Here’s a concise and impactful version of your review:<br/>⸻<br/>The host is not reliable and should not be trusted. I had to cancel due to a family tragedy, and she promised to refund me privately—as | We had an amazing stay at the place.The host was attentive and made us feel welcome from the moment we arrived. The house is maintained well with high quality appliances that made everything from cook | Exactly as described, clean, very friendly host"
E02000040,Barnet 017,E09000003,Barnet,london,104,0.8498,0.0,1.92,98.08,"Newly refurbished. Beds comfy. | Evelina was the perfect host. I’m so impressed - and it looked just like the pictures! Her place was charming, super clean and very well organised. She had lots of recommendations, was friendly and ha | A great stay and a great host."
E02000041,Barnet 018,E09000003,Barnet,london,106,0.7203,4.72,1.8900000000000001,93.4,"First I need to say that I was scammed from another Airbnb and left in the middle of London with two little kids ,and this place was my second choice last minute.<br/>I was so tired after flying from  | My Sister in law and I had a great stay in London and Olivia’s small but very lovely studio was perfect for our stay. Yes, it’s small but has everything you need, it’s beautifully decorated and it has | Clean and comfortable"
E02000042,Barnet 019,E09000003,Barnet,london,113,0.8473,0.88,0.88,98.22999999999999,"I was stay here 6 days. It was pleasant.1st night I found bed bug and getting problem WiFi.until 6 days I face problem in the WiFi.others are perfectly ok.thanks to every team person. | Valentine embodies all the qualities of a super host - super accommodating, super thoughtful, and super responsive. <br/>The check in process was straightforward and seamless, and I loved the keyless  | Had no issues at all - Serafina’s hospitality was fantastic. Would highly recommend this place. Cosy & perfect for a couple!"
E02000043,Barnet 020,E09000003,Barnet,london,28,0.8382,3.5700000000000003,0.0,96.43,"The house and the location were very good. Ollie also was quick to respond most of the time. Unfortunately for us he was travelling when we visited and his response was delayed on the first day we got | Our family loved staying at Anja’s home! The location is perfect, very close to the tube station, and she even came to meet us when we arrived late at night. She is very kind and friendly.<br/>Her hom | A beautiful spacious property. Parking space for one car and on street parking but a little difficult if more than one car. <br/>Very comfortable beds, clean good linen and towels. Well fenced in safe"
E02000044,Barnet 021,E09000003,Barnet,london,61,0.7194,6.5600000000000005,3.2800000000000002,90.16,"I stayed in both the attic room and the double room. Unfortunately the electric stairs leading to the attic broke off from the wall and I came tumbling down 2 meters and hit my head and my back on the | I really appreciated the ease and comfort of this stay. The space has a gentle, welcoming feel—comfortable and easy to settle into. The kitchen being accessible was a great feature; everything I neede | Perfect stay, fast responses, would recommend"
E02000045,Barnet 022,E09000003,Barnet,london,114,0.8257,0.0,1.7500000000000002,98.25,"There was no full length mirror and so getting ready was extremely difficult as the bathroom mirror is so high and the vanity provided you can’t get real distance from to check yourself out especially | Pretty nice accommodation cost to the quality shops and charming atmosphere of Muswell Hill Broadway, the lovely Alexandra Palace, and more. A bus stop less than a minute walk where you can catch buse | Tatiana is a very attentive and amazing host.<br/>My son felt very comfortable and at home"
E02000046,Barnet 023,E09000003,Barnet,london,93,0.8603,0.0,2.15,97.85000000000001,"A+ would visit again | It was such a wonderful top-notch experience for us, from booking to our stay - everything is perfect.  We had really great time during our stay!<br/>Claudia is a super host, she is very responsive, h | Lovely place enjoyed the stay. Would 100%  recommend for a short stay"
E02000047,Barnet 024,E09000003,Barnet,london,67,0.7886,1.49,4.4799999999999995,94.03,"Place is ok , quiet, and nice but full of restrictions .<br/>No access to kitchen , not friendly environment. You need to leave the shoes downstairs with no comfort to put them on .<br/>Lots of do's a | Samia and her husband were great hosts, friendly to chat with and really helpful. <br/>This property is a hidden gem! When we first arrived we were a little unsure how to get in but our hosts were the | Ladi was a great host. Very responsive and the flat was exactly what we needed."
E02000048,Barnet 025,E09000003,Barnet,london,101,0.8165,3.9600000000000004,0.0,96.04,"One of my worst stays ever. The second bedroom cannot sleep 2 people, it is very small and makes a terrible noise any time you move. The towels are only big, not small, there is no hairdryer. There ar | We had such a wonderful stay and are incredibly thankful to our amazing hosts. From the moment we arrived, they made us feel truly welcome and cared for. Nothing was ever too much trouble — they went  | A clean apartament, big enough, host very communicative, a quiet area.<br/>I recommend to everyone, and I hope to return to Milana!"
E02000049,Barnet 026,E09000003,Barnet,london,56,0.8636,1.79,0.0,98.21,"Unfortunately James took our money on an instant booking but didn't respond to any of the messages that I sent. He sent no instructions to access the property and we had to involve Airbnb support. He  | Beautiful apartment, in a great location, very safe secure. Very clean and has everything you might need for a comfortable stay.<br/>Celine and David are wonderful hosts, very helpful and gave us some | Maria was an excellent host and the room  and flat was clean, quiet and comfortable."
E02000050,Barnet 027,E09000003,Barnet,london,73,0.8093,2.74,0.0,97.26,"Nathan has canceled the booking just before we were supposed to checkin and while we were on road. Had been communicating with him a week before the checkin and got the confirmation that everything is | I had the most wonderful stay thanks to Michael, an exceptional host who truly made my trip unforgettable! From the moment I arrived, his kind and welcoming nature put me at ease. Michael provided gre | Josie is a very nice and responsible host. We felt just like at home!!"
E02000051,Barnet 028,E09000003,Barnet,london,96,0.8155,2.08,2.08,95.83,We moved out with 2 hours of being there despite booking for 3 weeks.<br/>This property should be delisted. The apartment complex manager advised that it was against the Body Corporate rules to use th | Wow wow wow! What a great find! Ana’s place is truly amazing.  It is furnished with everything you need and looks exactly like the pictures on the listing.  Lovely welcome ‘Thank you’ card along with  | I had a lovely stay at Rory’s place !! It qas very nice
E02000052,Barnet 029,E09000003,Barnet,london,164,0.7938,4.88,1.22,93.89999999999999,"This house is in a great location with a 15 minute walk to the tube stop and only a 15 minute tube into central London. However there were quite a few issues we had to overcome throughout our stay tha | My stay at Adam's place was great. It was a small studio but very clean and comfortable, and had almost everything I needed. I loved the location; a safe, quiet and peaceful residential area with easy | I spent 3 months in this flat. It was very good, a 15-minute walk from the metro (you can also get there by bus) and close to lots of shops. The location is quiet and the accommodation is well equippe"
E02000054,Barnet 031,E09000003,Barnet,london,102,0.6916,7.84,1.96,90.2,"This booking was made on behalf of someone else who was working in the area for three weeks.  The host was communicative upon booking but on arrival the ""luxurious apartment"" was notably different to  | I stayed for almost 2 weeks in the end, in what I believe is a new venue for the host. <br/>I'll be honest, there were a few issues, but they were attended to, Fast, and I was happy with the resolutio | Our stay was good. I recommend it !"
E02000055,Barnet 032,E09000003,Barnet,london,260,0.7446,4.2299999999999995,0.77,95.0,"BAD EXPERIENCE<br/>The host contacted us about our arrival time, and we said 4pm. He then said he wasn't available until after 9pm, which didn't work for us. When we asked for a refund to make other a | Kay (and Julia, the admin/secretary at the centre) were constantly trying to be helpful to me and make the stay as good as it could have been.  I'm grateful for that.  They got really good food in for | Great place to stay 10 min away from Hendon Central station.  Worth the price!"
E02000056,Barnet 033,E09000003,Barnet,london,89,0.8013,4.49,0.0,95.50999999999999,"If I could give zero stars, I would.<br/>We arrived at the property only to be told it was fully booked. <br/>We were left standing at the door for 30 minutes, with the house manager ignoring our call | It's such a lovely place. I stayed with my mum and we had a wonderful time here. <br/>The beds are comfy and the garden is beautiful. We really enjoyed our breakfast at the dining room. You can enjoy  | loved it here! i'll definitely return. the host was superwelcoming!"
E02000057,Barnet 034,E09000003,Barnet,london,106,0.7724,3.7699999999999996,2.83,93.4,"PLEASE READ BEFORE BOOKING THIS ACCOMMODATION! <br/>I booked this for my daughter, who needed to relocate closer to King’s College Hospital towards the end of her high-risk pregnancy. The host was ful | This stay in London was everything we hoped it would be!  The place is IMMACULATE!  It's brand new and beautifully appointed.  It had everything we needed.  It's in a very quiet neighborhood with a hu | Nice place in fine location. Extremely good communication."
E02000058,Barnet 035,E09000003,Barnet,london,170,0.855,1.18,0.0,98.82,"Gap in door gave big draught making sleep on sofa bed not nice. <br/>mattress was horrible, could feel every spring. <br/>coffee table stained, floor wonky, items left behind blinds. not deep cleaned. | We had a great time at this property. The beds were super comfortable, house was clean - cobwebs are normal when the season changes in the UK and even during our stay, we came to a couple but it's the | We truly could not have chosen a better Airbnb. Shimon was very responsive at all times. The area is spectacular, lots of restaurants, bakeries, coffee shops and grocery stores! Overall our stay was a"
E02000059,Barnet 036,E09000003,Barnet,london,140,0.7471,3.5700000000000003,1.43,95.0,"It was not a good experience staying in a place with no curtains in the room, no chair, and a very dirty bedsheet. There was nothing to use as a blanket during the night, and the pillow provided was v | Perfect Airbnb stay, and perfect host. <br/>From the offset the hosts were incredibly friendly, approachable and proactive. <br/>The place is super clean. Clutter free and well thought out. <br/>Kitch | Lovely stay thank you."
E02000060,Barnet 037,E09000003,Barnet,london,252,0.786,1.9800000000000002,1.1900000000000002,96.83,"The room and bathroom were clean. Unfortunately, the room’s handle was almost broken, and the chair was also close to breaking. I informed Samana about this, and she offered to replace them.<br/>The k | We had a fantastic stay with Abraham.  First of all, great communication. They sent a video through to explain how to get into the apartment.  Secondly, it's off the main road, so really great locatio | Newly renovated, nice space.  we had 2 adults and 2 children and surprisingly found it still spacious.  Always hot water etc. thanks"
E02000061,Barnet 038,E09000003,Barnet,london,503,0.7513,4.77,0.8,94.43,"First, Airbnb gave the wrong address of Central Hotel Golders Green.  It took us 2 hours find the location given in our booking.  We almost knocked on a private residence's door.  The biggest problem  | Marcela is a a thoughtful, kind hostess. This was my first airbnb experience, and she made my stay in London so pleasant.<br/><br/>Everything was provided for in the bright, sunlit top-floor studio  | Expect to be woken up super early with bus stops below your windows. The shower is far too tiny. Most fully grown men and women will knock their elbows against wall or pod windows while arms up, washi"
E02000062,Barnet 039,E09000003,Barnet,london,157,0.802,2.55,1.27,96.17999999999999,"I booked this to see a concert at Wembley. He approved the booking but when I message him to ask questions he never replied, should have known something was wrong then. 2 days before check in still no | Candice is a sweetheart and our stay was lovely. She made us feel right at home, always available and eager to help, but at the same time giving enough privacy to make us super comfortable. The house  | Victoria always responded quickly to Amy questions we had. The penthouse was just as described and well worth the stay <br/>My deposit was reimbursed quickly once she saw how we left apartment. Defini"
E02000063,Barnet 040,E09000003,Barnet,london,136,0.7975,3.6799999999999997,1.47,94.85,"We booked four days at a premium for the pool, but it was unheated, murky, and reeked of rotten eggs-our trunks stank after one dip. The host wanted £100/day cash to heat the room; we’d agreed beforeh | This beautiful Ace Suites location is by far the best Airbnb location I've ever stayed at. The place was sparking clean, beautifully designed and the neighborhood was so quite you could hear a pin dro | Lovely well taken care of ground-floor flat with a backyard. We were a family of 4 and enjoyed our stay. We do visit London frequently for work and have stayed with a few AirBnbs but Mina had been exc"
E02000064,Barnet 041,E09000003,Barnet,london,123,0.8197,2.44,1.63,95.93,"We had this place reserved for 11 nights.  We checked out after the first night.  The house had stained sheets, bathroom was dirty, spiders on the windows and the house looked as if it needed a deep c | I had a wonderful stay at Irma’s apartment. It was very comfortable and cosy. The apartment looks better than the pictures. The flat does belong to Irma. It was very clean and tidy. The area was so qu | The apartment was very nice and the location was great; a good distance from central London. Quick response when there was an issue. Overall an enjoyable stay.<br/>(The bathtub doesn’t really have any"
E02000065,Bexley 001,E09000004,Bexley,london,110,0.7455,1.82,3.64,94.55,"This place was listed as pet-friendly, and when I got an email to send the personal host a message to tell him when we'd be arriving, I mentioned we'd be coming with my service dog. His response, on t | I recently had the pleasure of staying at this wonderful house and it exceeded all my expectations. From the moment I arrived, I was impressed by the cleanliness and stylish decor. The space is though | Aunty Monica is an exceptionally hospitable host who ensures you are comfortable all through your stay!! It’s a home away from home that I’ll recommend."
E02000066,Bexley 002,E09000004,Bexley,london,74,0.7422,5.41,0.0,94.59,"We got ACCUSED of leaking the water from the toilet and got kicked out but the fact is that stupid bathroom is already broken long ago. ain’t gonna stay there for another second ,imagine gotta take li | The house is very comfortable and offers everything you need. The location is great, close to supermarket, station and amazing parks that guarantee a great walk.<br/>Oliver is an excellent host, very  | perfect for a short stay.<br/>I will recommend only for short stay."
E02000067,Bexley 003,E09000004,Bexley,london,77,0.7961,3.9,1.3,94.81,"not at all happy | I will recommend Mitz anyday. Also, would always stay at Mitz's whenever I'm in London.<br/>We had such a wonderful stay here from the 15th to the 18th of August. The place was extremely accommodating | very clean home from home great location"
E02000068,Bexley 004,E09000004,Bexley,london,55,0.7876,3.64,0.0,96.36,As a Superhost myself I know what it means to provide a clean and safe space for my guests. The hosts listing was dirty and had seemingly not been clean. Hairs were found throughout the listing. The h | Nancy was a very lovely host as she would always ask if I needed anything and I thought that it was very thoughtful of her and the fact that the bathroom is always spotless is just perfect. She really | Thanks for a great stay
E02000069,Bexley 005,E09000004,Bexley,london,23,0.7498,0.0,8.7,91.3,For the price 10 out of 10 | It's my first time in London and he made it a point to not only warmly welcome me but he ensured its my home away from home:<br/>▪︎ He offered whatever food he has in his fridge and pantry- even cooke | Comfortable bed and good location.
E02000070,Bexley 006,E09000004,Bexley,london,34,0.7977,2.94,2.94,94.12,"I walked in and walked out again!  I would like to show photos of the property when we arrived, but clearly that’s not an option.  Do not be fooled by the photos. This property has received new furnit | Bryan’s wooden garden cabin is the perfect spot to relax and chill. The garden is beautiful and well kept with a nice picnic bench to lounge and catch some rays. Really cute inside, wooden panelling,  | It’s absolutely a great place. Extremely like a home"
E02000071,Bexley 007,E09000004,Bexley,london,22,0.8592,0.0,0.0,100.0,"Nice place to stay for a few days.<br/>Didn't like having to go through a questionnaire & giving out personal details as Airbnb already have details | AirBnB description is very accurate. It is a ""cosy"" (= small) room with double bed and you can't do much in the room apart from sleep (when the bed is down). But great access to own bathroom, and to g | Thank you for being available when we needed help with things 🙏🏼We had a great stay!"
E02000072,Bexley 008,E09000004,Bexley,london,103,0.8077,1.94,0.0,98.06,"We booked this property for a bridal party to get ready, which the host was aware of before our stay. Unfortunately, the experience was disappointing. We was given a check in time from 3pm and the hos | Amazing place to stay at and a super friendly and also welcoming host! The host does a great job at helping you settle in as well as making you feel at ease by answering any questions you might have a | I had a lovely time at Charlene’s place very friendly family."
E02000073,Bexley 009,E09000004,Bexley,london,43,0.7173,6.98,2.33,90.7,"I really did not get to see the whole house due to issues that happened on entry. I had booked this property months in advance for a family trip that we had planned. Upon arrival Hyacinth did not reac | Chloe is absolutely an amazing person! Her house was always clean, smelled beautifully, pictures correspond to reality. I spent 2 months with her far away from my family but she and her house made me  | Nice place with very good transport links."
E02000074,Bexley 010,E09000004,Bexley,london,28,0.8052,0.0,3.5700000000000003,96.43,"Ola was very polite and accommodating. Property served it's purpose for our stay whilst we were working away for the night | Grace was a helpful, organised and responsive host. The house and room were clean and tidy and Grace and her family friendly. I would highly recommend for anyone looking to stay in Barnehurst area. Am | All in all we had a good stay. We had everything we needed. Great and quick communication."
E02000075,Bexley 011,E09000004,Bexley,london,31,0.782,3.2300000000000004,3.2300000000000004,93.55,"An easy stay, no hassles, cute little room and ensuite. | Pedro's happy room felt very cozy and welcoming, we immediately felt at home, everything was clean and the place smelt lovely! We got a good rest and even enjoyed a bit of TV :) <br/>It was nice that  | Brilliant Stay...Pedro is an amazing host."
E02000077,Bexley 013,E09000004,Bexley,london,31,0.8042,3.2300000000000004,3.2300000000000004,93.55,"Tsengel was a wonderful host, nothing was too much trouble. The shower tripped out several times, which was inconvenient. Apart from that everything was spot on.. | I stayed at the Bohemian retreat for a month, and I highly recommend Atul and Surbhi.<br/>They are so warm and friendly, and made my check so easy, and i got a complimentary bottle of wine😁<br/>The ro | Can’t praise it enough. Excellent place to stay."
E02000078,Bexley 014,E09000004,Bexley,london,20,0.8217,0.0,5.0,95.0,"A home from home | I recently stayed in this well-thought-out property for a couple of weeks with my family while our home was being renovated, and it proved to be an ideal choice. The space is well-equipped with everyt | Clean and comfortable and a good host and any problems easily sorted would stay again 👍"
E02000079,Bexley 015,E09000004,Bexley,london,40,0.8523,0.0,0.0,100.0,"House was clean but when I arrived in morning no pillow case he promised but when I back still no pillow case I call 10 pm any get pillow case big trouble about heating first night many time I cal he  | I wasn’t sure what to expect when I booked since this host is new, but I was completely blown away! The apartment is stunning, with such a stylish design and attention to detail. It was spotless and i | Friendly host, clean accommodation. Gets noisy on weekends due to nearby clubs. Great marketplace nearby."
E02000080,Bexley 016,E09000004,Bexley,london,25,0.7991,0.0,0.0,100.0,"Top place to stay. highly recommended | Anna’s place is convenient enough to get us to Central London. Place is small but clean and we felt right at home. Plus my 6 year old son enjoyed the playground in the back. He is always excited to en | Abdul was a perfect host, responded to messages and concerns at all times. Guests were made to feel very welcome throughout their stay and felt very much at home."
E02000081,Bexley 017,E09000004,Bexley,london,41,0.7458,4.88,0.0,95.12,"Party of seven kitchen did not have sufficient crockery although host brought over more on 2nd day but party was out at a wedding by this time. General maintenance needed in property shower head broke | I just say that despite a few disappointments (the house had an unpleasant smell initially and there could have been some improvement with the cleaning), the host is SOO PROACTIVE AND RESPONSIVE which | Very neat place. The host is quite hospitable.💋"
E02000082,Bexley 018,E09000004,Bexley,london,33,0.7964,0.0,0.0,100.0,"Enjoyed, few problems reported and sorted. | Apartment is small but modern and very well organised. It's ideal for a short or medium stay. Public transport is close and train station can be reached on foot if you're up for a short walk. There ar | I chose to stay here as it was the closest to Falconwood at a very reasonable price and Parvez did not disappoint as a host. He was quickly responsive to any questions via email and was a very respect"
E02000083,Bexley 019,E09000004,Bexley,london,43,0.7784,2.33,0.0,97.67,"Alex was not accommodating and always monitors what we do through the camera most especially in the kitchen while cooking no privacy. You can't wear shoes up the stairs because of her rugs. The worst  | Absolutely amazing stay! The apartment was spotless, beautifully decorated, and had everything I needed for a comfortable stay. The host was incredibly welcoming and made sure everything was perfect.  | Cintia is such a wonderful host! Thanks so very much"
E02000084,Bexley 020,E09000004,Bexley,london,59,0.7596,0.0,5.08,94.92,"Private neighborhood. | We found the place very comfortable and also a great space to host friends & family. Our entire stay was very comfortable and we could enjoy our home cooked meals. Nice clean & neat. This a perfect ho | Though given a great rating, there are things like the door hinges, change door code more frequently and more cooking utensils"
E02000085,Bexley 021,E09000004,Bexley,london,14,0.7779,7.140000000000001,0.0,92.86,"The accommodation looks exactly like on the photos. It’s easy to get to the centre London from the location. There are a lot of shops nearby. Carlos is a very friendly host. The place was fairly clean | Zera and Rob are such great hosts, very friendly and considering. The cozy room makes me feel comfortable and relax. With their kind help, it is a wonderful stay in London. I had a good rest there, fe | Great stay. Would definitely return"
E02000086,Bexley 022,E09000004,Bexley,london,30,0.8174,0.0,3.3300000000000005,96.67,"Very Reasonable and I think more then my expectations and more than what I paid | We had a fantastic stay in this lovely home.  It was exactly as described—super clean, fresh-smelling, and perfect for our group. <br/>It has good transport links into London, and local shops nearby.  | location was ideal,  area was lovely and very close to local travel amenities"
E02000087,Bexley 023,E09000004,Bexley,london,38,0.8631,2.63,2.63,94.74000000000001,"DISCUSTING <br/>When we arrived he messaged me private for more money for deposit for this and that which I left it immaculate he kept my deposit <br/>Greeted us with hardly any cloths on took me to a | Having just moved to London we stayed with Ricardo and Scott for 6 weeks while we got ourselves set up - and it perfect for us! Their home is beautifully decorated, modern and super clean. I saw a rev | Julie was lovely, place was nice enough, location was good, right near the town."
E02000088,Bexley 024,E09000004,Bexley,london,9,0.866,0.0,0.0,100.0,"Great house for contractors or family visiting local area | Sean and Ai-nee are super kind and welcoming, even being so kind as to cook dinner sometimes! The room is clean and comfortable and the garden is so beautiful, I thoroughly enjoyed my stay! Location i | Nice, jovial, friendly and helpful host"
E02000089,Bexley 025,E09000004,Bexley,london,25,0.8689,0.0,4.0,96.0,"1st class all the way | Beautiful place. Fantastic studio. Very well built. Loved the fixtures. Bed very comfortable. Has everything you need. Park just as you open the back door. You are right in the park. Private area at t | Enjoyed my stay at Nancy and Beth's. Responsive hosts, and Ernie the cat was a nice touch. Recommend."
E02000090,Bexley 026,E09000004,Bexley,london,37,0.8369,0.0,0.0,100.0,"Our 3rd stay here- suits our needs, well appointed and convenient | The house is good for a small familya and in  conveniently located just 50 yards from sidcup high street( you might well as say that it's on the hight street). but yet remains a peaceful neighborhood. | The host was great to deal with. friendly communication and the property was as described. I would highly recommend for future visits."
E02000091,Bexley 027,E09000004,Bexley,london,13,0.6044,7.6899999999999995,0.0,92.31,"This place is falling apart. From water damage to lack of toileties, I do not feel I got my money's worth. <br/>The room next to the pool table smelled of mildew and the humidity in the room made it u | Wow, the place was just as stunning as in the pictures! Maria was super, always quick to reply and happy to help with anything we needed. The house was perfect for our big family gathering, and really | Would definitely recommend this property and host! Communication was quick and clear throughout my colleagues stay. House was exactly as described. Thankyou."
E02000092,Bexley 028,E09000004,Bexley,london,7,0.6458,0.0,14.29,85.71,"The place was exactly how it was described! Although a little far from the main centre, we had multiple options to travel including cab service, buses, etc. | Communication was clear and concise right from the start. I informed Joseph that this would be my first Christmas with my partner alone, and he definitely made sure to deliver.  upon arrival, he greet | Lovely stay and a nice flat xx"
E02000093,Brent 001,E09000005,Brent,london,27,0.8376,3.6999999999999997,0.0,96.3,"Initially was very friendly and helpful. First time  using air b n b and had lots of questions. We booked for a month whilst our flat was being renovated.<br/>Initially the flat, seemed really nice an | Mo is a responsive and very helpfu host. He provided nice recommendations and was intent on ensuring everything was set up perfectly for us. The flat is clean, fully stocked and very comfortable. We f | 1.Great spacious 1 bhk spic n span <br/>2.Close proximity to Queensbury station ( Jubilee Line ) and Morrisons supermarket <br/>3. fully functional kitchen with utensils <br/>4. Extremely safe area su"
E02000094,Brent 002,E09000005,Brent,london,92,0.8312,3.26,0.0,96.74000000000001,"Chiris was dishonest from the start of the booking request .  He lied about the true picture of this property . Not only did he not mention  that he would be staying at the property, he also said I wo | We had an amazing stay at Ralph’s place! The apartment was spotless, beautifully decorated, and exactly as described in the listing. The beds were  comfortable, and everything I needed was easily acce | It was so lovely place, clean and confy"
E02000095,Brent 003,E09000005,Brent,london,31,0.7988,3.2300000000000004,0.0,96.77,"I didn't get any clear instructions before arriving on how to check into the flat, so had to wait outside for sometime. I complained about hair I found on the sheets but didn't get much help, asked fo | I had the pleasure of staying at this wonderful place in London, UK, not once but twice! If you're on a budget and looking for a fantastic accommodation option in the city, look no further. This place | Ursula was very kind and quick to show me to my room after I had been out all day. She is extremely hospitable and caring. You cannot beat her place for the price. 10/10"
E02000096,Brent 004,E09000005,Brent,london,23,0.7136,8.7,0.0,91.3,"checkin was at 15:00. Cleaners were inside and we had to wait 2 hours before we were allowed to enter.<br/>House is ice and ice cold. 12 degrees all the time on the meter. Couldnt heat it up as owner  | Absolutely delighted with our four-night stay at Marie's elegant and modern home! From the moment we arrived, the check-in process was a breeze, and the house was ready right on time. The two-story in | Smart apartment, close to shops and transport. Clean and spacious. Highly recommended."
E02000097,Brent 005,E09000005,Brent,london,54,0.8681,0.0,1.8499999999999999,98.15,"The house is an location for Wembley stadium and the OVO Arena | Irene is without a doubt the most delightful host I’ve ever met! Her radiant energy beamed as soon as we walked in the bright yellow door and made us feel like we were right at home. We were heading t | Great stay, nice and helpful person"
E02000098,Brent 006,E09000005,Brent,london,159,0.753,5.029999999999999,2.52,92.45,"The accommodation was basic but mostly clean.  However,  there was very little kitchen cutlery,  and toaster didn't really work.  We'd bought an unsliced loaf of bread and there wasn't a single sharp  | We stayed at Antonia’s place for over 10 nights and had a wonderful experience. The apartment was modern, spacious, and very clean. Free parking was available, which was great since we traveled by car | Kamila was very helpful! Thank you!"
E02000099,Brent 007,E09000005,Brent,london,49,0.7402,8.16,2.04,89.8,"that was worst experience I had in an airbnb, she was very disrespectful and rude, she literally yelled at me for asking for heating, and called me rude because she just came back of work, and she sai | An Exceptional Stay – Highly Recommend!⭐️⭐️⭐️⭐️⭐️<br/>My stay at Errols Airbnb was absolutely outstanding! From the moment I arrived, everything exceeded expectations. The space was spotless, beautifu | Great location for a concert in Wembley, ~30 mins walkable or very quick taxi away. Place was as described and could easily sleep six. A 10am checkout felt a bit unnecessarily early however, given che"
E02000100,Brent 008,E09000005,Brent,london,85,0.7616,3.53,1.18,95.28999999999999,"Gate wasn't safe enough, although it had a code to open the door itself didn't fit and lock well.<br/>Room door keyhole didn't match the keys left for us.<br/>Table was dirty. Hair inside the bed. Wal | I had a wonderful stay at Safira’s house in London. She is an amazing host—very kind, welcoming, and always ready to help. The house is beautiful and well-kept, and the bathroom was spotless and very  | Brilliant place, modern and clean."
E02000101,Brent 009,E09000005,Brent,london,155,0.7863,1.29,0.65,98.06,"The place was nice<br/>Parking okay<br/>The stairs and the foyer were really stinking<br/>We could not take a bath as hot water finished while filling the tub it that was a disappointment <br/>Hot wat | I had a wonderful stay at Rosana’s place! From the moment I arrived, Rosana and her son made me feel incredibly welcome. Rosana is a warm and kind host who goes above and beyond to ensure her guests a | ✨🌺 good spot easily to go anywhere u want from there"
E02000102,Brent 010,E09000005,Brent,london,54,0.8065,0.0,3.6999999999999997,96.3,"We have booked it for a two day stay to see the Wembley show. Everything was perfekt. The house had everything that we have needed and was located in Wembley area what made our stay very confortable. | spacious, modern and clean. 30 minute walk to Wembley. 20 minutes to tube to get into London. plenty of friendly shops very close by and nice neighbours. really comfortable beds, hot powerful shower,  | Highly recommended stay, friendly and responsive host!"
E02000103,Brent 011,E09000005,Brent,london,183,0.7684,3.83,1.09,95.08,"I shouldn’t be typing this but unfortunately Elevate living estates and Ridwan (speaks for the host)  had not kept their end of the bargain.<br/>I tried to message Ridwan, unfortunately I was kept on  | My boyfriend and I stayed at Mina's beautiful - Happy Land for 2.5 months. <br/>From the moment we connected with Mina on Airbnb, she was extremely helpful and kind. <br/>We searched for a lot of plac | My colleagues really enjoyed the stay and the host was really efficient and accommodating in their correspondence with us in advance and during the stay."
E02000104,Brent 012,E09000005,Brent,london,104,0.8355,0.96,0.96,98.08,"The images of the flat look beautiful but it’s a traumatizing experience- dirty entry, dirty steps, birds excrements on windows..shocking | What a stay! We had an amazing time here, really close (within walking distance) to Wembley stadium/ovo arena. The house was beautiful, in a nice quiet street and had everything needed for a comfortab | The place is walkable from Wembley Park Station.<br/>A nice and cozy working kitchen and the 2 WCs and a bathroom really help.<br/>Svetlana is very responsive which makes the stay comfortable."
E02000105,Brent 013,E09000005,Brent,london,80,0.7807,2.5,0.0,97.5,"Overall the house was as my expectations but the bathroom was too small and people with a height of more than 5 foot 5 would have difficulty and it’s suitable for only one person | Jo’s place was just perfect in terms of what was advertised and how well it had been kept. You definitely get a very warm and homely feel from the house. It’s ideal  with bus stops and Tube lines in w | clean & cosy,  it's actually ok for a single guy to visit London for  few days. reasonable price & good location.<br/>thank you."
E02000106,Brent 014,E09000005,Brent,london,149,0.7917,4.03,1.34,94.63000000000001,"[Version FR ci-dessous] Honestly, STAY AWAY from this place. You are paying to admit yourself into prison. The host is very ill mannered with a very disgusting irrational behaviour. He is unprofession | Our stay at Chioma’s apartment in July 2025 was delightful . The flat was exceptionally clean and comfortable, literally the cleanest I have stayed in the UK and it felt like a true home away from hom | We booked the accommodation as a family of 4 going to Wembley for a concert. We managed to find parking nearby JustPark but the host does suggest areas to try on event days. The accomodation is in a g"
E02000107,Brent 015,E09000005,Brent,london,157,0.7436,3.82,2.55,93.63,"This flat is only 2 bedrooms forced to be 3 bedrooms we are 5 adults stayed in 2 prober beds 2 children beds and 1 normal sofa not sofa bed the matress were bad except one the fridge wasn’t working we | I am so grateful for the opportunity to met one of the loveliest human being in the world . I had such a wonderful time with you. You showed me care , kindness and love .Your home is the place to be,  | A great little place 5 mins from the jubilee line, so can get into central London or up to Wembley in no time. Very friendly and accommodating host"
E02000108,Brent 016,E09000005,Brent,london,53,0.7782,0.0,0.0,100.0,"Room was lovely, just what we needed for a 1 night stop. <br/>Had a tiny issue with check in but was soon sorted. <br/>Would stay again. | Basil was the perfect host. He has excellent communication, and keeps a very clean house. We rented a room for two weeks while commuting to work and it is close to Sudbury Hill Tube station in a quiet | It was ok,close to the tube station.But the whole estate very run down looking,didn't feel safe coming back in the evening. <br/>place itself was OK,clean room , spacious.<br/>the price was OK so I ca"
E02000110,Brent 018,E09000005,Brent,london,201,0.7464,4.4799999999999995,1.9900000000000002,93.53,"We stayed one night and it was hard to sleep. We heard every single waterdrop and if someone moved around, it felt like they are next to us. The description we had for this apartment doesn’t match the | It was a fabulous experience in Benoit’s house. We stayed here for 20 days. The house is beautiful and clean, exactly the same as the pictures. The more exciting thing is it’s full of technology, the  | The place was really good and easy to check in"
E02000111,Brent 019,E09000005,Brent,london,47,0.7916,4.26,0.0,95.74000000000001,"21 Lancelot road, Wembley is a great location for the Bakerloo line and Wembley Stadium. It has a good amount of space but is a very basic property. The kitchen is poorly equipped (eg no saucepans, on | Nikki and Ramin are great hosts! I would highly recommend to anyone! They are super nice and making you feel at home. They opened not only their room for us but also heart and a fridge ;) their pets a | Great visit. As described for a good price."
E02000112,Brent 020,E09000005,Brent,london,245,0.754,4.08,2.04,93.88,"where do I start .<br/>we did not find out that we had to go somewhere else to pick up keys until  day before.<br/>when finally made it to the place to pick up keys we had to wait in line 20 minutes t | I can't say enough wonderful things about my stay at Affan’s place. From the moment my family arrived, everything exceeded expectations. The space was spotless, beautifully decorated, and thoughtfully | lovely place definitely stay again"
E02000113,Brent 021,E09000005,Brent,london,27,0.7989,0.0,0.0,100.0,"Communication with the host was good, easy check in and out. The flat is around Wembley area a short walk from the underground. There is a kitchenette, however not fully equiped, a downside is the mis | I had the pleasure to stay here for an entire week and what I found was the best room I could ever hope to find.<br/>The house is perfectly clean and the room is big enough to live in, the kitchen is  | Justa great room for the price, very clean and everything you need"
E02000114,Brent 022,E09000005,Brent,london,189,0.7858,3.17,1.06,95.77,"To be honest, we were really disappointed with our stay. We booked it to be close to the Wembley stadium but really should've booked somewhere else. The neighborhood was so filthy and unsafe, never ex | Overview We had such a wonderful time at these flats. We went as a large group of 9 people staying in 4 different units (unit 3, 4, 6 & “the Cabin”). You definitely want to stay here if you are stayin | Nice location. Very near the tube. Communication was great. Would stay here again."
E02000115,Brent 023,E09000005,Brent,london,230,0.7862,4.74,0.86,94.39999999999999,"Uncomfortable stay. Decor was impressive but felt like a distraction from issues. Building was hard to find on street and pad instructions no clear. Ok tubes to location, but quite far from city. Desk | We had a PERFECT stay at Dean’s place! The room is lovely, it was super clean and nicely decorated. The bathroom was really clean and nice as well. Dean’s place is in a beautiful neighborhood, surroun | Private room, very comfortable. Use of kitchen (fridge) was appreciated."
E02000115,Brent 023,E09000007,Camden,london,2,0.7747,4.74,0.86,94.39999999999999,"Uncomfortable stay. Decor was impressive but felt like a distraction from issues. Building was hard to find on street and pad instructions no clear. Ok tubes to location, but quite far from city. Desk | We had a PERFECT stay at Dean’s place! The room is lovely, it was super clean and nicely decorated. The bathroom was really clean and nice as well. Dean’s place is in a beautiful neighborhood, surroun | Private room, very comfortable. Use of kitchen (fridge) was appreciated."
E02000116,Brent 024,E09000005,Brent,london,108,0.7678,3.6999999999999997,0.9299999999999999,95.37,"Upon arrival, we were shocked to find the property in an appalling and unsanitary state. The home was filthy, infested with bugs, and—most disturbingly—there was human feces splattered on the bathroom | I couldn’t be more thankful to Despina for being so incredible. The studio is everything you’d want and more. Immaculately clean, brilliant facilities, thoughtful touches, safe and secure, homely with | Ideal for concerts at Wembley. Station on the doorstep. Spacious apartment and spotlessly clean. Even had new toothbrushes and toothpaste !!"
E02000117,Brent 025,E09000005,Brent,london,106,0.8241,2.83,0.9400000000000001,96.23,"We had a nice stay in London but we were very disappointed because the flat hadn't been cleaned before our arrival . We have mentioned this point to the host. Then, it would have been a lot more conve | As usual, I read what each AirBnB location has and I knew I signed up for a place with a dog and a family, and this was no problem as I have many dogs in my family and am used to their nature. I must  | Everything was great! We had waters and some snacks left by the host upon arrival. The host answers pretty fast to any request."
E02000118,Brent 026,E09000005,Brent,london,78,0.763,2.56,1.28,96.15,"we didn't read the full check in details there was no tv or WiFi,  we dnt really check for this becouse I've never ever stayed in a air b&b property and it's not had a tv or WiFi,  when I asked about  | Lovely stay in a beautiful house near Wembley Station. We traveled as a family of 7 (5 adults with two kids, 3 + 6 yrs) to attend the Taylor Hawkins tribute concert at Wembley. It was the day of our 1 | Felt right at home and Nicole’s mum was very friendly and helpful <br/>Will be back"
E02000119,Brent 027,E09000005,Brent,london,99,0.8217,3.0300000000000002,1.01,95.96000000000001,"We rented this apartment for three months, but unfortunately, our experience was extremely disappointing. The apartment does not match the photos — it was dirty, poorly maintained, with terrible pillo | Thank you Tesh, we very much enjoyed our stay and will definably be in touch if we have a need to stay near wembley again. <br/>The location was perfect, the number 18 bus goes all the way from Euston | Nice and calm Airbnb, gladly again at any time. Plus point also for the cat that greeted us every morning from the backyard through the bathroom window."
E02000120,Brent 028,E09000005,Brent,london,307,0.8006,3.26,2.93,93.81,"AVOID AVOID AVOID!!!! THIS WAS THE WORST AIRBNB EXPERIENCE EVER! THE HOST WAS BEYOND RUDE AND LOUD, LITERALLY MAKING FUN OF ME AND MY GIRLFRIEND IN THE OTHER ROOM. I EVEN HAVE VIDEO EVIDENCE THAT I SE | Ró's place was very easy to find and to get into and she was totally flexible on my arrival time which was really helpful. The whole place is very stylish whilst giving a strong sense of feeling at ho | Great location and room.<br/> Zahra was incredibly helpful."
E02000121,Brent 029,E09000005,Brent,london,66,0.7044,6.0600000000000005,0.0,93.94,"This Airbnb is unsanitary, unclean and host communication poor. I cannot capture everything wrong with the property in this review. On arrival, you can see instantly that the stairs are filthy, the mi | It's a perfect place to stay! The home (it felt like home) had all the amenities, super comfy, calm, private, clean and spacious! The balcony with its views of the London skyline was a standout. It of | Very good experience, convenient to Wembley, responsive host."
E02000122,Brent 030,E09000005,Brent,london,302,0.8192,3.3099999999999996,0.33,96.36,"It was a terrible experience. We stayed there for two days, but we would never prefer it again. The room is too small for 3 people. The electricity had gone just before we slept at night, so we were n | We did have a lovely stay here. It was a perfect base to enjoy the quieter life but only 40 minutes into London. The garden was a lovely feature although could have done with the grass being cut. Bedr | It was a great stay for a few nights! The hosts were both very helpful and reactive and they arranged the check in very last minute for me."
E02000123,Brent 031,E09000005,Brent,london,262,0.7654,5.7299999999999995,0.76,93.51,"Mentioned bedroom door locks will be there but after reaching at night we were told no locks are present and left with no choice of shifting to other places or rooms.<br/>Bedroom floor has a hole and  | A budget-friendly yet charming option. Stayed here for a month and truly felt at home. Highly recommended!<br/>Everyone’s usually busy, but you can often catch a great evening chat with Roman. He’s an | We had a family trip and stayed in Anderson's place. Had a great time in London. Would recommend."
E02000124,Brent 032,E09000005,Brent,london,477,0.8158,3.56,0.84,95.6,"Emad was a nice responsive host and kindly did us a reduced price for a nights stay of £70 instead of £90 but unfortunately the place was not up to scratch at all and I feel loathed at having had to p | WOW - what a stay!  We descended on this lovely area 8 strong for a 4 day Christmas break, with an extra 2 coming for dinner.  The location is lovely, with great shops, a couple of classy, interesting | A warm British home, suitable for long stay with everything u need.  Paddy is very friendly and helpful"
E02000125,Brent 033,E09000005,Brent,london,346,0.8522,1.4500000000000002,1.16,97.39999999999999,"The house smelled of putrid sewage. I immediately messaged. She blew me off. I was told someone would come look at it the next day. No one came. With fans running it minimally improved. The towels wer | Liz was a charming and gracious host, and her little cottage a peaceful sanctuary in London.<br/>The bed was so comfortable and nights peaceful with no traffic noise or street light pollution as the c | This house was absolutely beautiful and cozy and had a huge kitchen! It also had four bathrooms which was amazing for our group of five. Do be aware that the bedrooms are all up some fairly steep stai"
E02000126,Brent 034,E09000005,Brent,london,244,0.8044,3.2800000000000002,1.23,95.49,"Unfortunately, the place looked nice in photos, but that was all. This was the worst Airbnb experience I’ve had. We requested early check-in, but the host never got back to us. When we arrived, the co | We had the most wonderful stay at Mae’s beautiful home in the heart of London. From the moment we arrived, it was clear that this wasn’t just a rental property—it was a real, lived-in home filled with | Would gladly stay here again the next time I’m in London - we were sad to leave! This home is perfect. Walkable to many restaurants and parks nearby and public transit. A beautiful garden backyard in "
E02000127,Bromley 001,E09000006,Bromley,london,39,0.8171,2.56,0.0,97.44,"The surroundings of the house was dirty.<br/>Inside the house was dirty including the toilet and the shower room. The toilet flushing mechanism was tricky, so it was hard to flush the toilet.  The roo | I recently had the pleasure of staying at Grace's Airbnb, and it was nothing short of exceptional. From the moment I booked, Grace was communicative, helpful, and incredibly welcoming. She provided cl | Is great quiet place to stay, Irene is very helpful and happy person, but she doesn't disturb. Will be happilychoosing to stay with her again"
E02000128,Bromley 002,E09000006,Bromley,london,28,0.8334,0.0,0.0,100.0,"This is incomplete listing and the apartment is on first floor of a buzzing restaurant on street. One has to go in an alley with noisy and smelly kitchens of restaurants to reach main gate. To enter,  | Julie is a great host—pleasant, responsive, and was always available when needed, which made the stay even more seamless. The house is clean and clearly well maintained which is primary to me. It felt | The property was perfect. easy communication with the management company who were very quick at replying. Can't fault the service and property."
E02000130,Bromley 004,E09000006,Bromley,london,67,0.8013,2.9899999999999998,1.49,95.52000000000001,"My worst experience after years. Bad creaking and the base is not solid. Garden a mess. The back door cannot lock. Top bathroom someone threw up in the night. No curtains. Building materials all over. | Wow, just lovely! From the moment I arrived Anne was extremely sweet and welcoming, she even had breakfast treats ready, like coffee, tea, bread, milk, cookies, etc. The cottage was beautifully decora | Beautiful home with a fabulous garden"
E02000131,Bromley 005,E09000006,Bromley,london,171,0.8608,1.17,0.0,98.83,"The place is far from the city and the lack of treatment. Very poor treatment, lack of cleanliness, and the room is very small. I regret choosing this room. I do not recommend choosing it. | It's a perfert and fantastic experience to live with Jo not just only because her home is a wonderful place but also she's such a nice person to live with. It's my first time leaving home and going to | Great place to stay for a couple of nights - Sherine communicated well, and was on hand if needed."
E02000132,Bromley 006,E09000006,Bromley,london,76,0.8636,0.0,1.27,98.72999999999999,"Very quick to respond and communicate | I recently had the pleasure of staying at this room  that truly exceeded all my expectations. From the moment I arrived, it was clear that this was not just a place to sleep, but a home away from home | Hi Williams place was in a great location and was really clean and very modern inside. Will definitely be staying again."
E02000132,Bromley 006,E09000023,Lewisham,london,3,0.796,0.0,1.27,98.72999999999999,"Very quick to respond and communicate | I recently had the pleasure of staying at this room  that truly exceeded all my expectations. From the moment I arrived, it was clear that this was not just a place to sleep, but a home away from home | Hi Williams place was in a great location and was really clean and very modern inside. Will definitely be staying again."
E02000133,Bromley 007,E09000006,Bromley,london,42,0.8948,2.3800000000000003,0.0,97.61999999999999,"Had trouble communicating with Andrea, I asked if I could shoot some personal content at the place but she basically said NO and accepted my booking anyway and took my money. Then suggested a separate | I highly recommend a stay at Viviens!<br/>There is nothing more satisfying than staying in an environment that is welcoming and warm;  where you immediately feel at ease and comfortable.  <br/>Vivien  | Apart from trying to find the place at the start, I would definitely recommend it to anyone who wants a place to stay.<br/>It ticks all the boxes, thanks Carla for a wonderful stay"
E02000134,Bromley 008,E09000006,Bromley,london,123,0.7989,3.25,0.8099999999999999,95.93,"Avoid: Noisy, dirty & incompetent host.<br/>My stay at this property was marred by numerous unresolved maintenance problems and a host who was dismissive and unprofessional.​<br/>Broken Bedroom Window | We truly enjoyed staying in the Penthouse Apartment and will definitely stay again! Bob is the ultimate host, gave us great information and details about the apartment, parking, the local area, etc. T | It’s was a lovely place to retreat to, set back off of the road to give a quiet surrounding.<br/>Easy to find, and instructions were clear.<br/>Would definately recommend."
E02000135,Bromley 009,E09000006,Bromley,london,99,0.8827,0.0,1.01,98.99,"There wasn't any internet, the TV didn't work and the washing machine didnt have  a dryer to dry clothes. | We stayed at this Airbnb for a month, and it truly felt like our first home since moving to London. The space was cosy and full of character, with artistic touches and fascinating pieces of ancient dé | A home away from home. Absolutely spotless. We loved staying in this property, even if the main road was a tad noisy for us (we’re not used to that where we live), but location wise had loads to offer"
E02000136,Bromley 010,E09000006,Bromley,london,55,0.809,1.82,0.0,98.18,"The place was lovely, like a little oasis of calm. Our first property was much smaller than we expected and did not match the photos shown, but the hosts were really understanding and moved us to a mu | Probably one of the best Airbnb’s I’ve stayed in so far. Chloe was super nice and friendly. Greeted us into the property. Enjoyed how the vibe felt like a small village and beautiful as well. My dogs  | Chloe’s place is very private and secluded and was surrounded by trees and garden space which was perfect for our little dog to investigated. Our garden chalet was small but well designed with all the"
E02000137,Bromley 011,E09000006,Bromley,london,32,0.854,0.0,3.1199999999999997,96.88,"15 minutes  from Bromley South for a fast train to Victory Train Station. Bromley South offers lots of pub, restaurants and  Shopping. | Isabella’s place is the perfect choice for those looking for a nice quiet place to spend a few days, but at the same time has easy access to London. Nearby - 10 mins walk, is Bromley town centre. Ther | The place looks like the pictures. It’s pretty clean inside with kitchen amenities like pots and plates etc. The only issue is that you can hear whomever is upstairs."
E02000138,Bromley 012,E09000006,Bromley,london,41,0.9029,0.0,0.0,100.0,"Here is very close to Beckenham Junction which is easy to travel or commute. | We really enjoyed our stay in this family home and would definitely recommend it. Stylish and quirky, with lots of colour; it was very comfortable, with loads of space for us all. Good to have our own | Great host, sound guy and a great place to stay in a lively area"
E02000139,Bromley 013,E09000006,Bromley,london,59,0.8338,1.69,0.0,98.31,Quiet location and cozy place with privacy. Room was large and nice.<br/>The only inconvenience was regarding heating which was off during the night and even during the day quite minimal. | This house is a very peaceful and quiet place. <br/>Annette and John have respected my lifestyle and they asked me if there is any inconvenience. <br/>The room was so nice and cozy and the bathroom is | Shlome was a good communicator and access instructions were very clear. The apartment was modern and in a very convenient location for us. After 32 hours of travel we needed a shower but found the fle
E02000140,Bromley 014,E09000006,Bromley,london,25,0.6761,4.0,8.0,88.0,"no bins. water leak in kitchen. poor quality throughout. | We staid for several weeks due to work. Check in went very easy and smooth and we had our privacy during our whole stay. <br/>The communication was really good, fast responses, very helpful and friend | A quiet, comfortable and spacious place to stay. I would recommend it."
E02000141,Bromley 015,E09000006,Bromley,london,52,0.8655,0.0,0.0,100.0,"helpful and quick respond from the host | I felt so welcome at Olasubomi's B&B from day one.<br/>After showing me the room, she and her family were very considerate of my privacy but messaged me every day to make sure that I was comfortable,  | Her place was clean and cozy. It is not to far from the city and the cat is very friendly and cute."
E02000142,Bromley 016,E09000006,Bromley,london,54,0.8197,0.0,0.0,100.0,"Would stay again 🙂 | Loved Alisons place and wished I could give it 10 starts. <br/>Alison was a lovely host she provided Tea Coffee and hot chocolate! There was also crisps. <br/>Unfortunately I spent a lot of time doing | Nice and flexible check in helped us out a lot, lovely home"
E02000144,Bromley 018,E09000006,Bromley,london,71,0.8538,0.0,2.82,97.18,"CALME QUARTIER EGALEMENT <br/>FAMILLE ACCUEILLANTE ET DISPONIBLE | Absolutely stunning flat! The decor is really warm, cosy and inviting, full of warm colours and textures. Really well appointed, from massive TV Screen with amazing audio system, to USB charger socket | We enjoyed our stay over the Christmas period! Sonny was very accommodating and provided a Christmas tree and larger table for our stay. <br/>Really helpful host! Thank you"
E02000145,Bromley 019,E09000006,Bromley,london,36,0.8138,2.78,0.0,97.22,"I didn't enjoy my stay here and left early to find alternative accommodation. | I was looking for a place in South East London, which could accommodate over 12 guests and I couldn’t have asked for a better home. The decor felt modern and very clean, the beds were comfortable and  | Patricia is the best host. She has so much charm and wisdom.  However, if you are not into high density living, as we aren't, it might be a little difficult to cope with. Parking is sometimes difficul"
E02000146,Bromley 020,E09000006,Bromley,london,41,0.8656,0.0,2.44,97.56,"Always my home from home. | Excellent host! All amenities in accordance to specifications stated therein! Gengis is very responsive, considerate, thoughtful and kind. Love the modern, clean, neat and tidy cosy and comfortable ap | Sharon was super helpful would highly recommend if you are in the area. Wished we would have stayed longer."
E02000147,Bromley 021,E09000006,Bromley,london,55,0.8392,3.64,0.0,96.36,"Very unpleasant experience with this host in the last week. I felt very unsafe as a couple in the same property kept fighting physically, slamming and arguing very loudly for over 3 4 days until polic | Superb host, a beautiful house, this place was fantastic! stylish and elegant with everything you needed, Katie’s place is one of the nicest, best located, and real value of all the places i have stay | the host was nice and he recommended us some spots. The bnb is clear and the surrounding environment is nice too"
E02000148,Bromley 022,E09000006,Bromley,london,19,0.8296,0.0,0.0,100.0,"Donna made me feel very welcome<br/>The room I stayed in had all I needed<br/>Will definitely be looking to stay there again | My experience at this Airbnb was nothing short of perfection. From the moment I arrived, I was welcomed into an immaculately clean and beautifully decorated space that felt both luxurious and homely.  | Booked this for my future son-in-laws family prior to his wedding to one of our daughters.  They reported quite a few cleaning issues which Puja said she would take up with the cleaners.   It was diff"
E02000149,Bromley 023,E09000006,Bromley,london,13,0.7369,0.0,0.0,100.0,"Quiet and comfy place, really worked well for me and my 10 month old.<br/>Great host, who checked in. <br/>Thanks Colette. | We had a great stay here, Colette was a fantastic host,  responded to any questions immediately, the place was super clean and we had a great sleep in a very comfy bed! I would highly recommend and wi | We just needed a quiet room for the night after attending a family event in Chislehurst. Sandra was friendly, considerate and flexible with our arrival time."
E02000150,Bromley 024,E09000006,Bromley,london,19,0.8811,0.0,0.0,100.0,"Great living and outdoor space | Title: A Perfect Getaway!<br/>I recently had the pleasure of staying at this fantastic Airbnb, and I can't recommend it highly enough! From the moment we arrived, the house made us feel right at home. | Had a lovely peaceful stay, perfect."
E02000151,Bromley 025,E09000006,Bromley,london,13,0.913,0.0,0.0,100.0,"Amazing place, would definitely be booking again in the future. | I want to give this house full marks!<br/>This is the best house I've ever lived in on Airbnb and the best host I've ever met!<br/> This is a beautiful villa in the suburbs of London with very large b | We really enjoyed our stay at Amanda's- home from home- very comfortable- stylish-would love to stay again Suz and Brian"
E02000152,Bromley 026,E09000006,Bromley,london,31,0.8571,0.0,0.0,100.0,"It was a great experience. Wouldn’t mind going back | Apologies for the late review I’ve been very busy.<br/>I spent a month with Jamie and Trevor, and I must highlight the incredibly warm welcome I received from both of them. The area is very safe, and  | Great stay as usual, booked again. Super host!!"
E02000153,Bromley 027,E09000006,Bromley,london,26,0.8291,0.0,0.0,100.0,"Everything's been fine | Lovely apartment, close to Bromley with great transport links. I stayed here for a week and had a lovely time. Everything uou need in the apartment.  Very comfortable indeed and the hosts were lovely! | Splendid host great room. Comfy and quiet"
E02000154,Bromley 028,E09000006,Bromley,london,60,0.7136,3.3300000000000005,5.0,91.67,"Not very nice flat . The car park has bins overflowed and really needs attention. As you gain access to the flats and onto level 2 as soon as you open the doors to the corridor. The extremely strong s | This is probably one of the best Airbnb apartment i have stayed in. The pictures don't do the place justice. It is a beautiful apartment, close to restaurants, shops, train station and almost all amen | Very amazing place to stay, feels very cosy and luxurious. Worth every penny spent."
E02000155,Bromley 029,E09000006,Bromley,london,13,0.8707,0.0,0.0,100.0,"Sid and her family is very friendly | This was one of the best places we’ve stayed so far. Oana was very thoughtful and responsive, and her parents-in-law gave us such a warm welcome. The house was both welcoming and thoughtfully equipped | Splendid stay!! Will definitely be back!!"
E02000156,Bromley 030,E09000006,Bromley,london,27,0.8603,0.0,0.0,100.0,"2nd stay with Marlon, good venue and host | I only stayed for a flying visit but Andrea and Jimmy were so friendly, I was on my own so felt safe. The place is absolutely spotless, house is lovely, nice and quiet, big bedroom with very comfy bed | We had a really enjoyable and comfortable stay at Julie's, and would readily recommend it."
E02000157,Bromley 031,E09000006,Bromley,london,24,0.7375,4.17,4.17,91.67,"The self contained studio does what it says on the tin. Completely detached from the main home, gives you personal space, keeping you out of the way of your hosts and vice versa. | My partner and I had an amazing stay at Shelley and Andy's place a few days ago. As I'm one of the first to review the property, I thought I'd write a detailed review so future travellers know what to | Rajans place is in the quiet neighborhood of orpington and it's just 15mins walk from station. Good place to crash for a night or two and good value for money."
E02000158,Bromley 032,E09000006,Bromley,london,14,0.7947,0.0,0.0,100.0,"Very accommodating and did not push pressure on us, regarding our use of the place. Was like an extension Accommodation for us. Even had deep freezer which came in very handy. | Very beautiful and serene. The house is with spacious bedrooms and gardens. Check in was quite easy. Perfect for anyone (as a matter of fact, family) who wants a comfortable place in a green quiet are | Lovely property.  Kell is a generous, professional and conscientious host."
E02000159,Bromley 033,E09000006,Bromley,london,31,0.8996,0.0,0.0,100.0,"Family stayed at Annette's place during my wedding. Her home was lovely, spacious and in a very quiet part of Bromley. | We would like to thank you all for such a great weekend! It was perfect for us, and even more so for our 3 year old daughter who had the best time! Feeding the chickens, riding around with Jerry and t | Great stylish place in beautiful location. Would highly recommend"
E02000161,Bromley 035,E09000006,Bromley,london,12,0.6906,8.33,0.0,91.67,"Do not trust the photos and pictures. The place is very small and not comfortable for more than one people. | Our stay at this wonderful property was top notch, and we are happy to recommend it to others looking for a comfortable stay within easy reach London. <br/>The space is clean, private and beautifully  | Gitte was very welcoming and the room was lovely!"
E02000162,Bromley 036,E09000006,Bromley,london,10,0.8533,0.0,0.0,100.0,"Lovely cottage | An Exceptional Stay That Surpassed Our Expectations<br/>We had a truly wonderful stay at this apartment. Everything exceeded our expectations. From the moment we arrived, we were impressed by how beau | The place was great! The pictures were accurate.  For us, it would have been nice to know that the fridge didn’t have a freezer section, as we needed one for medical supplies. The microwave was other "
E02000163,Bromley 037,E09000006,Bromley,london,65,0.8253,0.0,1.54,98.46000000000001,"the property was exactly what we wanted for my family visit from Dubai | We absolutely loved our stay with Kim and Darcy. Her place is in a great location, with easy access to the local shops and the train station. The room and bathroom were very comfortable and perfect fo | Accommodation was great, exactly matched the description. A lovely, cosy studio that is fully functional with kitchen and bathroom. Suited our needs."
E02000165,Bromley 039,E09000006,Bromley,london,27,0.7361,7.41,0.0,92.58999999999999,"This property is tired and damaged. We had multiple issues which unfortunately were met with rude, defensive and accusatory replies. After accusing us of planning a party before we arrived, Laura admi | Thank you Phil for being so welcoming!! The room is amazing, very spacious and decorated very nicely, it was also very tidy and clean when I came in. It is very cozy and the big windows give the perfe | Quiet place, just what I needed, and Phil is a great host, always willing to help as much as possible."
E02000166,Camden 001,E09000007,Camden,london,150,0.8712,2.67,0.67,96.67,"Sharon was very friendly&helpful with everything we needed, the place was clean. However, the problem with the heating forced us to sleep with open windows, but the urban noise from the trains directl | What a find!<br/><br/>Stunning area – we loved the Victorian townhouse architecture.  You’re in the city but feel like you’re in a village in the countryside. A two-minute walk to the green park Ham | The flat is cosy and very well located — both close to the center and the quite heath. Samantha was a welcoming and helpful host during my stay. Recommend her place!"
E02000167,Camden 002,E09000007,Camden,london,304,0.8664,1.6400000000000001,0.33,98.03,"I stayed at David's place in Hampstead for a long visit. These were the pros and cons: <br/>PROS: <br/>--The village of Hampstead is safe and upscale. There are grocery stores, shops and nice (expensi | My stay here was perfect. It was quiet, spacious, super clean, nicely decorated, and what a location. It's right in Hampstead Heath and is so walkable to many great places to eat (crepes, fresh juice, | Great clean and tidy apartment with close proximity to main streets of Hampstead. Good communication from host."
E02000168,Camden 003,E09000007,Camden,london,228,0.8443,2.19,0.44,97.37,"Although this listing was largely as described there were a few things to note which were just poorly maintained. For example we stayed on the ground floor and the window wasn’t lockable, yes it could | Andrew and Chino warmly welcomed us when we arrived at their old and modern mixed beautiful listing. The space was just right for three of us and we were able to spend our time in London very comforta | Amazing location, right in between Hamstead Heath and Camden and located in the up and coming Chalk Farm neighborhood. The apartment was simple, spacious and an easy home base for my adventures in Lon"
E02000169,Camden 004,E09000007,Camden,london,199,0.8048,4.02,2.5100000000000002,93.47,"The flat was very disappointing. I arrived to find ants on the bed (an issue I had asked about several times before booking), no wardrobe or hangers despite the listing, and a dirty bathroom ( sand or | This place exceeded my expectations! It was even better than the photos suggested — super cosy, beautifully finished and incredibly comfortable. The loft was absolutely spotless, thoughtfully decorate | Very nice place for two!<br/>Very well located to the train station and underground.<br/>The neighbourhood is quiet and close to   coffee shops,  supermarkets and restaurants.<br/>I will recommend Cam"
E02000170,Camden 005,E09000007,Camden,london,160,0.8489,1.8800000000000001,0.62,97.5,"Although Amanda emailed me after booking, somehow when I arrived the flat had been double booked so nowhere to stay.<br/>Amanda refunded me straight away and was clearly very sorry, but very frustrati | Highly recommend!!!! Dont hesitate for a second..book this place now.<br/>Mila is the perfect hostess, accommodating, kind, thoughtful and responds immediately.<br/>The flat is in a fantastic location | Great place, great location"
E02000171,Camden 006,E09000007,Camden,london,204,0.8726,0.98,0.49,98.53,"We’ve been traveling for an entire year and this has been our worst AirBnB experience. The apartment is in disrepair, including mold and cracks in the walls. The main bedroom faces the street and it’s | It's difficult to write something that hasn't already been said by other guests, but I loved my stay! Sam was super helpful in our communication with fast responses, suggestions, and easily arranging  | We had a nice stay here! The location for the price is amazing and we liked the design of the apartment!"
E02000172,Camden 007,E09000007,Camden,london,272,0.7754,4.04,1.47,94.49,"I would have given 1 star but Ali, the service technician, helped resolve multiple issues experienced.<br/>PROS: 	A flat in London<br/>CONS: 	Broken Mattress Frame<br/>	Soiled linens w/Blood stains an | My family loved this beautifully appointed home in Camden! Everything is high-end and very thoughtfully designed and renovated. The owners clearly have good taste! We very comfortable here. Kids loved | Staying at Christine’s was a pleasure, she was very responsive and allowed me and my partner our own privacy at all times!"
E02000173,Camden 008,E09000007,Camden,london,343,0.8116,2.04,1.46,96.5,"I booked my mum to stay here for the weekend, firstly we where left waiting outside for a 1 hour 20 minutes waiting for the host to let us in at our check out time they would not answer the phone to h | Location and a flat with great character. <br/>Truly, you couldn’t ask for a better location as it is 2 min walk to Belsize village where you have so many options for all meals.<br/>Roni’s for the bes | Lovely place, very comfortable and homey."
E02000174,Camden 009,E09000007,Camden,london,334,0.8551,1.5,0.8999999999999999,97.6,"Extremely disappointing experience. As soon as we walked in, there was a pungent smell throughout the property. We flagged it to the host via the AirBnb app but they never addressed our concerns.<br/> | I booked Natasha’s AirBnB for my sister, who was visiting and needed somewhere quiet to sleep. I live in Kentish Town but on a main road, which is very noisy. I was already familiar with the road that | Really great place at a great location! The bed was situated kinda high over the ground, but nothing we couldn’t get used to. Would definitely come here again!"
E02000175,Camden 010,E09000007,Camden,london,319,0.8082,2.82,1.25,95.92,"Overall the stay was good, however the place is very small and not really comfortable for two people for more than one day, but it is good for its price.<br/>Some of the issues were that the apartment | Where to even begin - this Airbnb by far has been my favourite in London (and will be where I always book). Firstly, the location is perfect! You are 2 min away from shops (Tesco, Sainsbury, M&S) , re | Beatrix has great locations, would def check her other listings. This one is good if you want to be NW."
E02000176,Camden 011,E09000007,Camden,london,224,0.8432,1.79,1.34,96.88,"NIce place , clean but too far out from central London and most activities very close to the tube but tube cost was so expensive it was not worth it - check in was at 3 pm and charged us extra 30£ to  | Upon check-in Maryana was kind enough to allow a late check-in as our flight was delayed. Flat was spotless, brand new bed sheets and super tidy. Flat has everything we needed for our stay, comfortabl | Great apartment in the perfect location, very close to Belsize Park station and walking distance to Hampstead. Exactly what we needed!"
E02000177,Camden 012,E09000007,Camden,london,361,0.7902,3.88,0.83,95.28999999999999,"Location is fine but the photos are extremely deceiving. This apartment was not clean at all, bathrooms were dirty, floors were dirty, dirty dishes in dishwasher, dirty laundry in washer, linens smell | A perfect stay near Camden — modern, peaceful, and well-equipped<br/>I had a wonderful stay at this beautiful one-bedroom apartment near Camden. The place is impeccably clean, with a sleek, modern des | super nice host and cat!<br/>walk to tube station and supermarkets within 10mins<br/>tidy room<br/>suitable for traveller and digital nomad"
E02000178,Camden 013,E09000007,Camden,london,198,0.8203,3.0300000000000002,0.51,96.46000000000001,"This was by far the worst experience I have ever had with a host and a stay. The place is nothing like what is shown and described. The place is extremely dated with 2 toilets not working, blinds fall | Ok, let me do an in-depth review...<br/>First, I thought the apartment was just what we needed for a family vacation  The flat itself is in an apartment building near Kilburn Station (Jubilee Line).   | Great hosts and very homey place. Peaceful location decently close to tube station & eateries."
E02000179,Camden 014,E09000007,Camden,london,206,0.8535,2.4299999999999997,0.49,97.09,"Innocent? Was very rude when I used the correct booking application to book. Then £150 deposit is required?!! This is a scam! And in no way was in the description of the property price! I had to cance | I had a very pleasant stay at Yumei's flat.  She, her partner and her flatmate made me feel very welcome and comfortable, and I felt like I was staying with friends and not strangers I'd just met. The | This is a clean, modern apartment in a quiet neighborhood, very close to the Swiss Cottage tube station.  Our group of five (four adults, one child) enjoyed staying here and Dolly was a very responsiv"
E02000180,Camden 015,E09000007,Camden,london,391,0.831,2.79,0.76,96.45,Good location of the apartment but several things that were not that good: it was hard to sleep due to the noise in the apartment above and beds as well as pillows are not very comfortable. In additio | What a fantastic stay. I really lucked out choosing Celeste's home. She is so kind and really wants to make you feel welcome and comfortable. The entire house is spotlessly clean and super cozy. Celes | Place was perfect for a family of 4. Great location - would stay there again
E02000180,Camden 015,E09000019,Islington,london,3,0.8976,2.79,0.76,96.45,Good location of the apartment but several things that were not that good: it was hard to sleep due to the noise in the apartment above and beds as well as pillows are not very comfortable. In additio | What a fantastic stay. I really lucked out choosing Celeste's home. She is so kind and really wants to make you feel welcome and comfortable. The entire house is spotlessly clean and super cozy. Celes | Place was perfect for a family of 4. Great location - would stay there again
E02000181,Camden 016,E09000007,Camden,london,275,0.8455,1.4500000000000002,1.4500000000000002,97.09,"Would avoid, host tried to scam us afterwards and ask for damages for things that were broken or wrong beforehand. Luckily we had photos and proof that things were like that before. Completely shocked | I had a lovely stay! I did not meet Lana in person, but her parents (Mike and Rima) are very kind and accommodating hosts who are sharing their home with you.  They also have 2 small dogs who are cute | The place was well-decorated, spacious and fully equipped with close to new furniture. The heating was not warm enough at times but Simon immediately brought over a portable heater for us. <br/>It was"
E02000182,Camden 017,E09000007,Camden,london,261,0.7942,3.0700000000000003,1.15,95.78999999999999,"Pros: environment, location, hygiene, staff<br/>Cons: poor sound insulation, poor internet | Absolutely loved our stay at Sophia’s flat! From the moment we arrived, we felt right at home. The flat is not only cozy and spacious, but also spotlessly clean — a true gem in the heart of London. It | Great location, easy check-in / out. <br/>Poor airflow in the flat."
E02000183,Camden 018,E09000007,Camden,london,356,0.8463,1.97,0.0,98.03,"AVOID AT ALL COSTS. This property charges premium rates but delivers appalling conditions. Styled for photos only - completely non-functional.<br/>The hosts demanded immediate property access for elec | We had a fabulous time staying at Gillian's home.  This home is truly a spectacular place to stay. This might be the nicest airbnb that we have stayed in. We were a family of four and the house suited | The flat is in good condition and has a really nice location. It is within walking distance from the tube, bars, restaurants and has a large Sainbury nearby. yet it is away from the crowds. Morning wa"
E02000184,Camden 019,E09000007,Camden,london,717,0.8058,2.09,0.98,96.93,"*Appalling Airbnb stay:* Found drug paraphernalia (poppers) and a used condom behind the nightstand upon arrival. This horrifying discovery created an uncomfortable and unsafe atmosphere, raising seri | We had an amazing stay at this apartment! The host, Andra, was truly exceptional – incredibly friendly, warm, and went above and beyond to help us with anything we needed. She supported us even during | Location is amazing! So close to King’s Cross and St Pancras, very good for day trips."
E02000185,Camden 020,E09000007,Camden,london,212,0.7709,2.83,2.36,94.81,"Unfortunately we were not satisfied with our stay- check-in was not easy, communication with company was extremely slow and unhelpful . Photos were sent of problem areas (ants) , nothing was done. Por | Wagner is one of the best hosts I have ever met, he has been super friendly and attentive since before the trip, ensuring we have everything we need. We had the opportunity to chat with him (he speaks | Sam was a great host, responsive, and cooperative."
E02000186,Camden 021,E09000007,Camden,london,921,0.758,4.02,2.2800000000000002,93.7,"The stay at London Apartments was highly disappointing and fell significantly short of expectations. Having traveled from South Africa, where selecting a property based on photos is critical due to un | We had an amazing stay & experience with Blueground & we will defiantly be booking with them again in the future. We stayed in a beautiful & well kept apartment in Mornington Crescent which was totall | Perfect for Camden. Nice room."
E02000187,Camden 022,E09000007,Camden,london,579,0.7553,3.45,2.93,93.62,"The location is perfect, the flat is huge and modern but there were so many problems that I would advise everyone to reconsider a hotel: <br/>The handle to the bathroom was broken, you regulary had it | A perfect London stay!<br/>We absolutely loved our time at Helen’s flat. It was super clean, beautifully decorated, and full of thoughtful little touches that made it feel really welcoming. The furnit | lovely host and very handy place to stay. lucrezia was so kind and nothing was too much trouble ❤️"
E02000187,Camden 022,E09000019,Islington,london,1,0.8659,3.45,2.93,93.62,"The location is perfect, the flat is huge and modern but there were so many problems that I would advise everyone to reconsider a hotel: <br/>The handle to the bathroom was broken, you regulary had it | A perfect London stay!<br/>We absolutely loved our time at Helen’s flat. It was super clean, beautifully decorated, and full of thoughtful little touches that made it feel really welcoming. The furnit | lovely host and very handy place to stay. lucrezia was so kind and nothing was too much trouble ❤️"
E02000188,Camden 023,E09000007,Camden,london,553,0.7517,3.44,2.35,94.21000000000001,"The location is convenient, and the host provided clear instructions. There are no stairs, which makes it easy to transport luggage.  <br/>However, there are significant issues:<br/>1. The bathroom sm | I was the first Airbnb guest in this flat since it was refurbished, and WOW – what a fantastic experience! The flat is just as good as the photos, if not better, which really exceeded my expectations. | This is great location and reasonable price. Flat is tidy if small. Single bed very narrow and soft, so probably small child only. Towels had seen fluffier days. But great for Regents Park, zoo, Oxfor"
E02000191,Camden 026,E09000007,Camden,london,922,0.7618,4.2299999999999995,1.1900000000000002,94.58,"I had an absolutely terrible experience with this listing and would not recommend it to anyone. The host attempted to raise the price after my reservation was confirmed, which is a blatant violation o | London was very expensive, but I thought this place was worth the price (and it was pretty competitive to other accommodations  I researched). <br/>It was so close to a central Tube station and a bus  | A very clean and comfortable basement flat in central London"
E02000192,Camden 027,E09000007,Camden,london,578,0.7869,3.4099999999999997,0.6799999999999999,95.89999999999999,"I was very disappointed with this stay due to several major issues:<br/>	1.	The check-in instructions provided were inconsistent and confusing. The host tried to communicate via a different messaging  | A Perfect London Stay!<br/>We had an absolutely wonderful time at this charming flat in London. From the moment we arrived, we were impressed by how immaculately clean and beautifully decorated everyt | This flat is spacious, well laid out, has lots of light, and is in a perfect central London location. The dishwasher and washing machine were nice to have. The hot water in the shower was inconsistent"
E02000192,Camden 027,E09000019,Islington,london,8,0.8557,3.4099999999999997,0.6799999999999999,95.89999999999999,"I was very disappointed with this stay due to several major issues:<br/>	1.	The check-in instructions provided were inconsistent and confusing. The host tried to communicate via a different messaging  | A Perfect London Stay!<br/>We had an absolutely wonderful time at this charming flat in London. From the moment we arrived, we were impressed by how immaculately clean and beautifully decorated everyt | This flat is spacious, well laid out, has lots of light, and is in a perfect central London location. The dishwasher and washing machine were nice to have. The hot water in the shower was inconsistent"
E02000193,Camden 028,E09000007,Camden,london,1419,0.7988,2.88,1.26,95.85000000000001,"BE WARNED! This place is not even built yet- and you will stay in a much different place in a different part of London! Unfortunately, I booked this place for a three week stay and upon arrival (after | Had an awesome 2-nights stay at this place in Covent Garden. You really can’t beat the location, right in the heart of everything, but still super quiet at night, which was a nice surprise. We walked  | Truly in the heart of everything.."
E02000193,Camden 028,E09000033,Westminster,london,4,0.6462,2.88,1.26,95.85000000000001,"BE WARNED! This place is not even built yet- and you will stay in a much different place in a different part of London! Unfortunately, I booked this place for a three week stay and upon arrival (after | Had an awesome 2-nights stay at this place in Covent Garden. You really can’t beat the location, right in the heart of everything, but still super quiet at night, which was a nice surprise. We walked  | Truly in the heart of everything.."
E02000194,Croydon 001,E09000008,Croydon,london,134,0.8994,0.0,0.75,99.25,"Disaster struck while we were here - a pipe burst while we were staying, causing a small flood. This was to no fault of the owner, and she was very apologetic and amenable. She gave us a full refund a | We had a wonderful stay at the “Cosy House” in Crystal Palace! Everything was just as described in the previous reviews – clean, stylishly furnished, and very well equipped. The location on a quiet st | Great host and great place. Would recommend!"
E02000195,Croydon 002,E09000008,Croydon,london,85,0.9047,0.0,1.18,98.82,"overpriced. | When I first stumbled upon this listing on AirBnB, it seemed almost too good to be true. There must be a catch! But everything was as perfect the house is as brand new and clean as you see on the pict | Flexible and easy check in ,very clean would definitely recommend"
E02000196,Croydon 003,E09000008,Croydon,london,34,0.8391,0.0,0.0,100.0,"Impeccable... Espeial feeling of home... Will check in soon | We loved our stay at Fleur’s place, we felt very welcome from the moment we walked in. Pet lovers will have a blast, my son was very happy to share with furry friends, something we don’t get at home,  | Alice was a great host, always responded quick to my messages! The room and bathroom next to it were exactly what we needed - very comfy bed! Thank you!"
E02000197,Croydon 004,E09000008,Croydon,london,70,0.7906,4.29,1.43,94.28999999999999,"The flat could be lovely but the the poor state of repair in the wc and shower, the main ntrance in a bad state of repair, only one fork in the cutlery draw and minimal inventory in the kitchen made t | If you'd love to live in a place that truly home alike short or long term with access of most daily necessities, or traveling from oversea like me and looking for a peaceful yet productive environment | Amazing hospitality - felt so welcomed."
E02000198,Croydon 005,E09000008,Croydon,london,105,0.7747,0.95,4.760000000000001,94.28999999999999,"The handwashing wall bucket in the bathroom is broken. Needs to be fixed. The host did not indicate in the advert that it’s attic room. That was misleading. The rooftop window in the attic room doesn’ | I absolutely loved my stay with Grace. She is such an amazing host and person! Even though I made a mistake with my booking dates and had to arrange everything last minute, she immediately helped me r | It was a pleasant stay. I had no issues with the room as it was clean. That's good enough for me."
E02000199,Croydon 006,E09000008,Croydon,london,62,0.7982,3.2300000000000004,0.0,96.77,"for me next time ill book a hostel | Jonathan’s place was truly a home away from home for us while we had some renovations done at our house. Jonathan and Mary were extremely flexible and understanding, and went out of their way to make  | We had a nice stay for a family catch-up over Easter. Erna was extremely accommodation for our two young girls and would love to return to stay again one day."
E02000200,Croydon 007,E09000008,Croydon,london,117,0.8271,0.0,0.8500000000000001,99.15,"It was awesone to be there. | Claudia is a friendly and superb host. It was really nice sharing the place with Claudia as she makes you feel superr welcome and it feels like a home away from home. I love waking up in the morning a | He was quite welcome and he gave out clear instructions, all in all it was a nice experience."
E02000201,Croydon 008,E09000008,Croydon,london,96,0.7678,5.21,1.04,93.75,"I booked to stay for 3 nights, When I arrived there was an overwhelming smell in the room but with no where else to go I stayed for the 1 night and immediately requested to cancel the next 2 nights th | I have been visiting London for over 15 years and have stayed in loads of places but I can say with hand on heart Elaine and her family are the BEST host I have stayed with. I felt like I was coming h | Beautiful place 5 star Mike was a good host"
E02000202,Croydon 009,E09000008,Croydon,london,68,0.7969,2.94,1.47,95.59,"Around the room there was excessive dirt as well as mould around the windows. There was even a broken window that had been covered up by a painting in the advert in hopes that i wouldn’t notice it in  | If I could give million stars I would but this place definitely deserves it!:))<br/>It was an amazing experience, I chose this place to celebrate my birthday with my friend and to my surprise it was W | Overall, I had a great experience at Esther’s place. I was able to get a good night’s sleep during my brief stay in London."
E02000203,Croydon 010,E09000008,Croydon,london,129,0.679,6.2,3.1,90.7,Worst BNB. Very smelly and feels like you are trapped in a small jail. I would suggest paying a little bit more and getting a nice stay. it's not worth it. Especially for women it's not safe. This pla | Awesome place to stay! I’ve been around all sorts of different areas in South West London before but Thornton Heath was new to me and I had a lovely time. The flat is incredible and it was nice findin | Good and clean …
E02000204,Croydon 011,E09000008,Croydon,london,48,0.7224,4.17,2.08,93.75,"The flat it’s self was as described but unfortunately it was hot in the area at the time and can’t keep door open as the smell from rubbish was awful, this was a bin for a house opposite and refused t | Is a very nice place for a couple nights, Tarik is good with communication back and forth to make sure we were satisfied and instructions were clear, however like all of London there was a tinge of sm | I couldn't have wished for a better airbnb experience than what I got.The experience was top notch if you are deliberating on paying for the airbnb just do it you wont regret it afterwards"
E02000206,Croydon 013,E09000008,Croydon,london,74,0.8057,2.7,2.7,94.59,"One of the worst experience of accommodation.<br/>I was very disappointed with this stay. Check-in instructions were unclear, and the apartment was completely unclean. The room was messy, blinds were  | Veronika and her daughter were not only the most gracious hosts, but they were the only people to accept my request as I was travelling with my baby daughter! Veronika very kindly put out toys for my  | Very well recommended private flat with separate entrance with all the appliances and equipment you need. The best of it that even being so far from central London you could basically reach it in 45 m"
E02000207,Croydon 014,E09000008,Croydon,london,107,0.7913,2.8000000000000003,0.0,97.2,"Wir sind noch nie so enttäuscht worden!  Der Eingangsbereich war mit einem Gebüsch zugewachsen. Der zugesicherte Privatarkplatz war nicht vorhanden. Alle Stühle defekt und verunreinigt, kein Eßplatz f | This Airbnb was absolutely fantastic! Super clean, modern, and felt so up-to-date it was almost futuristic. My partner and I felt right at home. <br/>Additionally, the neighborhood was really quiet, w | Really comfortable appartement in a very convenient location. We enjoyed having a morning coffee on the balcony taking in the view!"
E02000208,Croydon 015,E09000008,Croydon,london,50,0.6987,6.0,2.0,92.0,"House is not clean | This was one of the best places I've stayed at! Completely worth the price, and every amenity was as listed.<br/>Meron is a lovely lovely host, super proactive and extremely helpful with every small t | Chill area. Very clean place and was nice for the few days I was there."
E02000209,Croydon 016,E09000008,Croydon,london,73,0.6983,6.8500000000000005,2.74,90.41,"This property was in unacceptable condition and should not be listed on Airbnb in its current state. The bathroom was visibly unclean with limescale covering the surfaces and grime throughout the show | I had a great stay at Marilyn’s place. The area is quiet and peaceful, perfect for relaxing. Marilyn was very welcoming and made me feel at home. The place was clean, well-organized, and clearly prepa | All good and very clean"
E02000210,Croydon 017,E09000008,Croydon,london,63,0.6797,9.520000000000001,0.0,90.48,"We used the search function for a 2 be property, found Pauls place and booked it. Paul was in contact and said if we wanted the 2 rooms we have to book as 3 people, to get the second room, that came w | Absolutely amazing host!<br/>Andrea is hands down one of the best hosts we’ve ever had. Super friendly, incredibly welcoming, and just a genuinely lovely person to be around. From the moment we arrive | Nice and clean"
E02000211,Croydon 018,E09000008,Croydon,london,28,0.8295,0.0,3.5700000000000003,96.43,"Everything was up to my expectations!<br/>Thanks Sandra | We had a lovely stay at this listing. The neighborhood was quiet and felt safe. It was  easy to find, and walking distance from a supermarket, a drugstore, restaurants and a wine store ' with about a  | Mark was nice during my stay anf was very helpful when i was leaving as he helped take me to the train station. A very good host."
E02000212,Croydon 019,E09000008,Croydon,london,49,0.7381,4.08,0.0,95.92,"This is a scam, DO NOT BOOK HERE. <br/>Dennis agreed an arrival time with me prior to confirming the booking only to ask me to cancel the booking with an hour to go saying he was no longer going to be | We had a fantastic stay at Carl’s! The house was spacious, clean, and exactly as described. The location was great and very convenient for us, and the price was super affordable compared to other opti | host is very helpful, easy instructions for check in and check out. Property is as seen in photos."
E02000213,Croydon 020,E09000008,Croydon,london,112,0.7146,4.46,1.79,93.75,"I made a booking and was then later told I had to change to a different location.<br/>Check-in was via coded key safe and simple enough. No parking nearby, which was a prerequisite as I walk with a cr | I had a great stay at Sonia’s place and had everything I needed. It’s a beautiful, spacious apartment, and I also had my own bathroom. Sonia was a kind and caring host, always available to answer any  | Nice flat with enough space for 6 adults. We liked it very much!"
E02000214,Croydon 021,E09000008,Croydon,london,21,0.7325,9.520000000000001,0.0,90.48,"From start to finish my experience with Hyde stays was inadequate. I got a phone call the day before my check in saying that I couldn’t stay in the property that I had originally booked because of an  | Great to stay at Tanika and Harry's place.  It was super clean and as described.  Communication was great, very welcoming and helpful. <br/>Harry and Tanika were also lovely and friendly and it was ni | The host was very obliging and saw to our needs very promptly. The location was very good being close to cafés, shops and takeaways. Very good facilities for cooking and washing and parking for two ve"
E02000215,Croydon 022,E09000008,Croydon,london,296,0.8321,0.6799999999999999,1.01,98.31,Bed was broken as was the toilet. The blinds were also broken which meant no privacy. Check out Instructions were unclear. There was also no heating and the toilet reeked of mold. Apart from that the  | Jason is an AMAZING host! Traveling with an infant can be challenging but he went out of his way to ensure we had everything we needed. The house looks exactly like the pictures! Everything is lovely. | We loved the house it was beautiful and big and had lots of amenities.
E02000216,Croydon 023,E09000008,Croydon,london,59,0.8051,3.39,0.0,96.61,"Had trouble getting in the door<br/>WiFi wasn’t working and with the nature of the trip being business this meant I couldn’t work. <br/>Leaking tap in the kitchen and shower head didn’t work properly. | Very nice host - we had a nice conversation when I arrived. He was very accommodating of my needs, with WiFi, warming up food in the kitchen, etc. The common area was a bit messy but this is just beca | John and his team were very good at communicating with us.<br/>I would definitely recommend this place to someone else.<br/>The property is as it shows in the images"
E02000217,Croydon 024,E09000008,Croydon,london,86,0.7871,2.33,1.16,96.50999999999999,"My Family was in this place for three nights. Really crowded place. So many drunk and drugged people around the place. It was so hot inside of the apartment. No fans on the apartment. Kitchen are not  | I stayed for a month. <br/>About the house:<br/>The location is very close to Croydon town centre and very close to public transport particularly trams, & buses. Three train/tube stations are in an ap | Prompt replies to my messages prior to booking. Punctual check in. Very good and friendly host, over all.<br/>Recommended!"
E02000218,Croydon 025,E09000008,Croydon,london,13,0.8865,0.0,0.0,100.0,"Very nice host. Clean and tidy. | I had a great time at Anna's place. They were extremely friendly, welcoming and accommodating. The room is exactly as described in the photos. Its well kept and super clean. <br/>Anna and her husband | A very comfortable home. Welcoming & friendly host & family."
E02000219,Croydon 026,E09000008,Croydon,london,31,0.6953,9.68,0.0,90.32,"General accommodation was very poor, host employee was very disrespectful and rude. | Marek's home was a great setup. We had a side entrance so we didnt have to disturb the family, but also shared the kitchen so it was nice to have some company at mutually convenient times. The separat | Extremely good place to be in Croydon. Would recommend it to everyone! They always go the extra mile to make you feel at home. This is home away from home!"
E02000221,Croydon 028,E09000008,Croydon,london,85,0.8301,1.18,1.18,97.65,"Never ever consider this place .<br/>I would not even let my dog stay there. Avoid at all cost . ‼️‼️‼️‼️‼️ | My family had a pleasant stay at Jocelyn's house. Jocelyn and Linda are very friendly, hospitable, helpful, and can be contacted easily. What i love most is the flexible check-in and check-out time. < | Couldn’t ask for more, kind family & great price"
E02000222,Croydon 029,E09000008,Croydon,london,43,0.7532,4.65,0.0,95.35,"I have never had to write a bad review for any of the dozens of stays I have experienced but this one needs warning to potential guests. The host is very slow to respond, does not keep up on maintenan | Annette is an outstanding host and has a cozy and welcoming apartment. We had a very stress-free visit thanks to her. We also got many great dining recommendations and she was always ready to help us  | This property was clean and tidy. The host was also friendly and swift to respond to queries."
E02000223,Croydon 030,E09000008,Croydon,london,6,0.8716,0.0,0.0,100.0,"Positives: tastefully decorated/recent refurb/brand new bedding <br/>Positives: when I let the hosts know I felt the description of ‘peaceful escape’ and ‘walked garden’ was misleading they changed it | We had a wonderful two-night stay at this lovely annex! The space was clean, cozy, and had everything we needed for a comfortable visit. Ezekiel Paul was incredibly welcoming and kind — he made us fee | Great stay. Thought I was just booking a room but had my own entrance! Super responsive hosts if there were 6 stars would give it that."
E02000224,Croydon 031,E09000008,Croydon,london,130,0.7689,3.85,0.77,95.38,"I was told I caused damage to a bath by only half filling it and taking a 15 minute bath on the 1st of two days; could not use the bath after and got a bill for app. £3,800 for damage caused! How can  | From the get go and throughout the stay, Donna was proactive, easy to contact, helpful, cheerful, accommodating, patient - the list can go on and on! The accommodation was charming, practical and like | Very clean and nice place!!"
E02000225,Croydon 032,E09000008,Croydon,london,29,0.7922,0.0,0.0,100.0,"I enjoyed my stay here | I had the absolute pleasure of staying at Mrs. Felicia’s home, whom I fondly call Mummy, for four nights, and it was a truly heartwarming experience. Her hospitality is nothing short of admirable — wa | A very enjoyable stay. The household was extremely friendly and the room was exactly what I needed for the week. The kitchen and bathroom areas were very tidy and I was made to feel right at home."
E02000226,Croydon 033,E09000008,Croydon,london,51,0.7454,1.96,3.92,94.12,I am sorry to say it was not suitable for professional use. House was not very clean. Poor quality. Didn’t wish to enter the bathroom. I requested for a en-suite room but was given room with share bat | Went to Sara’s with my partner for a gateaway as we needed a place away from all the city hustle and bustle. Sara was great at communicating with us prior to arrival to find out what we may need for a | Right from the start Caroline was extremely helpful.  The room was just what we wanted and at a very good price for London/Croydon.  Couldn’t fault the stay.  Thank you and we look forward to staying 
E02000227,Croydon 034,E09000008,Croydon,london,15,0.7762,0.0,0.0,100.0,"Second visit and all was as before. Sadly, the host was away so couldn't get him to sort out the blocked drain on the wash-hand basin or the inoperative TV. It's very convenient for when I'm visiting  | We had such a lovely stay at Solomon’s place. The home was spotless, cozy, and exactly as described. The area was very peaceful, Solomon was an incredibly kind and respectful host, very responsive and | Great place to stay. Completely self contained living space. Really feels like a home from home."
E02000228,Croydon 035,E09000008,Croydon,london,24,0.743,8.33,0.0,91.67,"Overall, the house did what we needed in terms of a place to sleep. The garden and lounge are probably the biggest positives of the house. The bedrooms and dining room are very basic. <br/>However, th | I spent several months at Susan’s place in South Croydon, and it was a fantastic experience. Susan is an incredibly responsive, friendly, and helpful host, always ensuring a smooth and comfortable sta | Andrae said s a very accommodating host. Easy to communicate with.  Checking in is very easy"
E02000229,Croydon 036,E09000008,Croydon,london,14,0.8761,0.0,0.0,100.0,"The property is exceptionally clean and host was very friendly and fast with communication. | Flakky was a great host. She made me feel at home the minute I arrived. She greeted  me with a warm and welcoming smile.  Flakky provided me with useful travel direction to arrive at the house with no | Flakky is such a great host, very friendly and goes the extra mile. we were home away from home, she was willing for us to use the microwave in the kitchen, she gave us cutlery and plates.<br/>I would"
E02000230,Croydon 037,E09000008,Croydon,london,108,0.8096,1.8499999999999999,0.9299999999999999,97.22,"Property was ok overall, although upon entering it was cold as there was no central heating. <br/>The bathroom was very damp and had mould. The hot water in the shower didn’t work and the pressure was | Dear Alex,<br/>From the moment I arrived, I was captivated by the sheer beauty and warmth of your home. Every little detail, from the carefully curated decor to the breathtaking view, made my time the | The stay was awesome and our host was friendly."
E02000231,Croydon 038,E09000008,Croydon,london,62,0.7443,3.2300000000000004,1.6099999999999999,95.16,"Avoid at all costs – unsafe, filthy, and completely misrepresented.<br/>I was forced to leave within two hours of arrival to protect my newborn. The property looked nothing like the Google listing – e | Perfect size for family of 4, close to multiple bus routes and Purley railway station, easy access to London.  The property was one of 8 apartments in a building which required a separate key to acces | My stay was very easy to find the studio was extact the same in the pictures the hosts where very helpful"
E02000232,Croydon 039,E09000008,Croydon,london,10,0.8439,0.0,0.0,100.0,"Perfect for what I needed. Compact and very carefully thought out. | Clean comfortable room. Host very responsive. Perfectly adequate for my two night stay, with in easy reach of most facilities. | Jerry was an exceptional host! The annex was beautifully designed and equipped with everything I could possibly need for a comfortable stay. The bed was incredibly cozy, and the entire space was spotl"
E02000233,Croydon 040,E09000008,Croydon,london,4,0.493,25.0,0.0,75.0,"Absolutely no star! Don’t book with this host. This is a scam! Took my money and just disappeared, no response at all. Must be a fake listing! I don’t understand why she or he became a “superhost”!!!? | We loved the super welcome from Bernadette, a very kind and accommodating host. The property was delightful, and we really enjoyed our stay.  It's nicely located for visitors to south London or the ci | Bernadette as a fantastic host! Her communication before check in was great and she was very welcoming. Bernadette made a weekend in London very straightforward for my friend and I! <br/>The room is v"
E02000234,Croydon 041,E09000008,Croydon,london,29,0.8306,0.0,0.0,100.0,"Home away from home. Second time at Dominics! Was well received. | Our stay was short, but we loved every moment. The house was spotless and beautifully maintained, making us feel so comfortable and at home. We will definitely love to return. | Exactly what I needed for an event I attended in the area. Comfortable bed and nice bathroom. Instructions were clear beforehand. Near the train station (though I didn't use it). Good value stay and I"
E02000235,Croydon 042,E09000008,Croydon,london,25,0.8779,0.0,0.0,100.0,"Good Host very helpful and responsive.<br/>Place is good if you are planning on being out all day as we were. Unfortunately there is obviously animal presence in the house, dog poo was left in the gar | Beautiful beautiful family home with great space all around, everyone's dream home. <br/>Had family over for dinner and they all loved it the kitchen is the best feature so we ended up staying there a | Lovely flat and Natasha was very welcoming and helpful."
E02000236,Croydon 043,E09000008,Croydon,london,25,0.8873,0.0,0.0,100.0,"Booked for my colleagues to stay on business.  <br/>Good safe area.  Plenty of space.  Will book again | We had a wonderful stay at the Surrey Stay by Roxanne. The rooms were spacious and comfortable, the kitchen was well-equipped, and the house was spotlessly clean. Roxanne was a great host and went out | Jen was a fantastic host, the flat had everything you could need! Jen was very friendly and helpful, would stay again"
E02000237,Croydon 044,E09000008,Croydon,london,27,0.9107,0.0,0.0,100.0,"A very well-located place if you want to reach Caterham quickly. Quiet and pleasant, especially for the independence we have when we stay in. | This Clock House is brimming with so much character and to simply put, that we enjoyed our stay will be an understatement! <br/>An undeniably beautiful place inside and out- OH YES- its surroundings/o | Very friendly and welcoming hosts - we felt very comfortable and were very well looked after"
E02000238,Ealing 001,E09000009,Ealing,london,35,0.7949,5.71,2.86,91.43,"Beware of booking. No amenities provided. Room was not clean. Smelled of urine. Rents out to tenants. They make the stay uncomfortable and insist this isn't an Airbnb. Proceed with caution. | I'm very happy to have chosen Supriya not once, but twice. The house is very nice, comfortable, the transport connections are great, the neighbourhood is very nice too, and very important, Supriya and | Great location, spacious and clean!"
E02000239,Ealing 002,E09000009,Ealing,london,25,0.7388,4.0,4.0,92.0,"No frills place for a trip to Wembley | Really really comfortable and lovely stay at a perfectly clean and slick, modern spot. Dhruv was super friendly, accommodating and welcoming, explaining everything I needed to know and making fast and | Very good communication polite man comfy bed and good service."
E02000240,Ealing 003,E09000009,Ealing,london,13,0.8465,0.0,0.0,100.0,"Very polite and helpful | Beautiful bungalow with lovely front and back gardens, spacious rooms, and comfortable furnishings. The location is fantastic, just 30 seconds to the A40 by car or a 6-minute walk to Northolt Station, | Federica was a great host and offered us this place last minute. It’s a really nice bnb! And had everything you need!"
E02000241,Ealing 004,E09000009,Ealing,london,30,0.8929,0.0,0.0,100.0,"We had a quick stay overnight for the airport next day. Host was friendly | I absolutely loved staying at Gurleen’s place. From the moment we arrived, everything exceeded our expectations. It’s the ideal space for a family with kids. It is safe, clean, and thoughtfully set up | Great place, great host.  Thank you for hosting us."
E02000242,Ealing 005,E09000009,Ealing,london,57,0.7357,7.02,1.7500000000000002,91.23,"The host was always very helpful. The property is a keyless home and the app wasn’t working to unlock any of the doors but within no time at all the host amended the problem and we were able to access | I recently stayed at this hotel with my friend, it was lovely and clean and in a perfect location to go to concerts or events in Wembley. Most importantly though, what made our visit so good was that  | Lovely little place. Would definitely visit again if visiting Wembley again"
E02000243,Ealing 006,E09000009,Ealing,london,124,0.7115,6.45,4.03,89.52,"Worst checkin method i've ever experienced, and not a single guest knew how to get in, which led to 2 separate occasions where guests were frantically banging on the door at 1 in the morning to get in | Laila’s place is absolutely wonderful! It’s so welcoming, warm, friendly and I felt right at home as soon as arrived. I’ve stayed in a few Airbnb places, but Laila’s place is by far my favourite! I wi | Momen is a great host! He was very helpful and proactive throughout our stay. The location of the room is around 15 minutes walk away from Greenford Station, where we can the get to London city-center"
E02000244,Ealing 007,E09000009,Ealing,london,64,0.8242,0.0,0.0,100.0,"We had booked another property but Osman contacted us and asked if we’d mind staying here instead, he said it was optional, and as it made no difference to us and he’d been polite we agreed.<br/>He’d  | Such a great stay! The place has got great transport with central line station in just 5min walk. Decent facilities are provided, clean bathroom with very nice hot water supply, bedroom is also clean, | Very comfortable and spacious for 2. Great location near the station for our trips to London."
E02000245,Ealing 008,E09000009,Ealing,london,34,0.7784,2.94,0.0,97.06,Anett was pleasent to deal with and her place is good enough for few nights stay but as I was staying for three weeks the mattress was too worn out and I was not getting the best sleep.I mentioned thi | Everything what is described in the advertisement & the pictures are same as you see. Beautiful house in a great location. Clean & tidy. Very calm & quiet. Ideal home for a vacation. It’s worth the mo | Gorgeous place- felt very homely. Absolutely no issues at all. Gloriose was also very responsive and accommodating to my requests :)
E02000246,Ealing 009,E09000009,Ealing,london,19,0.7705,5.26,0.0,94.74000000000001,"This is not a good place to stay; this place is very cluttered, and the bathroom is dirty with black mould. The host is not helpful. My guest was told to iron her garment on the bed.  The host had us  | Phina was an amazing host! Very helpful very thoughtful! Great value for money great location. Was extremely helpful she even took time out her day to help and show my mum around the local area. Would | Very Friendly host. Will definitely book it anytime I am in London"
E02000247,Ealing 010,E09000009,Ealing,london,12,0.9418,0.0,0.0,100.0,"The apartment was spotless and modern.<br/>The pictures don't give it justice, you will not be disappointed if you stay here.<br/>Tomasz has been very proactive and provided full and clear instruction | I would highly recommend  this flat to anyone, looking for a nice place to stay close to the heart of London. Access to public transportation,  buses, and the Central Line was so easy. This flat was i | Beautifully aparman from great people in very nice location and good access to London center.<br/>I recommend. We will most probably come back 😉"
E02000248,Ealing 011,E09000009,Ealing,london,164,0.7567,3.66,1.22,95.12,"Daaniyaal firstly tried to scam us. He requested a Security Deposit through Revolut. This is not legal nor allowed via Airbnb. Then we went to the place, and we were greeted with mould everywhere, coo | I stayed in this flat for two months, and overall, it was a pleasant experience. The host was very warm, welcoming, and always keen to offer recommendations and support, which made settling in much ea | It was a good comfortable stay!"
E02000249,Ealing 012,E09000009,Ealing,london,29,0.7154,10.34,3.45,86.21,"Disappointed by the surroundings which were not suitable for a family holiday. Corridor leading to apartment in a sad state. Spare bed too small for our children. Shouting heard from next door at 7am  | Teresa was super helpful and was kind enough to let us check in early. She was very prompt at responding to messages. Although it’s a sofa bed- it’s really comfy!! And all sorts in the kitchen - tea,  | Good location for car traveler’s, benefited from free parking space. Would go again."
E02000250,Ealing 013,E09000009,Ealing,london,40,0.887,0.0,0.0,100.0,"An immaculate and exquisite accommodation that comes highly recommended! The host was incredibly attentive and possesses an exceptional eye to detail that enhanced the overall experience. | Abass is an absolute gem of a host! <br/>His top-floor space is a haven of privacy and comfort, beautifully renovated with a plush double bed, attached bathroom, and shower. <br/>The shared spaces are | the kind of place you'd want to live in!<br/>highly recommended. perfect for a family with one or two kids. nice living area with a dining table and a large smart tv. kitchen has everything you need"
E02000251,Ealing 014,E09000009,Ealing,london,34,0.8351,0.0,5.88,94.12,"We were going to a concert at Wembley,<br/>So just needed somewhere to sleep for a couple of nights, with a short walk to a direct bus to and from venue, it suited our needs. | I had a lovely stay in this room at Silvija's. I stayed over a long weekend and it was perfect for me location wise, being a 20-minute bus journey from multiple major stations in West London area (Eli | Quiet living area with private houses around. You might need to take a bus to get to the nearest train station though. That includes the newest Elizabeth line that gets you to Windsor (with a little w"
E02000252,Ealing 015,E09000009,Ealing,london,426,0.7801,3.29,2.82,93.89999999999999,"This is place is a bird cage. You are literally inside a small box, with no air, no light, no ventilation. I have never felt so trapped. Florence, the host, the worst person you could ever deal with.  | Maberic's place is pretty easy to find, check-ins process is smooth. Easy access public transportation for bus. but for Train (North Acton st), it will took around 15mins walk. But there's a bus stop  | Great stay. Had a smooth experience. I’ll definitely stay again"
E02000253,Ealing 016,E09000009,Ealing,london,123,0.851,0.0,1.63,98.37,"Recomand cu incredere | I had a wonderful stay at Anna’s lovely one-bedroom accommodation! The space was beautifully designed, clean, and  spacious—perfect for a relaxing getaway or a longer stay. The bed was exceptionally c | Small room in a lovely home. Very clean and quiet. Thank you Jelena"
E02000254,Ealing 017,E09000009,Ealing,london,29,0.6882,3.45,0.0,96.55,"Awful booking - We informed the host we would be checking in late and they gave us the code for the lock box. At 2am we turned up and put the code in however it did not work. We called the host twice  | Great cosy house where you feel welcomed,  easy to find and they have free parking , great bonus when you are in London.  Highly recommend this place. | Nice and clean"
E02000255,Ealing 018,E09000009,Ealing,london,130,0.7682,4.62,0.77,94.62,"AWFUL.  Avoid this host.  We arrived at 15:30 and previous nights guests were still inside.  Waited for about 5 mins for them to leave.  So obviously it had not been cleaned.  The host left the keys u | We had a lovely stay at Abida home! The house was very nice and spacious, with a clean and comfortable room. The bathroom was also in excellent condition. Our host was incredibly kind and friendly — i | Thank you Abida, great location, close to amenities and getting into town."
E02000256,Ealing 019,E09000009,Ealing,london,132,0.8088,3.0300000000000002,0.0,96.97,"marlene was very reactive. the appartment is actually older than what it seems in the pictures. while the appartment is well equiped, the cleaning was not great. we mentioned it to Marlene who reacted | We recently had the pleasure of staying in a truly magnificent house in Ealing, London, and we cannot recommend it highly enough. This beautiful home combines elegance with spaciousness, providing the | Thanks for another great stay! Will come back again when I need the flat."
E02000258,Ealing 021,E09000009,Ealing,london,216,0.783,2.78,0.9299999999999999,96.3,"I had a terrible experience with this listing. It was advertised as a flat but turned out to be a small, damp basement room. The photos were misleading and incomplete. Upon arrival, I found:<br/>1. Th | Great stay in W. London! Quick access to Heathrow, Central London by Elizabeth & Central lines.  Super easy check-in and check out. Vesna answers quickly and answers all questions. Didn’t get to meet  | Great location close to Elizabeth line which takes you directly to central London, trains stations and airports. Kitchen with all the amenities to use and laundry facilities. I would highly recommend "
E02000259,Ealing 022,E09000009,Ealing,london,43,0.8356,2.33,0.0,97.67,"Jade is good to answer all your questions on time. However, there is a problem for the mixer of the tap in the bathroom. I believe that she will fix it after our stay. One point noted is that there is | Absolutely loved our stay, hands down one of the best Airbnbs in London. The flat is flooded with natural light thanks to the huge windows that overlook treetops and beautifully kept gardens, making i | Cole was very helpful and quick to respond! The place was exactly what I needed and others in the building were very kind! <br/>Will stay here again in the future!"
E02000260,Ealing 023,E09000009,Ealing,london,22,0.8135,0.0,0.0,100.0,"Nice location | The room was newly renovated. Simple and modern, clean design. Nice new furniture, very comfortable mattress. The room overall was compact but had room for a small desk and chair and modern wardrobe t | Great location , with friendly staff. Lots of shops and resturants around with lidl just a few meters away."
E02000261,Ealing 024,E09000009,Ealing,london,256,0.8135,3.52,0.38999999999999996,96.09,"I experienced worst behavior from the host Ali, very rude, very unprofessional. Host Ali was a racist and discriminated us because of nationality. <br/>Upon arrival he did not allow us to check in thi | Superb apartment and amazing host! We really loved our stay here a lot! <br/><br/>The apartment was well furnished & stylish. It was bright and welcoming and very clean and tidy and we would definit | It was great and comfortable"
E02000262,Ealing 025,E09000009,Ealing,london,349,0.7691,4.01,2.29,93.7,"The property is at a great location, but we experienced problems with our stay.<br/>The WiFi is not working. It becomes extremely slow, then cuts off. I couldn't get any work done, so it literally cos | I had an amazing stay at Amit’s place! It truly felt like home. I’ve stayed at many places through Airbnb for my placements, but this was by far the best! Amit was incredibly friendly, and all the fla | Same review as my previous ones, great hostess and the place, recommend."
E02000263,Ealing 026,E09000009,Ealing,london,24,0.796,4.17,0.0,95.83,"Everything was smooth at first and she was cooperative and offered many services but there was a big change in the trip plans as the visa was delayed from the embassy. I tried to explain the situation | I had a brilliant month-long stay here (September '22) and would definitely recommend this property to anyone looking for a really comfortable abode to work from, or even to base themselves in for som | This host was absolutely amazing made proper accommodations for me will highly recommend this place"
E02000264,Ealing 027,E09000009,Ealing,london,200,0.8304,1.5,0.5,98.0,"Taking everything into consideration, even though there were a few hiccups, the value and location was worth it. <br/>Things to note:<br/>It was a basement apartment and they were doing renovations wh | ⭐️⭐️⭐️⭐️⭐️<br/>I had an amazing stay! The place was spotless, beautifully decorated, and even better than the photos. The location was perfect….close to everything I needed, but still quiet and relaxi | A very clean and modern room, all newly refurbished. A perfect stay for a very good price. I was never better accommodated in London!"
E02000265,Ealing 028,E09000009,Ealing,london,128,0.7897,3.91,0.0,96.09,"the owner is very agitated,  unclear,  and very disruptive, and uncivilised when communicate with customer. <br/>the room has no locker, the house was not clean during check in, and the wardrobe has n | One of the best places to stay and definitely the best host ever I encountered during my travels. I felt like home and received recommendations on what to do in London as well as which buses and train | Great position, easy to get into Paddington or Heathrow on the train."
E02000266,Ealing 029,E09000009,Ealing,london,76,0.7613,2.63,3.95,93.42,"It was a terrible suffering! The host did not respond for check in. At 9 PM my booking was cancelled by Airbnb and I was literally on the road with my infant to find out a place to stay. Even Airbnb g | As a large family (7), we thoroughly enjoyed our stay. The place is well located but away from the main road and therefore very quiet. Despite the proximity of Elisabeth Line tracks, we felt no inconv | This place is very well decorated. Is close to the train stop so easy to get to and from London. The water heater was a little bit confusing but I’m not from the UK and we don’t have that kind of heat"
E02000267,Ealing 030,E09000009,Ealing,london,97,0.864,0.0,1.03,98.97,"just what we needed. Close to the tube to central London.<br/>everything we needed, plenty of space. | I absolutely loved my stay at Sara’s. It is just the cutest space, clean and beautifully decorated. The bed was sooo comfortable, and I loved the outdoor space. I was staying as I had to be near Heath | We stayed here in 2023 because it is not far from our daughter's flat. <br/>However, this year, we found the flat smelled, perhaps because it was closed up, perhaps it was the auto repair shop below t"
E02000268,Ealing 031,E09000009,Ealing,london,167,0.8253,2.4,0.6,97.00999999999999,"Horrible experience in total for my family and I , the entrance is like a dumpster( at first we thought it was an abandoned property) , had to push out a huge trash can filled with smelling trash and  | We had a very good stay at this lovely Airbnb in Ealing. Communication with Miguel and Virginia was excellent throughout, and Miguel kindly met us at the flat for check-in, which made everything reall | Lovely cottage with beautiful interiors."
E02000269,Ealing 032,E09000009,Ealing,london,104,0.8249,2.88,0.0,97.11999999999999,"This is definitely one of the least good AirBnbs we've stayed in. The bedrooms are awful. They have windows onto a busy road with a bus route so it's loud. The windows  are old with little soundproofi | We had a brilliant stay at Mar's home over the Christmas period! Communication was excellent and Mar went out of his way to ensure we had a really comfortable and enjoyable experience, everything from | Thanks Ayu, your location was prime for restaurants and transportation. I felt like I had everything I needed and we enjoyed the stay."
E02000270,Ealing 033,E09000009,Ealing,london,239,0.8287,1.67,0.0,98.33,"This apartment has great potential, but a lot more work by the host/management will be needed to bring the property up to standard.<br/>》Poorly worded instructions for entry to the building and use of | Well at first I was a bit concerned since it was my 2nd time and never really been at some one’s place but Sarah; she made me feel that it was my own home! She was very helpful and very kind. Her hosp | Great Place , close to metro , Yogesh always responsive highly recommended"
E02000271,Ealing 034,E09000009,Ealing,london,172,0.8453,0.0,1.73,98.27,"Decent place for a short stay. | Amazing property and Great host. The pictures do not do this place justice, its so beautiful, very well decorated, comfortable, it felt like home. The host is lovely and I found it a lovely extra touc | Central location and nice, friendly, communicative hosts.  Thanks!"
E02000271,Ealing 034,E09000018,Hounslow,london,1,0.9677,0.0,1.73,98.27,"Decent place for a short stay. | Amazing property and Great host. The pictures do not do this place justice, its so beautiful, very well decorated, comfortable, it felt like home. The host is lovely and I found it a lovely extra touc | Central location and nice, friendly, communicative hosts.  Thanks!"
E02000272,Ealing 035,E09000009,Ealing,london,86,0.8088,3.49,3.49,93.02,"There were quite  a few problems with the property.  Terrible quality lumpy mattresses, with what looked  like dead bedbugs on one of them.  Dirty utensils and kitchen including burnt trays with food  | This was our first visit to London and we had a wonderful time staying in Lesley's loft! I was there to do research at the National Archives and brought two of my college-aged children along for the e | Richard’s place was great and he was very nice! 👍"
E02000275,Ealing 038,E09000009,Ealing,london,11,0.8895,0.0,0.0,100.0,"Nice and clean property near tube station | Great value for money, the accommodation is basic but clean and reasonable for the price. Having the entire property to ourselves was great and there was no noise from the neighbours. The host Nizar,  | Wonderful place with all amenities ! It’s been a pleasure . You have to walk but not very far to get to the nearest supermarket etc . But of course loved the walk . If you’re visiting London for the f"
E02000276,Ealing 039,E09000009,Ealing,london,102,0.7905,2.94,0.98,96.08,"The property is over sold and over priced. It’s advertised as a three bedroom,  but were told additional £30 pn to use sofa bed.<br/>The property is advertised to accommodate 5, but the living room is | felt right at home. very clean towels and bedding, comfy pillows. nice little studio flat. airy when windows opened  view out of the back window was treetops which I loved. no road noise. super helpfu | Great experience! Definitely will repeat it"
E02000277,Enfield 001,E09000010,Enfield,london,39,0.7429,0.0,5.13,94.87,really comfy and quality stay | The 2 hosts were very quick to respond to (my many) questions. Check in was very easy. The house was immaculate with everything you would need. The hot tub was an added bonus- which really was lovely. | Fantastic place. Stayed here for the  week for work and had everything we needed. Will definitely be booking again
E02000278,Enfield 002,E09000010,Enfield,london,14,0.7484,7.140000000000001,0.0,92.86,"I personally think it's a scam. I reached given road name around 10pm, door number was 60 and I can see number 58 and 61 but 60 is hidden or does not exist. I searched on few map apps/street view/Waze | Wow, what an incredible stay! This place in North London is hands down one of the most unique and stunning properties I’ve ever seen. Every single piece of the house is like a masterpiece – the attent | Very nice host. Enjoyed my stay there."
E02000279,Enfield 003,E09000010,Enfield,london,60,0.7961,1.67,0.0,98.33,"WORST HOST EVER. <br/>This host didn’t provide lockbox code and made me wait outside for 3 hours. Airbnb had to cancel and get me another place. | I had a wonderful stay! The home was spotless, very comfortable, and I felt completely safe throughout my visit. Gabriela and her husband were such pleasant and welcoming hosts- kind, respectful, and  | Very friendly and I was very comfortable whilst here"
E02000280,Enfield 004,E09000010,Enfield,london,20,0.8654,0.0,0.0,100.0,"I expect the private room should be better when setup digital lock or key lock, also expect to more space of the room, the bathroom room and toilet is separate with bedroom.<br/>If skip the situation  | Our stay at Andreas’s flat was outstanding. He’s a fantastic host- friendly, responsive, and always ready to help. From start to finish, he made sure we were well looked after, ensuring the flat was w | Amazing  property in  stylish  place and Liz is great  host"
E02000281,Enfield 005,E09000010,Enfield,london,43,0.828,0.0,0.0,100.0,I loved the place it was very close to where I was going although the place was abit dirty than expected the cleaning fee is so high for this place but overall 7/10 | My wife and I stayed here for six weeks over Christmas and New Year in 2021/22. We were joined for a few nights by our adult daughter. Our London-based family often visited with a young child. We real | My second time here and won't be my last.  Lovely home and an amazing host.
E02000282,Enfield 006,E09000010,Enfield,london,26,0.8505,0.0,0.0,100.0,"The after care is impeccable | I had an absolutely wonderful stay at this Airbnb! The host was incredibly welcoming and made sure I had everything I needed for a comfortable experience. The property itself was spotless, beautifully | It was a very clean and comfy place. Nice host, response was fast. He was waiting for the installation of WiFi which will make it more fun place."
E02000283,Enfield 007,E09000010,Enfield,london,45,0.8342,0.0,0.0,100.0,"Nice lady.<br/>Handy place.<br/> | I had an absolutely wonderful time at this Airbnb! The property exceeded all of my expectations. It was spotlessly clean, beautifully decorated with luxury decor, and equipped with everything I could  | Great host and lovely property"
E02000284,Enfield 008,E09000010,Enfield,london,28,0.8206,0.0,3.5700000000000003,96.43,"Parking round the back | We loved staying in this beautiful old house, it was charming and full of history, with some lovely old furniture.<br/> We felt wonderfully welcomed, with fresh homemade bread among the items left for | Eliane was great and she responded quickly to my messages even before I booked the reservation, and she was friendly from the short intersections I had with her"
E02000285,Enfield 009,E09000010,Enfield,london,27,0.8059,0.0,0.0,100.0,"Basic room, was fine while I was working in the area for a couple of days. | Another stay at this beautiful home where I could relax after work and spend time with the hosts. <br/>They welcomed be back and shared some amazing meals and made me feel like I’m a part of the house | Brad and Mayla are fantastic hosts. They made feel at home from the moment I arrived. I couldn't have enjoyed my stay any more than I did. I'd highly recommend them. You will not be disappointed!"
E02000286,Enfield 010,E09000010,Enfield,london,26,0.9223,0.0,0.0,100.0,"This is a re-visit for me. Again, Abike is a nice and friendly host. | Thanks Cleo and Richard. They are really superhosts. Our family stayed there for a month. Prior to our arrival, Cleo already well prepared the room for my children with their favorite super hero decor | Great host, clear communication, very responsive. Place exactly as described and would definitely stay again if required. Thank you"
E02000287,Enfield 011,E09000010,Enfield,london,46,0.8199,4.35,0.0,95.65,"Carmen's house is our home from home in London and we always book as soon as we can!  Cannot recommend Carmen more highly as a host ! | Room was very nice and clean. Bed was comfortable and it has even a heated mattress. Staying there felt so relaxing and made it to feel like at home. It had everything you need to stay. The undergroun | Really nice and accommodating, manage to book last minute and he was able to for fill the stay, saved my holiday"
E02000288,Enfield 012,E09000010,Enfield,london,67,0.7703,4.4799999999999995,0.0,95.52000000000001,"The room is not a safe place because to go in to the bathroom you have to turn yourself sideways because the is two big wardrobes blocking the way. It is a short stay let why do you have a a chest of  | I had an absolutely wonderful stay at Charlotte’s single room Airbnb. From the moment I arrived, I felt welcomed and completely at ease. The room was spotless, beautifully decorated, and had such a pe | Great host, clean space"
E02000289,Enfield 013,E09000010,Enfield,london,25,0.8035,0.0,0.0,100.0,"Well managed and thought out accomodation. Will book again. | ** Helen upgraded me to the studio room due to an issue with the original I booked for **<br/>Helen is an absolutely wonderful host, super responsive and proactive; friendly and approachable and nothi | A great, modern space - very impressed"
E02000290,Enfield 014,E09000010,Enfield,london,62,0.7459,4.84,1.6099999999999999,93.55,"HEALTH HAZARD.  <br/>We left as soon as possible. Spiders throughout the property. Sheets stained and unwashed. Place is in the projects, an old council house. Someone had urinated in the building. Fo | A great few days at Behrouz's place.  The accommodation was bright, airy, clean and quiet.  The room seemed as if it had been recently refurbished and contained everything i needed for my stay.  There | The whole experience has been pleasant and Sid has been very helpful and accomodating."
E02000291,Enfield 015,E09000010,Enfield,london,112,0.7711,2.68,1.79,95.54,"Cleaner talks outside the room and pesters. Noise outside the room begins when she knocks at 8am, she says just checking to see if there’s a checkout. The listing says 11am but the cleaner says 10:30  | Luca and Efe are absolutely delightful hosts, and their place to stay was a perfect fit for my friend and I visiting London. Our hosts made sure to check in throughout our stay, and any questions we h | Nice place - clean and well located."
E02000292,Enfield 016,E09000010,Enfield,london,39,0.8013,2.56,2.56,94.87,"Virginia was kind to us so it’s unfortunate we had such a bad experience… <br/>We only wanted one nights sleep at this accommodation and it was a bit of a nightmare. The small double was not comfortab | It was my birthday that weekend and I checked into the flat  ,I found a nice card Edita wrote for me very thoughtful .<br/>Easy check in ,you’ll be greeted by the host .<br/>The space looks better in  | I loved staying at chris's his family isas a blessing to be around"
E02000293,Enfield 017,E09000010,Enfield,london,31,0.7883,0.0,3.2300000000000004,96.77,"Front door flimsy with very basic lock. Couldn't get the TV to work even checked with relative. Lucy gave us one suggestion then did not get back to us. Very good location and quiet. <br/>Everything t | This AirBnB was perfect for my overnight stay.  Instructions were very clear.  I'm guessing it's the case for all guests, but I noticed they send you the instructions and further details for your visi | It was nice place to stay. Very quiet area, very close to shops. Clean and tidy apartement. Spacious balcony. Would recommend."
E02000294,Enfield 018,E09000010,Enfield,london,60,0.6814,8.33,5.0,86.67,"Despite mention regarding the room heater not working ( even though the other heaters in the building were working), it was not being repaired. I was told that if there any other empty room available, | I had a fantastic stay at this apartment. It was impeccably clean and incredibly quiet, offering a perfect retreat after a busy day. All the amenities listed were provided and in great condition, whic | Everything was clean and tidy. The price was alright (a bit too high for nine days and for the standard of the room). There were no cleaning products for the bathroom, so we had to buy our own. The be"
E02000295,Enfield 019,E09000010,Enfield,london,42,0.8181,0.0,0.0,100.0,"For the most part, the stay was absolutely fine. The only reason I did not give a maximum positive rating, was the bed. I could feel the slats through the thin mattress. This affected my back –  I fel | Hey guys! Just wanted to say that my stay in this house was AWESOME! I used airbnb for the first time in my life so was a bit unsure what to expect from it but Sophia was the first person to answer an | Ozzy was a great host. Probably the most helpful host I’ve worked with!"
E02000296,Enfield 020,E09000010,Enfield,london,68,0.7979,2.94,0.0,97.06,"The house has a lot of potential, it is spacious and modern but it was so dirty! I’ve never stayed somewhere as dirty as this before. The host said it had been cleaned but there was loads of dirt and  | Great host, Milan who has provided amazing service, very communicative, kind and easy to talk with. The place was amazing, super clean and quiet. Easy access to everything like restaurants, coffee sho | Brilliant host and very helpful"
E02000297,Enfield 021,E09000010,Enfield,london,31,0.7477,3.2300000000000004,0.0,96.77,"Simple place for a day or two, nothing fancy, but suited my needs at the time. 4 rooms total sharing, so unfortunately sometimes other people are loud and making noises and leaving the 1 bathroom/kitc | I had a great stay here! The host was very friendly and welcoming, which made check-in smooth and easy. The room was spotless and well maintained, and everything felt fresh and comfortable. The locati | All very good! Thank you"
E02000298,Enfield 022,E09000010,Enfield,london,40,0.8391,0.0,0.0,100.0,"Enjoyable stay for the night. Could probably do with a lamp in the room, as ceiling light was quite harsh and some people like to read before bed. Other than that, exactly what it says on the tin! | We chanced upon Rebecca and Lee’s place at the very last minute but what a lovely find it turned out to be. <br/>They were both really kind and welcoming, and went the extra mile to make sure our stay | Nice place, friendly and welcoming host!"
E02000299,Enfield 023,E09000010,Enfield,london,48,0.6683,6.25,6.25,87.5,"Was excited to stay at this location as a solo female traveller. Host cancelled the reservation when I was 20 minutes away and about to check in without any notice. <br/>As someone who is a solo femal | Cynthia is by far the BEST Airbnb host in London. She has exceeded my expectations and my made my transition to a new country smooth sailing. She responds very quickly to questions and concerns, and g | Nice and easy"
E02000300,Enfield 024,E09000010,Enfield,london,30,0.7419,6.67,3.3300000000000005,90.0,"Stay away!! Shocking Airbnb management from Travelnest!! Booked with them mid week for a trip to London and they messaged me on the Saturday morning of the trip saying that they no longer run the list | The property was ideally located for our visit to the Tottenham Hotspur stadium. The host (Syed) was brilliant. Very nice chap and responsive through all channels of communication. There was a minor h | We had a good night sleep , comfortable beds and decent sized rooms ."
E02000301,Enfield 025,E09000010,Enfield,london,31,0.7926,3.2300000000000004,0.0,96.77,"Dirty and horrible. Pubic hair in the beds. Had to leave straight away and host refused to refund money. Warning, don't stay here. | Massive thankyou for Ferzana and her family for hosting us! Genuinely the best host ive interacted with. Such a warm and friendly vibe, Ferzana let me freely use her kitchen to warm up my food and eve | Good value for money and the host is really responsive"
E02000302,Enfield 026,E09000010,Enfield,london,35,0.7292,5.71,0.0,94.28999999999999,"This stay was awful, the place was really dirty and lead to a scabies infestation. It isn't totally clear that this place is basically a hostel too as you share a space with multiple other people, 1 b | Great place to stay. V convenient for Tottenham Stadium (we went to see an NFL game) but also very easy to get into Central London. <br/>Great hosts - super friendly and lots of good advice on local p | Very nice house. Very clean"
E02000303,Enfield 027,E09000010,Enfield,london,31,0.8424,0.0,3.2300000000000004,96.77,"The flat it self was fine, however the neighbour was very noisy. Lots of banging around and shouting. | I loved staying with Verity. The place is cosy and has a lovely attention to detail, colour and design. It truly feels like home, not just another cheap, anonymous Airbnb place.<br/>I stayed in the gu | Great location. We love the apartment."
E02000304,Enfield 028,E09000010,Enfield,london,71,0.8593,1.41,0.0,98.59,"Not the most welcoming of stays in terms if hospitality. No towels, no bottled water only empty bottles in the room. Owners belongings all around the property with tools lying around. Cluttered and un | I had a wonderful long stay at Kyri’s fabulous home. The location is perfect—just a short walk to charming local restaurants, shops, and beautiful parks. The house itself was spotless, with a fantasti | This place is 5 Stars all the way <br/>What a great place we was down for work and found the place perfect <br/>From parking spaces to the hot tub <br/>Also Harvey is very helpful <br/>We would defo s"
E02000305,Enfield 029,E09000010,Enfield,london,46,0.891,0.0,0.0,100.0,"Clean and modern apartment, exactly as described. | I absolutely loved this apartment! It was exactly what I needed (a 5-minute walk to where I needed to be for a workshop but also a very accessible base to getting anywhere in London).<br/>It was clean | An amazing host and an amazing apartment in a good area! Would 100% stay at this place again."
E02000306,Enfield 030,E09000010,Enfield,london,33,0.6988,6.0600000000000005,3.0300000000000002,90.91,"This person is trying to scam me and also the platform, had all sorts of inappropriate, inconsistent behavior and got aggressive at the end. From the outset, he tried to trick me with the check-in whe | We had a very good stay at Sarah’s apartment. Sarah herself was a wonderful host; warm, responsive, and attentive throughout our time there. She checked in to make sure we were comfortable and even ga | Very nice stay the host was helpful and accommodating."
E02000307,Enfield 031,E09000010,Enfield,london,88,0.8191,1.1400000000000001,0.0,98.86,"I was surprised when the host told me my reservation had been cancelled on booking.c However, I never used Booking.cto book the reservation, I use Airbnb instead. <br/>Did not get any helpful response | I had an absolutely delightful stay at this charming home! The location couldn't be better, with excellent public transport connectivity that made getting around the city effortless. The house itself  | Christie is a wonderful host, with a sparkling clean apartment"
E02000308,Enfield 032,E09000003,Barnet,london,2,0.8852,3.66,1.22,95.12,"Not happy because the doorhandle to our room was loose when we arrived and the day after arrival when I was out shopping food, my daughter was locked inside our room and couldn’t open it from the insi | Marianna is a very passionate, considerate and helpful host! I stayed for a whole month and she made efforts to make me feel at home. She also offered a lot of help to make my moving-in and moving-out | Amishi was a wonderful host and the place was very comfortable."
E02000308,Enfield 032,E09000010,Enfield,london,80,0.8064,3.66,1.22,95.12,"Not happy because the doorhandle to our room was loose when we arrived and the day after arrival when I was out shopping food, my daughter was locked inside our room and couldn’t open it from the insi | Marianna is a very passionate, considerate and helpful host! I stayed for a whole month and she made efforts to make me feel at home. She also offered a lot of help to make my moving-in and moving-out | Amishi was a wonderful host and the place was very comfortable."
E02000309,Enfield 033,E09000010,Enfield,london,63,0.7824,0.0,4.760000000000001,95.24000000000001,"close to underground and high street | We arrived… was wasn’t expecting it to be as nice as the photos but it was even better.. was visiting for a concert… greeted by the ring door bell we had a giggle she told us there was bits an bobs to | got help with everything, landlord shows up right away wondering about something. we lost my husband's phone, we didn't know it was in the apartment because he thought we had lost it outside, landlord"
E02000311,Enfield 035,E09000010,Enfield,london,67,0.8502,0.0,1.49,98.50999999999999,"Prefect place | I was a little hesitant about staying here - looked a little minimalistic, perhaps a bit sparse, and only 1 review. But it was a lovely property. Had a very good stay. The photos are an accurate refle | Great host! The location was excellent, the house was accommodating for our family of 5."
E02000312,Enfield 036,E09000010,Enfield,london,157,0.8402,0.64,2.55,96.82,"We chose this place because it was local to us as we are in the middle of renovation works. What's more there is no parking restriction which was a bonus for us. However, the flat has an overall dampn | I was Dorothy's guest in her house for almost three months, from late September to early December 2022. I had a great time! The house corresponded to the photos and was really close to the underground | Great hosts, amazing location."
E02000313,Greenwich 001,E09000011,Greenwich,london,36,0.819,2.78,0.0,97.22,"Lilian was helpful and the flat was clean and convenient but the location is dreadful for the price. We felt unsafe and would not recommend the area at all. Loud music started to be played at 11pm and | Hazel is a great host - very reliable and responsive. I had a small issue with the internet one of the days and she was on the phone to Vodafone immediately and it was resolved very quickly (within th | Very affordable compared to other places . Friendly, lovely and good hospitality. You can't  get better anywhere with such price."
E02000314,Greenwich 002,E09000011,Greenwich,london,174,0.7954,2.3,1.15,96.55,"I sadly wouldn't book this rental again. Mainly because of this specific host, not Travelnest. So condescending and slow replying. I wasn't told at any point about a deposit, a few hours before arrivi | I had a fantastic stay at this lovely apartment located near the Elizabeth Line, Plumstead station, and just a short ride from the O2—perfect for concert-goers! The place is incredibly clean, modern,  | We had two members of staff stay here for a few days whilst working in the area. Both enjoyed their stay and thought it was a lovely place."
E02000315,Greenwich 003,E09000011,Greenwich,london,96,0.7006,8.33,2.08,89.58,"Absolutely NOT recommended!!! There was visible MOLD on the wall in my room – completely unacceptable and a serious health risk. The lamp was broken, so I barely had any light, and I couldn’t lock my  | Our stay at this apartment was truly special. The host’s communication was wonderful, friendly, and effortless! We quickly became friends over shared dinners, stories, book recommendations, and conver | perfect location in Abbey Wood, a 10 minute walk from the train station with 2 supermarkets nearby. well set up house with basic amenities."
E02000317,Greenwich 005,E09000011,Greenwich,london,73,0.7959,0.0,2.74,97.26,"I felt home all the way! | We had a lovely stay at this Airbnb – it’s a beautifully decorated, fun, and comfortable apartment with a stunning view of the lake. The space was exactly as described by the host, spacious and well-e | Nice location close to tube or national railway that will get you wherever you’d like to go. Kitchen has essentials for coffee. Clean upon arrival."
E02000318,Greenwich 006,E09000011,Greenwich,london,64,0.7636,6.25,0.0,93.75,"The host cheated. We were told the flat has emergency maintenance when we were almost there but turned out it's overbooked. The host sent another place to us which was smelly and the floor was sticky. | I stayed here for 3 weeks and absolutely enjoyed my stay. The bed is super cozy and I had the best sleep every night. Alison is a wonderful , witty, funny and a kind host. I loved chatting with her as | It was nice lalnd comfortable place feeling family"
E02000319,Greenwich 007,E09000011,Greenwich,london,101,0.8342,1.9800000000000002,1.9800000000000002,96.04,"Wrong address from what is being listed, the bed had only bedsheets and pillow cases with no duvet and pillows | After three last-minute cancellations from other bookings, we were exhausted, stressed, and honestly starting to lose hope. Then we found this listing — and our host completely turned everything aroun | We stayed here for a few nights on our arrival from overseas.<br/>It was easy to find with maps but we hadn't factored in the London traffic time wise.<br/>It was cosy and had all the amenities.<br/>I"
E02000320,Greenwich 008,E09000011,Greenwich,london,61,0.7945,3.2800000000000002,0.0,96.72,"The location is in a rough area, the house and interior are old. The shower was broken in one toilet and other not working properly. The garden was in bad condition. There were lots of ants in the kit | I spent three weeks at Ben and Lora's place and I really enjoyed my time there. The house was spotlessly clean and my hosts made me feel at home, constantly asking me if there was anything I needed. C | Nice and clean place with everything that we needed.  Thank you."
E02000321,Greenwich 009,E09000011,Greenwich,london,71,0.7449,4.2299999999999995,1.41,94.37,"I was really looking forward to my stay, but unfortunately, it didn't meet my expectations. The photos in the listing didn't match the reality. When I walked in, there was a weird smell that lingered  | I recently had the pleasure of staying at Booboo London Apartment and couldn’t be more satisfied with the experience. The apartment was impeccably clean and well-maintained, providing a comfortable an | It was a nice experience, we enjoyed the place."
E02000323,Greenwich 011,E09000011,Greenwich,london,165,0.7656,3.64,1.82,94.55,"My experience was incredibly disappointing. Upon arrival, I found the room to be filthy, with sticky black marks on the furniture and doors. The shower curtain had black mold, and there was mold on th | The flat is lovely, very clean and modern with amazing views from the balcony.  It’s in a great location, with shops close by and excellent transport links.  Anna will be able to tell you the best spo | Bob, was responsive and a great host. We even stayed an extra night as we felt so much at home"
E02000324,Greenwich 012,E09000011,Greenwich,london,59,0.7203,6.78,0.0,93.22,"The property is well located for a visit to London, easy access to public transport links and close to major supermarkets. The view from the property towards Canary Wharf was a highlight. <br/>The dow | Tuan Anh was outstanding always on hand and very helpful. I would highly recommend him and his accommodation. It was very well presented and very clean.  Tuan came and met me at the property to make s | The place was very clean and quiet. Easy access to public transport through the buss system."
E02000326,Greenwich 014,E09000011,Greenwich,london,102,0.8623,0.98,0.0,99.02,"Nice place, very cosily.  But very noisy outside the house. | I adored Simon’s place. It’s a sanctuary in the city. I loved the decor, plants, natural light and the quality of the bedding among many things. I could write a huge list! <br/>Simon is a wonderful ho | Had a great time staying at Morgan & stephen’s place always welcomed me with open arms. Hope to stay and see them again soon."
E02000327,Greenwich 015,E09000011,Greenwich,london,31,0.6498,6.45,0.0,93.55,"The place was supposed to be a “chalet/apartment” rental but was just a damp+ mouldy painted garage with a toilet pasted in the back. Upon arrival i was not greeted by my host. Or my keys. I was greet | I recently stayed at this fantastic Airbnb in Woolwich and had a great experience. Mornings were special as I sipped coffee on the balcony, watching the army horses trotting by on the street opposite. | Felt like we were part of the neighborhood. Close to shops and restaurants. Clean apartment."
E02000328,Greenwich 016,E09000011,Greenwich,london,138,0.8349,1.4500000000000002,1.4500000000000002,97.1,"Just two comments - (a) my wife has arthritis and had problems with the two large flights of stairs to the apartment, and (b) we got caught out by the rising bollards that block off the street during  | Simon and Sue were fabulous hosts and made us feel welcome as soon as we arrived.  After a long journey we were greeted with a friendly smile, good conversation and a lovely cup of tea! The room was e | Lovely place and great access to station"
E02000329,Greenwich 017,E09000011,Greenwich,london,49,0.8107,2.04,4.08,93.88,"I didn’t feel at home and felt uncomfortable from the host. I did leave after two days instead of three days which I paid for.  He was so naggy and complained when I used the facilities which I did pa | My partner and I had an absolutely wonderful stay at Lucy and Adam's place. From the moment we arrived, we felt right at home in their cozy and beautifully decorated space. The attention to detail in  | Very clean! Excellent Hostess, responds immediately to queries."
E02000331,Greenwich 019,E09000011,Greenwich,london,71,0.8299,1.41,2.82,95.77,"It is advised as a beautiful studio flat but it’s a garage conversion. There was only one small window that opened onto the owner’s garden and her children were playing and running past the window aft | Me and my friend Sophie,absolutely loved the place! It is exactly as the photos 😍 Beautiful, So clean and cozy, I felt like home.  The Host Lizzie was really friendly and helpful. I would definitely s | Lovely apartment. Well furnished and good amenities and very homely."
E02000332,Greenwich 020,E09000011,Greenwich,london,62,0.8143,3.2300000000000004,0.0,96.77,"1. Lock to Front door of  apartment is damaged <br/>2. As soon as we entered inside the building , a terrible smell was coming! Oh dear! Yuck!<br/>3. All the radiators are having so much dust I had to | A lovely, beautiful home. I had the loveliest stay here, a truly calm and peaceful haven situated in a lovely and tranquil part of the city. If you need peace and quiet but still want access to the ci | This was a great place to stay, i was very pleased. Very quiet and private"
E02000333,Greenwich 021,E09000011,Greenwich,london,109,0.8882,0.0,0.9199999999999999,99.08,"Spacious space on Blackheath. | We had a truly wonderful stay! Our host Niall was exceptional – incredibly friendly, supportive, and welcoming throughout. The apartment itself exceeded all expectations: cozy, beautifully designed, a | Great location, walking distance to local shops and bars/restaurants  close by. <br/>Host was very friendly, knowledgeable and helpful providing directions, bus  and underground routes."
E02000334,Greenwich 022,E09000011,Greenwich,london,54,0.8338,1.8499999999999999,0.0,98.15,"Suitable for short term stop whilst working. | I couldn't have asked for a better start to my holiday thanks to berna. She is well prepared, friendly and so very helpful. <br/>The other flatmates were also very friendly courteous.<br/> Loved the s | Dammy was an excellent host! Communicative, helpful and well above and beyond"
E02000335,Greenwich 023,E09000011,Greenwich,london,28,0.8008,3.5700000000000003,0.0,96.43,"Bad, big time, don't recommend | Joanna's house was lovely and cozy. I instantly felt comfortable with the place. Even though there was a setback because the cleaner failed Joanna and didn't show up to do the work, Joanna managed to  | Very clean and Helen was very hospitable. Perfect location for me and there was plenty of on street parking."
E02000337,Greenwich 025,E09000011,Greenwich,london,91,0.8611,1.0999999999999999,0.0,98.9,"Very disappointed with the cleanliness of the house. | I recently had the pleasure of staying here that exceeded all my expectations. From the moment I arrived, I was greeted with a warm welcome and a beautifully maintained space that felt like a home awa | Thank you Matilda, I enjoyed your space. You have a lovely home. Very decent area."
E02000339,Greenwich 027,E09000011,Greenwich,london,39,0.8784,0.0,0.0,100.0,"An ideal place from which to visit central London. Would definately stay there again. | Great Host. Good atmosphere. The room is small but kept neat and tidy. The bathrooms kept absolutely clean. Sarah is friendly and helpful. Beautiful backyard with friendly foxes , apple and pear trees | Sarah's home is well located for the local rail and bus network which are within easy walking distance along with local amenities. Great communication, and whilst the room is quite small, it was more "
E02000340,Greenwich 028,E09000011,Greenwich,london,39,0.7935,5.13,0.0,94.87,"The host didn't provide the promised key and the room was not as expected. Despite the host's assurances about cleaning the room, it remained dirty and smelly. The host repeatedly postponed cleaning a | The BnB was really clean, matched the description perfectly and looked exactly like all the photos! Instructions were very clear and it was just an overall amazing experience! Theresa was a great host | Our stay was wonderful! Sarah responded very quickly to our questions and was very helpful."
E02000341,Greenwich 029,E09000011,Greenwich,london,51,0.8272,1.96,0.0,98.04,"There is a family with a child living here, so there will be noises and cries in the house. It is a decent value for the money | I recently enjoyed an amazing stay at Greg's property. From seamless check-in to a well-appointed and immaculate space, my experience surpassed expectations.<br/>Greg's communication was prompt and at | It was a lovely stay. Paul is very kind and talkative person. I recommand this place!"
E02000342,Greenwich 030,E09000011,Greenwich,london,25,0.8362,0.0,0.0,100.0,"This place worked out very well for us: near the people we wanted to see, parking for two cars, walkable to train station for going into central London, room for lots of people, and the kitchen had pl | Ahmed was the most kindest host I've ever encountered! He lived next door and was super helpful is going through the amenities of the house. The house was better than expected and the garden was perfe | Great stay and great place and host thankyou"
E02000343,Greenwich 031,E09000011,Greenwich,london,29,0.8379,0.0,0.0,100.0,The room and the location was fine (big bed and about 20min with train to the city centre) <br/>Unfortunately we had to wait till 8 p.m until check in despite that the offer said that we can be at any | Staying at this Airbnb was very nice. It was clean and I did not have any restless nights at all. The bed was very comfortable and it had all the amenities needed for my 5 night stay.<br/>Olumide even | This place is in a good neighborhood many buses pass by the host is kind and nice
E02000344,Greenwich 032,E09000011,Greenwich,london,35,0.9211,0.0,0.0,100.0,"This was a really brilliant family home with all the amenities you could need, including toys and a trampoline to entertain children | This stay with Angela has been amazing. She is so welcoming and made me feel right at home. The room was beautifully made up, a gorgeous basket of pampering goodies and high quality towels and linen.  | This is a really smart and very spacious house. We were down for a family event and there was plenty of room for us all to get ready, and a great kitchen with large table to all eat together. <br/>Hel"
E02000345,Hackney 001,E09000012,Hackney,london,48,0.7841,4.17,2.08,93.75,"Its was a ggod place but the Internet was too slow and the entrance at the back was really dirty. | I booked a room because it was shown as available for my travel dates. However, it turned out that the room had a technical issue with the door lock. The very kind host then suggested a solution, ensu | Lovely place. Very safe and close to many transportation amenities"
E02000346,Hackney 002,E09000012,Hackney,london,91,0.8411,2.1999999999999997,2.1999999999999997,95.6,"Definitely not ""feel like a hotel"". Untidy kitchen, ants (live and dead) in bedroom, mop left in hallway, substandard social housing. | We had a great stay at Maria´s place. The flat is beautiful, very clean, confortable and bright. We particularly loved the views of the lake, which you could see from our room and also from the dining | Easy to find, host friendly and easy to communicate with"
E02000347,Hackney 003,E09000012,Hackney,london,68,0.8629,0.0,1.47,98.53,"Every was there that I needed. | Anne is the most warm and wonderful person you could meet. Lovely house, great location, very peaceful especially at night and yet so close to train station and bus stops that can take you into the he | Peter was communicative, friendly and generous. Thanks very much for the stay."
E02000348,Hackney 004,E09000012,Hackney,london,60,0.8161,3.3300000000000005,0.0,96.67,"This place was horrible, don’t book. There was a fly infestation at the accommodation which we noticed straight away, we went to buy fly spray and picked up loads of dead flies but woke up the next mo | Sarah's accommodation is a true gem on Airbnb. Her room is cozy and inviting, providing a comfortable and relaxing space for guests to unwind. The decor adds a touch of charm and character, making it  | Great lodging and host. Enjoyed the experience and accommodations."
E02000350,Hackney 006,E09000012,Hackney,london,144,0.8683,0.0,0.69,99.31,"Basically ok. A bit overpriced in comparison with other properties. Some aspects of the flat were a bit old and ran down. | We had the most delightful stay at Jag’s home in Stoke Newington. The photos really don’t capture how stylish, comfortable, and welcoming it feels. My parents stayed for a couple of nights and were so | Spacious, clean flat in good location. Good, responsive host."
E02000351,Hackney 007,E09000012,Hackney,london,292,0.853,1.37,0.0,98.63,"The unaccommodating behaviour of this host led to me to leave early. I had booked a 13-night stay but left after two because I felt too uncomfortable to stay any longer.<br/>The host voiced her dislik | I personally found Cem like a member of my family in helping and greeting excellent. The House was amazing clean, tidy, good local transport and close to amenities. I felt like my home. Mr.Cem excelle | Exactly as listed! Hassle free stay and good communication from Cem, Thank you!"
E02000352,Hackney 008,E09000012,Hackney,london,171,0.8467,2.92,0.0,97.08,"The flat is as shown in the photos but we had a number of problems with parking, cleaning and in communication as a result of booking just two days before departure. Perhaps with more time to plan the | Her apartment it makes you feel like home, cozy and really friendly. She gave us all the information as possible, good humour. Apart perfectly located and really close to the park where you can enjoy  | Stella is a lovely host and her place is great!"
E02000353,Hackney 009,E09000012,Hackney,london,238,0.8496,2.1,0.42,97.48,"Worst AirBnB and hosting experience possible. My recommendation: stay (far!) away. Trying to give a balanced view here:<br/>THE GOOD<br/>Clean bathrooms. Appliances working. Warm water. Good location. | I had an amazing stay at this gorgeous apartment. The location is fantastic with so many restaurants, pubs and cute shops on the doorstep. Easy to pop into central London from the doorstep but I reall | The place was lovely exactly like ik the pictures ans easy access to many places with many buses and tube stations surrounding, woukd definately stay again"
E02000354,Hackney 010,E09000012,Hackney,london,275,0.871,1.4500000000000002,0.36,98.18,"I don’t usually leave long reviews, but I feel like I need to speak up not just for myself, but for anyone considering staying here.<br/>I came from Canada, excited to stay here. But from the moment I | Loved the place - possibly one of my favorite Airbnb's I've ever stayed in. I couldn't have felt more at home, despite living over 3500 miles away in California!  Some of my favorite touches were the  | The flat is really pretty and comfy. You have everything, you need! <br/>The area is pretty and you have good connection to everywhere, as there are loads of buses and two overground stations."
E02000355,Hackney 011,E09000012,Hackney,london,382,0.861,0.79,1.5699999999999998,97.64,"Pack lightly, because you can barely open your suitcase in the tiny room. Also it is incredibly hot in summer and there is no AC. Additionally, underneath the only window there is some sort of vent, t | Anna is an extraordinary hostess.  Not only is her flat immaculately clean and beautifully stocked with tons of  towels, linens, blankets and a full kitchen, but Anna herself is an extremely kind, hel | Staying at Sofias place was very nice. The area is perfect and we felt like at home!"
E02000356,Hackney 012,E09000012,Hackney,london,175,0.9148,0.5700000000000001,0.0,99.42999999999999,"I spent a long time in Bens place. It’s located in stoke newington which was fairly close to where I needed to be In shoreditch.  If you have airborn allergies you may not want to book. | I had such a fantastic stay at Esther’s house! One thing that really stood out was how spotlessly clean everything was. The bathrooms were squeaky clean, and the fresh linens and towels smelled amazin | A lovely place to stay. Masha was nice and welcoming and the dog is sweet!"
E02000357,Hackney 013,E09000012,Hackney,london,130,0.8382,0.0,0.0,100.0,"A good stay, with a comfy bed. I do feel it was overpriced for where it was. It was difficult to get to and from the airport but the host was very responsive.<br/>Costs to change the bedding were also | My stay at Rosie's home was fantastic. <br/>The room was comfortable, and the surrounding landscape was stunning, making our walks together truly enjoyable. Rosie and I had engaging conversations abou | Francis is friendly and welcoming. He is a good landlord."
E02000358,Hackney 014,E09000012,Hackney,london,380,0.8246,2.63,0.79,96.58,"Very disappointed in this stay. I felt as though I completely wasted my money. No fans provided in the house, and it is very warm inside. Cutlery inside draw absolutely filthy, a real health hazard. P | I stayed in this flat for 5 months while living in London, and overall, it was a good experience. The location was interesting—right between Dalston and Stoke Newington. Dalston can feel a bit sketchy | We stayed for four nights (1 adult, 1 child). Everything was as described. Alison was very helpful, we could even adapt the booking in very short notice due to an airport strike. We really appriciated"
E02000359,Hackney 015,E09000012,Hackney,london,255,0.8733,0.38999999999999996,0.7799999999999999,98.82,"We chose this place based on the photos and reasonable pricing for London. Orlando the caretaker was helpful during the check-in, providing essentials. However, there were safety concerns: the front d | We loved our stay at Tori’s spacious, beautifully decorated home. It’s rare that I wish I could extend a trip just because I loved my Airbnb, but this place inspired that feeling. I was traveling with | We loved our stay! Quite street located just a short walk from the train. The home was clean and spacious and the outside garden was a bonus! We had a small issue with unlocking the front door, but Ni"
E02000360,Hackney 016,E09000012,Hackney,london,358,0.8715,0.84,0.0,99.16,"Chaim and Eli came the next day to sort out no heating. After failing Eli bought 5 electric heaters, and any missing accessories.  This really made our stay comfortable. The place is newly renovated.  | Our stay at Eugenie's beautiful home was faultless and we had a wonderful time.  Eugenie is a lovely host, very attentive and helpful and a pleasure to deal with.  Her home is exquisite, extremely cle | Great Location, very close to all transport links with walkable food options nearby. <br/>Very peaceful stay, with all the amenities needed. <br/>Would recommend again to anyone."
E02000361,Hackney 017,E09000012,Hackney,london,383,0.8531,2.09,0.52,97.39,"We arrived at the end of the heatwave as the outside air was cooling down. I had read the reviews about confusion with getting key, so I read instructions carefully and got in fine. Location is great  | Absolutely loved my stay! The place has a real charm — modern, stylish, and full of natural light, with a cool vibe that perfectly matches the neighborhood.<br/>The apartment was spotless — exceptiona | Good location, cool apartment and great that it had parking."
E02000362,Hackney 018,E09000012,Hackney,london,279,0.8503,2.13,1.06,96.81,"Would stay here again. Host was very attentive. Location close to bus stations. Property just like pictures.<br/>Kitchen is equipped, + a variety of condiments and spices to cook with. Didn't seem lik | This place was not only a deal for what it was but it was also so pretty and so convenient. The room was a perfect size for 2 and the bathroom, kitchen and living space was beautiful. Although the kit | Had a great stay with Ben and Siobhan’s flat. Great location, close to lots of public transport. Lots of parks and restaurants/pubs on the area."
E02000362,Hackney 018,E09000030,Tower Hamlets,london,3,0.9281,2.13,1.06,96.81,"Would stay here again. Host was very attentive. Location close to bus stations. Property just like pictures.<br/>Kitchen is equipped, + a variety of condiments and spices to cook with. Didn't seem lik | This place was not only a deal for what it was but it was also so pretty and so convenient. The room was a perfect size for 2 and the bathroom, kitchen and living space was beautiful. Although the kit | Had a great stay with Ben and Siobhan’s flat. Great location, close to lots of public transport. Lots of parks and restaurants/pubs on the area."
E02000363,Hackney 019,E09000012,Hackney,london,197,0.8445,2.03,1.02,96.95,"Sulu was very nice and quick to respond. The apartment is in a good area, however the building itself isn’t great - the elevator smelled of urine and there was garbage everywhere. <br/>The apartment i | This was the ideal place for a lengthy stay in London (I was here 10 days). It was great staying in a more local-feeling neighborhood, where there were lots of great pubs, restaurants, coffee shops, p | We had a pleasant stay. We received good food advice from Emily and just had a good stay for visiting the London stadium."
E02000364,Hackney 020,E09000012,Hackney,london,467,0.878,1.28,0.64,98.07000000000001,"Horrible stay, maybe my worst.. Overpaid for the tiniest studio. Walls are paper thin. You can hear everything your neighbours are saying and doing. I can’t erase some things I heard.. <br/>Toilet was | When I first arrived at London, I was very nervous because it is my first time to visit foreign country alone. Everything in UK was strange to me, but thanks to the warm heartfelt encouragement she ga | Beautiful mews apartment. Spotlessly clean and very good location close to Hackney Downs train station.<br/>Friendly and obliging host. <br/>No complaints at all. <br/>Will definitely return!"
E02000366,Hackney 022,E09000012,Hackney,london,202,0.8961,0.0,0.5,99.5,"No internet, no tv, NO PANS OR POTS (impossible to cook anything), no hair dryer.<br/>The property lacks all basic services you would expect in an air bnb. | Andrea is a very amazing entrepreneur she owns a business which is the fish and chip shop and she also runs the airbnb the place I stayed in. It was so clean it was spotless it had all the amenities t | It’s a fantastic flat, in a fantastic area with a fantastic host."
E02000367,Hackney 023,E09000012,Hackney,london,636,0.8655,1.26,0.47000000000000003,98.27,"There was a horrible smell in the house which turned out to be a dirty blanket from previous guest.someone had dumped on it. we had to leave as the sheet were dirty as well we told the host and they r | I had a truly wonderful stay in this beautiful home during a transitional period in my life, and it couldn’t have been more perfect. The room was spacious, bright, and thoughtfully furnished with a co | Perfect place to live to visit London for a reasonnable price. Only 30 min from the city centre. The flat is very nice with a big main room with a lot of windows. Good communication with the owner. I "
E02000368,Hackney 024,E09000012,Hackney,london,253,0.8601,1.9800000000000002,0.0,98.02,"I don't recommend the apartment. Doesn't look like in the pictures ,is much smaller ,the furniture old and dirty, the bedroom is dirty with a poor bed, old linens, problems with central heating, poor  | Great stay!!! Kate was super helpful and responsive and my husband, toddler, and i had a wonderful time.  She gave us lots of tips for the area and even recommended a babysitter.  <br/>Kate’s flat was | Good location, very friendly and welcoming"
E02000369,Hackney 025,E09000012,Hackney,london,618,0.854,1.46,1.29,97.25,"As a Superhost, I’ve hate leaving reviews like this - but I feel obligated to warn others. <br/>The flat looked nothing like the photos; it had clearly been staged and stripped. On arrival, the lockbo | I recently had the pleasure of staying at Adam's lovely Airbnb and I have nothing but positive things to say about my experience. First of all, the location is unbeatable - there are so many cute litt | Very nice apartment in a beautiful and quiet neighbourhood, very well served by public transportation."
E02000370,Hackney 026,E09000012,Hackney,london,404,0.8323,1.9800000000000002,0.5,97.52,"I am sorry to report that this apartment lacks BASIC maintenance and that the published photos are either very old or - worse - they artfully hide the flaws we found once inside.<br/>The bathroom is s | The host: Jozef is not only a superhost but also a Great energy to be around! His respect for guest privacy as well as friendliness for interaction is the best Kind of airbnb Experience you could expe | Flat was exactly as shown, great location to central London. Amar and his teams communication was excellent"
E02000372,Hammersmith and Fulham 001,E09000013,Hammersmith and Fulham,london,320,0.8047,2.81,1.5599999999999998,95.62,"I have never experienced staying in such an unsafe place. As you walk into the flats, it smells of stale smoke, dirty and unclean, every wall has splashes of mess. Each room had issues. In both bedroo | Violeta's place is exactly as it appears in the pictures, there are no tricks here  at all. The bathroom is even bigger than it appears, which was a very pleasant realization when I arrived there with | Neat room, in a convenient location, matched booking page description & pictures. Toye was very responsive to my requests throughout my stay. I would recommend."
E02000373,Hammersmith and Fulham 002,E09000013,Hammersmith and Fulham,london,93,0.7946,1.08,3.2300000000000004,95.7,"Seasoning in cupboard are a few years out of date just be careful not to eat it. If there’s any kind of dispute with Salem she’s not easy to communicate with. Overall ok stay. | Temi's apartment was absolutely charming!<br/>My friend and I stayed there for two weeks, and we were happy with everything :) As far as I understood, Temi lives in the apartment with her kids, but sh | Nice little place close to White City station of Central Line. It's a compact place but very useful layout, no space is wasted. Room is spacious and bed is comfortable. Definitely worth it."
E02000374,Hammersmith and Fulham 003,E09000013,Hammersmith and Fulham,london,132,0.8287,0.0,3.0300000000000002,96.97,"Walking distance from Westfield! | Staying at Elenita's place was amazing. Not only did she make us feel absolutely welcome from the moment we stepped in the house but we loved everything about the place. She even went out of her way t | Nice flat in West London, Maggie was very helpful and responsive"
E02000375,Hammersmith and Fulham 004,E09000013,Hammersmith and Fulham,london,407,0.7787,4.18,1.47,94.35,"Amy was responsive and helpful, but the stay was very dirty. I don’t understand where the cleaning fee goes since it was pretty bad. Bedroom lights don’t work. Mountains of dirt and dust bunnies under | Thank you Shalini for such a good stay! This was the perfect place for me to stay during a work trip down to London - the bedroom was cozy and warm and I slept really well. Everything worked perfectly | highly recommend to stay long term at Masami and Christophe’s place. I had a lovely summer in London with them!"
E02000376,Hammersmith and Fulham 005,E09000013,Hammersmith and Fulham,london,355,0.8012,2.25,1.41,96.34,"The basement (laundry area) was flooded on the first day we checked in. Contacted the owner Christiana but couldn't do anything because it's in evening. She did send a plumber the next day and got rid | Great place to stay! Super clean, stylish, great shower, nice kitchen and comfortable furniture. The fold up bed is wonderful! Super easy to use and creates a great one-room space with a wonderful dec | Thank you so much! We had a great stay!"
E02000377,Hammersmith and Fulham 006,E09000013,Hammersmith and Fulham,london,229,0.8366,1.7500000000000002,1.31,96.94,"This house has great potential; a 20 minute walk from Shepherds Bush underground station and a decent sized space. Unfortunately, it stunk of damp despite putting heating on and lighting a scented can | Me and my bestie had the best time with Laura! We arrived later than expected which was very easy to communicate and not a problem at all! We had a very warm welcome by Amelia and the dogs, who we fel | Comfortable beds and welcoming space.  Definitely got our steps n for the day with a nearly mile walk to the nearest London tub station"
E02000378,Hammersmith and Fulham 007,E09000013,Hammersmith and Fulham,london,335,0.8598,0.88,0.88,98.22999999999999,"The experience was horrible! Both the toilets started overflowing with dirty water , came out of toilet to the hallway, became a real health and safety concern for us!! Ruined our holiday and kids sta | We loved this airbnb so much! The space was bright, clean, and quiet. We loved having such a great view out of the bay windows, and it was so nice that noise from the streets didn’t come into the flat | Clean, quiet, very well furnished, and a large space. Not far from a few different train lines. Marta responded immediately to all communication, she let us check in early and check out late when we h"
E02000378,Hammersmith and Fulham 007,E09000020,Kensington and Chelsea,london,4,0.9064,0.88,0.88,98.22999999999999,"The experience was horrible! Both the toilets started overflowing with dirty water , came out of toilet to the hallway, became a real health and safety concern for us!! Ruined our holiday and kids sta | We loved this airbnb so much! The space was bright, clean, and quiet. We loved having such a great view out of the bay windows, and it was so nice that noise from the streets didn’t come into the flat | Clean, quiet, very well furnished, and a large space. Not far from a few different train lines. Marta responded immediately to all communication, she let us check in early and check out late when we h"
E02000379,Hammersmith and Fulham 008,E09000013,Hammersmith and Fulham,london,119,0.8535,3.36,0.0,96.64,"Where do I begin?  This place was filthy!  I got a bad vibe immediately when we arrived when I saw the over filled trash bins outside.  The pictures on the app did not accurately depict the apartment. | I loved my stay. I was only on a short work trip but I will definitely be back for longer next time.<br/>If you stay anywhere in West London, I would highly recommend you stay here! <br/>Great locatio | Came to London for business trip. The house is clean. The host is warm. Not far from the underground which walking takes around 15mins. This place is well located in hammer smith area and well connect"
E02000380,Hammersmith and Fulham 009,E09000013,Hammersmith and Fulham,london,262,0.845,0.76,0.76,98.47,"John's property unfortunately didn't meet the expectations as it was advertised. After checking in and had time to look around while settling in I have noticed several issues in the apartment. Sliding | ***Read the multi page house rules before booking.  <br/>You get exactly what's listed here. Make sure you read the ENTIRE house rules. We thought laundry was included as we filtered by that but the h | Clean, easy to access, close to two metro stops and a few great neighborhood bars/pubs and restaurants."
E02000381,Hammersmith and Fulham 010,E09000013,Hammersmith and Fulham,london,356,0.8145,3.65,0.27999999999999997,96.07,"The flat is well located and the persons in charge answered quickly and were really helpful but it was noisy (we had a bip sound of a door the whole stay and the neighbors were loud). The place was no | I had an amazing stay at this beautiful home! The location is absolutely perfect. Just a short walk to the Thames River and close to excellent transport links, making it easy to explore the city. The  | The place was extremely clean and in a convenient location. Moe was a very responsive host and replied to any of our requests and messages immediately. I highly recommend"
E02000382,Hammersmith and Fulham 011,E09000013,Hammersmith and Fulham,london,155,0.8822,0.0,0.0,100.0,"You can’t go wrong with the townhouse. It has all the amenities you need, the place is spotless and close to the train station. Amir is a wonderful host. | The reviews from previous guests were so glowing I had great expectations and I was not disappointed. Inge is a lovely, welcoming lady and has gone to much effort to make the room(s) and environment f | We stayed for 3 nights, a family of 5.  House is in a good location, very clean and great communication."
E02000383,Hammersmith and Fulham 012,E09000013,Hammersmith and Fulham,london,430,0.8181,2.75,1.1400000000000001,96.11,"it was a much smaller room. than we expected,  it was a clean and tidy and the bed was to die for it was so comfortable. we had two chairs and a table to sit at but if you opened the blind we was met  | john and lauren’s studio is beautiful. while small it has been thoughtfully designed so it feels comfortable and  homely.  <br/>the location is perfect for any london activities. i easily got to the w | Spacious accommodation in a nice part of London. Easily accessible and comfortable for a short stay"
E02000383,Hammersmith and Fulham 012,E09000020,Kensington and Chelsea,london,7,0.7273,2.75,1.1400000000000001,96.11,"it was a much smaller room. than we expected,  it was a clean and tidy and the bed was to die for it was so comfortable. we had two chairs and a table to sit at but if you opened the blind we was met  | john and lauren’s studio is beautiful. while small it has been thoughtfully designed so it feels comfortable and  homely.  <br/>the location is perfect for any london activities. i easily got to the w | Spacious accommodation in a nice part of London. Easily accessible and comfortable for a short stay"
E02000384,Hammersmith and Fulham 013,E09000013,Hammersmith and Fulham,london,474,0.8058,2.32,1.27,96.41,"We checked in late in the night and there were hairs on one of the bed. My wife cleaned that bed but then we found that there were hairs on other beds too. The toilet was not cleaned either. The showe | There are not enough words to describe how wonderful the stay was for me at Ying & Siv’s place. The room itself was so chic and super comfortable. The heated blanket was such a bonus 🥰 also a very gre | This stay is in beautiful location, hosts are incredibly hospitable, and the space is very nice!"
E02000385,Hammersmith and Fulham 014,E09000013,Hammersmith and Fulham,london,404,0.7924,3.71,0.9900000000000001,95.3,"The flat was in terrible condition dirty and with maintenance problems, starting with dirty mattress topper which the host insisted its actually a bed sheet. There were tools everywhere, dust and debr | Everything about our stay with Montse was excellent from start to finish. Montse was really responsive throughout our stay and made check in super easy. <br/>The house is beautiful, spotlessly clean,  | Alex was very helpful and accommodating, he allowed me to check in earlier given my flight landed in the late morning. The studio is quite clean and mostly fits the pictures. The neighborhood is very "
E02000386,Hammersmith and Fulham 015,E09000013,Hammersmith and Fulham,london,356,0.7435,5.8999999999999995,0.84,93.26,"He is decent at replying but this place is not worth your money. I have stayed in hundreds of Airbnb and this was one of the worst ones. First it’s on the third floor, the towels were disgusting, ther | We had booked a different Airbnb for our stay in London, but due to a non-responsive host we had to find something last minute and we were lucky to get in touch with Patricia. This place is really nic | Quick responsive host. Lovely stay"
E02000387,Hammersmith and Fulham 016,E09000013,Hammersmith and Fulham,london,168,0.786,2.98,1.1900000000000002,95.83,"The apartment was in an unacceptable state - the bathroom was unsanitary with unflushed stains, a dirty sink, and filthy floors. The kitchen was also unclean, with food on washed dishes and disorganiz | Had a fab nights stay! Bee was so helpful, from the initial enquiry to the end of our stay. Bee's home is in a lovely road in Fulham, where there is free parking from 5pm on Friday, for the whole week | Me and my friend went for a Chelsea Game, was walking distance to everything, perfect airbnb for the weekend"
E02000388,Hammersmith and Fulham 017,E09000013,Hammersmith and Fulham,london,479,0.7989,3.55,1.04,95.41,The upper floors of the property owned by the host are being refurbished.  Access down to basement entrance via steps was obstructed by scaffolding which did not have hazard tape or soft protection. N | What an incredible house!  My whole family flew over from America to celebrate my mother's 100th birthday.  This house was ideally suited to her home in Chiswick.  We had easy access to buses but most | Great support and communication!
E02000389,Hammersmith and Fulham 018,E09000013,Hammersmith and Fulham,london,261,0.8532,2.68,0.0,97.32,"Avoid, avoid , avoid. Disgustingly dirty place in terrible location. <br/>Dirt - We arrived and found mould like clumps of moss growing in a saucepan. The oven was coated in fat and stank. There were  | I was unable to stay as fell unwell the night before, but Caroline was so helpful and kind from the start of my booking. Suggesting a parking app. messaging me, letting me know how to get in and when  | The flat was lovely, spacious and very light.  It was very clean and communication with the host was excellent.  It is a 20 minute walk from the tube but there are plenty of buses if needed.  We would"
E02000390,Hammersmith and Fulham 019,E09000013,Hammersmith and Fulham,london,274,0.8409,1.82,0.0,98.18,"It is the first review of this BnB, but unfortunately not a positive one.  <br/>This BnB mismatched the photos as described on website, it was super dark and the beddings was not well cleaned with dar | This could be the ideal home in London! Immaculately clean and stylish, located in a super quiet street with a good range of restaurants nearby... The mattress was so comfortable it flet like sleeping | We met the manager Michelle when we checked in and she was friendly and incredibly helpful. She gave us loads of advice about what to do on our short stay and her personality really adds to experience"
E02000391,Hammersmith and Fulham 020,E09000013,Hammersmith and Fulham,london,295,0.8313,2.37,0.6799999999999999,96.95,"In our 12 years on Airbnb & 60 countries we've been to, this was the most rude & unpleasant host we've ever encountered. Prior to check-in, I gave them the benefit of the doubt & thought perhaps the r | My Dad and I stayed in Carla’s space, and absolutely loved it! The space is clean, beautiful, with lots of natural light and amenities. We loved the patio, and the ease of location being so close to t | Jonny was an excellent host. The flat was clean and homey. I would certainly book to stay in this flat again."
E02000392,Hammersmith and Fulham 021,E09000013,Hammersmith and Fulham,london,333,0.8428,2.1,0.3,97.6,Large spacious flat great for larger groups but bedlinen does need refreshing all bedding was old and poppers on one duvet broken there were not enough pillows either and linen not ironed very crumple | We were hoping to find an apartment that would capture some of the traditional charm of this amazing city – and what can we say: Jeremy’s place exceeded all our expectations!<br/>From the moment we ar | We had an amazing stay here! Perfect place for tourist in London. Flat was pristine tidy and exactly as described in the listing. We'll be coming back!
E02000393,Hammersmith and Fulham 022,E09000013,Hammersmith and Fulham,london,232,0.8029,3.02,0.86,96.12,"Very basic, relatively clean but the bed is very uncomfortable, cheap bedding. No toilet paper, which seems weird in a shared bathroom. Also no toaster.<br/>Host refused to send me the address before  | We had such a great stay at Arabella's home in Fulham. It was such a lovely home and decorated beautifully. We especially loved the outdoor patio and garden--a peaceful place for morning coffee or aft | Really lovely place. Well recommended for anyone looking for a stay in south-west London."
E02000394,Hammersmith and Fulham 023,E09000013,Hammersmith and Fulham,london,467,0.8304,2.1399999999999997,1.0699999999999998,96.78999999999999,"This host is nothing but a SCAM.  He gave us the wrong address multiple times, the taxi drivers couldn't even find it.  He then told us to pick up the key at another location and ask for Louise.  We g | We had an amazing stay!<br/>The apartment is in a great location, in a beautiful neighborhood with bus and train connections just a short walk away and a supermarket right on the doorstep. It’s perfec | Thiago was a prompt and responsive owner who was ready to respond to anything I asked. He was helpful in so many ways. The apartment was lovely and clean. My family and I enjoyed it very much. But, be"
E02000395,Hammersmith and Fulham 024,E09000013,Hammersmith and Fulham,london,238,0.8555,2.94,0.0,97.06,"This place should have gotten a higher rating, but the booking had a number of problems: moldy dead flowers on the table, appliances and hot water not turned on, dishwasher didn't work and had to be r | Antonia and her husband made sure to make my stay more than comfortable. They are both very warm, friendly and hospitable. <br/><br/>I felt at ease in their beautiful and very clean house. It is rar | Clean flat as I the photos.  great host and responsive"
E02000396,Hammersmith and Fulham 025,E09000013,Hammersmith and Fulham,london,170,0.7984,3.53,1.18,95.28999999999999,"Overall the apartment was okayish for the price and location but the place was quite messy and very dirty, not matching the pictures. The stairs in the hall had animal hair, the floor was dusty and al | Fiona and Oliver are without any doubt the best host I’ve ever met in UK. Fiona is an elegant beautiful lady who is a gorgeous actress when young and Oliver is such a gentleman! I love the breakfast w | The location was great. Jonathan was very helpful in answering any questions I had regarding the stay."
E02000397,Haringey 001,E09000014,Haringey,london,95,0.8349,4.21,0.0,95.78999999999999,"She  is rude, and doesn't respect peoples personal life and values, just  she is looking after how to make money !! you should be ashamed of yourself Judy x worst host, look out yourselfs peeps x | Judy is an exceptionally warm, kind and friendly person. She prepares everything perfect for her guests. The house and the rooms are always in excellent condition, wonderfully decorated with great tas | Emily was very nice and the place was lovely, she is available and flexible. I recommande this airbnb !"
E02000398,Haringey 002,E09000014,Haringey,london,63,0.7532,3.17,6.35,90.48,"This is the worst experience of me staying in Airbnb. <br/>1. whole room was full of paint oil smell<br/> <br/>2. The host told me I could use her cooking ware to cook my meal in her kitchen. After th | Sorry for my english everyone hope you understand:) So i went to jons place with my Mother for five nights, it was our first bnb experience. The apartment was VERY clean as we like it. The apartment w | Ogo is a great guest. Although my stay was very short but it was well worth it."
E02000400,Haringey 004,E09000014,Haringey,london,133,0.8321,3.01,0.0,96.99,"Area was fine to locate, but difficult to get in as it was locked from downstairs and she was not responsive easily.<br/>I used bathroom towel and she was very upset and not behaved nicely. overall sh | Carole was so lovely. I was anxious and she was always so responsive, kind and friendly. I felt like I was staying at a friends house which was lovely. She was also helpful with our plans for the day, | A lovely home and only a 20 minute walk from ally pally. Katy provided us with everything we needed- the perfect host!"
E02000401,Haringey 005,E09000014,Haringey,london,62,0.815,1.6099999999999999,0.0,98.39,"No Towels supplied,  noisy place and no instructions for facilities....unclean kitchen and the bed was a fold up couch  which was so uncomfortable...very noisy | I stayed in Naomi's house for 10 days with my parents, as they needed to be in London for medical appointments, and we had a super time. Parking was so easy; there was always plenty of space right out | Nice and quite when I stayed and is a good location. Clean and spacious"
E02000402,Haringey 006,E09000014,Haringey,london,53,0.8369,0.0,0.0,100.0,"A fine place to stay, especially if you are stopping overnight for an event at the Tottenham Hotspur stadium which is half a mile's walk away. | Amazing stay, everything we needed was there. Free tea coffe etc was a really nice touch. Great value for money and just perfect for what we needed really! Would come back 100%<br/>Also communication  | Great stay, lovely host. Near the stadium"
E02000403,Haringey 007,E09000014,Haringey,london,72,0.896,0.0,0.0,100.0,"Nice stay, walking distance to tube. Quiet apartment area | Sure! Here’s a polished and elevated version of your Airbnb review in English, styled to stand out with warmth, clarity, and helpful detail:<br/>⸻<br/>One of the best Airbnb stays I’ve ever had! Kit i | Good location and charming room. PETA was a great host."
E02000404,Haringey 008,E09000014,Haringey,london,82,0.8004,4.88,0.0,95.12,"This was the worst Airbnb that I have ever stayed in!  The Flat was Totally ill-equipped, For example, the kitchen only 4Plates,2Cups,4Forks,4, Knives and 2 Spoons. The Oven didn't work properly and t | Harvey’s home is absolutely gorgeous. It's nicely renovated and everything has been decorated to such a high standard. He’s always available and has been friendly and responsive to all queries. It's v | Lovely place, 2nd floor flat, pretty much exactly as described if o need to go to that but of London again, I'll definitely stay again xxx"
E02000405,Haringey 009,E09000014,Haringey,london,115,0.887,0.0,0.0,100.0,"the check out time is to early and I try to explain them my issues they ignored me. which is they only care about the money | Maria was very patient with my booking as I had not used my account for a long time and had problems with the booking. After getting the all clear from customer services which she advised me to contac | Nice room in a nice area, very near to the train station and convenience store. Michele had no inconveniente about our schedule and offered us anything we needed. In the room there is a TV and a lot o"
E02000406,Haringey 010,E09000014,Haringey,london,59,0.7589,3.39,3.39,93.22,"totally different with photos, dirty bathroom, broken bed | Staying in London can be a bit tricky. But this place was very close to the tube which is very helpful for people who park their cars in the outskirts of London. There was 5 of us and we absolutely lo | A basic, functional and compact appartement on the ground floor. Tidy, clean and well maintained in a rather quite area. About 10 minutes walk to Turnpike Underground station with direct connection to"
E02000407,Haringey 011,E09000014,Haringey,london,80,0.7284,5.0,3.75,91.25,"The bedrooms are so dirty the pillowcases are dirty , bedsheets dirty. The shower is dirty and extremely hot. You can’t even take a shower unless you want to burn your body when you phone them to chan | Saul, Giuliana and the little Orlando are the best host family I have found in Airbnb. They are lovely, friendly and kind. I lived in their house for two months and I didn't want to leave it.  The hos | It was a nice place and very close for public transport, it was abit dusty but overall very good ^^"
E02000408,Haringey 012,E09000014,Haringey,london,75,0.8099,1.3299999999999998,2.67,96.0,"Basic accommodation, very shabby with obvious signs of poor maintenance and upkeep. Shelves, handles and shower head loose and  hanging off. Kitchen not clean so facilities were not used, and unwashed | I stayed in London for the Stray Kids concert at Tottenham Stadium and had an absolutely great time. Nesrin and her husband have been such wonderful hosts🫶 My room was clean and comfortable, the share | Great place and the host was very welcoming and accommoding."
E02000409,Haringey 013,E09000014,Haringey,london,29,0.9113,0.0,0.0,100.0,"Catherine was an amazing host and made both my partner and I feel at home. <br/>We stayed for the 50 cent concert and it was about 20/25 minute walk to the stadium. <br/>Catherine gave us recommendati | We were all blown away as to how lovely this house is. Six of us stayed, myself and my husband, my son and his 2 children and my daughter.  It is beautifully decorated and designed, with comfortable f | I had a great stay at Shraddha’s. She and her partner were very helpful and attentive. <br/>Made me feel like at home. <br/>Area is walkable with easy public transportation and nearby small shops and "
E02000410,Haringey 014,E09000014,Haringey,london,95,0.835,2.11,2.11,95.78999999999999,"I stayed in this flat for a week, and unfortunately, my experience was quite disappointing. The apartment is located on the third floor with no elevator, which was inconvenient—especially given the po | We stayed in this apartment from June to July 2019. The place was stylish and modern, we loved the decor and the sliding glass doors that open the apartment out onto the lovely garden. Such a great sp | Great stay at Skarleta’s place, who is a welcoming host. Her place is a stone’s throw from Muswell Hill. Highly recommended."
E02000411,Haringey 015,E09000014,Haringey,london,191,0.8512,0.52,2.09,97.38,"The flat is clean though a bit understocked, missing a hairdryer, toaster, oven gloves, doormats, etc. We had quite a nice stay but felt we were being watched while staying in Viktoriia's flat. We wer | I stayed in francesca place for few days but i wish i stayed for longer . The location is so great and its so close to all the famous attractions of london . And the tube station like 2 minutes and th | Loved staying there. Dan went above and beyond with his hospitality. Great guy!"
E02000412,Haringey 016,E09000014,Haringey,london,126,0.7891,1.59,0.79,97.61999999999999,"Honestly, I’m very disappointed with this stay. First of all, when I arrived, I saw that the room — Room 3 — was not the same as shown in the listing photos. It was different. Still, I thought, at lea | Our stay at Flo & Abdul's has been nothing but delightful! We arrived during peak summer & had a challenging time adjusting to the heat. This was brought up during one of their check in with us and we | See below - great hostess, easy access to the tube and buses, close several supermarkets and restaurants."
E02000413,Haringey 017,E09000014,Haringey,london,124,0.8918,0.0,1.6099999999999999,98.39,"spotless, modern,  quiet, parking - ticks all the boxes | The house and its garden was great, allowing us to have a very pleasant stay.<br/>It is very clean, in good state, maintained with great care by the highly friendly owner. That house is well located, | Very nice and clean house, nothing bad to say at all. Definitely a cosy place to stay."
E02000414,Haringey 018,E09000014,Haringey,london,93,0.7682,5.38,0.0,94.62,"the place is nice,  good location and clean  but doesn't have free parking  as advertised and the owner didn't want to correct this by giving us visitors vouchers because it will cost them extra money | George & Isabelles Victorian townhouse is just beautiful. l loved everything about it & it’s exactly or better than the photos😃 lt was situated close to everything trains, & buses although l did prefe | Zsombor great host comfy bed refreshing shower public transport minutes away will definitely be returning"
E02000415,Haringey 019,E09000014,Haringey,london,141,0.822,0.7100000000000001,0.7100000000000001,98.58,"There was no plates and forks no utensils we find out at the end where the microwave was. Also at the end of my stay they came and fix something while we was in there and it’s took long time they move | Sabahat welcomed us with a warm hug and birthday song with cake as a surprise for my girlfriend! She was so sweet and the other guests were delightful! She gave us the master bedroom even when air BnB | Kumari was very helpful despite the last minute booking and late check in, nice place to stay and I would definitely book again. Very close to the tube"
E02000416,Haringey 020,E09000014,Haringey,london,77,0.8566,1.3,0.0,98.7,"Host was more focused on her comfort and not the guest. Host was messy, left dirty dishes in the kitchen and bathroom wasn’t clean. The bedroom just had a bed. No private working space and no proper s | Katy and Lars are the sweetest, kindest, most caring couple and committed hosts that one could ever hope to find. From start to finish they assisted me, checked in on me, gave me friendly tips and adv | A modern apartment with a fantastic outdoor space. Easy access to London and local places of interest."
E02000417,Haringey 021,E09000014,Haringey,london,112,0.8557,1.79,0.89,97.32,"It takes about half an hour to get out of the Highgate subway station, and it's all uphill and downhill. The house is good, but it's not that clean! We cleaned it again, and the cutlery and kitchen ut | Kamy's place is in the heart of the leafy and lovely Muswell Hill, with the Broadway and transport links just a few minutes away but nonetheless very peaceful and quiet.<br/>I had a lovely stay at Kam | The best Airbnb hosts out there. Just the sweetest people. Absolutely loved my stay."
E02000418,Haringey 022,E09000014,Haringey,london,77,0.9217,0.0,0.0,100.0,"A good place to crash. Comfy bed and bathroom right next door. Mat was helpful and responded promptly. | Michael’s place was absolutely superb. A quality apartment, perfectly designed with heaps of light and space, in a very quiet neighborhood but with plenty of cafes, restaurants, parks and transport ne | Great place to stay. Close to the Park. Very quiet. Great room. Very pleasant host."
E02000419,Haringey 023,E09000014,Haringey,london,179,0.8468,0.5599999999999999,1.68,97.77,"It's a lovely flat.  Airbnb Pro need to create a better interface with businesses so that they don't ask for personal email addresses or for customers to send ID documents outside of the platform.  I  | The best airbnb in London!<br/>We stayed here for a month and it was absolutely beautiful and cozy.<br/>Andrea helped us to check-in early so we could rest more, also the lovely cat Saffie was welcomi | Great flat in a great location and a handy table and chair in the large room"
E02000420,Haringey 024,E09000014,Haringey,london,198,0.7957,2.53,2.02,95.45,"I don’t usually leave reviews, but this one has to be left. I came to the property, the cleaner hadn’t come till 5pm. It was beyond disgusting. The host is rude & disrespectful. The lock box was in a  | Lauren and Peter are kind, genuine, and vibrant people. Their home is excellent value for what is offered. A few of the touches I especially appreciated were the use of the laundry facilities without  | The house is perfect for a family stay, very close to Seven Sisters station and comfortable."
E02000421,Haringey 025,E09000014,Haringey,london,202,0.7842,2.97,0.9900000000000001,96.04,"Our stay at this property was disappointing. On arrival, we found a narrow hallway and steep stairs leading up, with an additional staircase required to reach the bedroom with two beds—something not s | Sian has an amazing BnB, the decor and vibe is perfect, a very clean, it smelt amazing and comfortable stay. Many options close by to go out for food as well as ordering in. The beds were so comfortab | The place was really accessible but the neighbourhood was quite surprising. A little loud but overall not bad."
E02000422,Haringey 026,E09000014,Haringey,london,111,0.8468,0.8999999999999999,0.8999999999999999,98.2,Giulia was a lovely and  extremely accommodating host. The apartment was clean and had most things we needed. The bed sadly was a very hard and I'm a little achey but that had absolutely nothing to wi | Imdad's apartment is compact and has all the necessary amenities for a great stay. It is well kempt and comfortable. Public transport is easily accessible and the tube station is a 5 minute bus ride o | Wonderful stay! Beautiful home!
E02000423,Haringey 027,E09000014,Haringey,london,142,0.8288,0.7000000000000001,0.7000000000000001,98.59,"unsanitary conditions, found cockroach under bed, as well as dirty bathroom. wouldn't reccomend- unsafe | We had a great stay at Lewis’ place. The house was lovely - really cosy, comfortable and clean with cool decor. The house is very well equipped and had everything we needed. It has the feel of a prope | fantastic stay and lovely host!"
E02000424,Haringey 028,E09000014,Haringey,london,120,0.888,0.0,0.83,99.17,"Room was comfy. | Belleroo gave us such a warm welcome. Her home is  a vibrant, lively and friendly place. We immediately felt at home and excited to be staying there. <br/>This room is at the top of the house and is q | Excellent stay at Anthony’s. The apartment was very clean and fresh. Anthony welcomed us and reactive in communicating with us."
E02000425,Haringey 029,E09000014,Haringey,london,52,0.6844,5.7700000000000005,1.92,92.31,"Unfortunately for the first time I’ve had a bad experience. There were many things since the beginning of the stay that were uncomfortable. The kitchen and the living room were hoarded with things. It | Booked for my grandson to stay here for the month he was working with BBC Radio 1. Absolutely fantastic place great for all transport, lots of shops nearby. Sonia was an absolute amazing host, she wen | Very friendly host, flexible with check-in and-out. Convenient, near my meeting place etc"
E02000426,Haringey 030,E09000014,Haringey,london,160,0.8723,0.0,0.62,99.38,"Door handles falling off, dirty entrance, no sitting area, make better use of outside area. Relatively clean inside. | We had the absolute pleasure of staying at Serge's incredible home in Highgate/London, and I can honestly say that the experience exceeded all expectations. The pictures truly don’t do this house just | Nice place, close to the sub, very clean, beds were already made wich was great since we arrived late."
E02000427,Haringey 031,E09000014,Haringey,london,183,0.8414,1.6400000000000001,0.5499999999999999,97.81,"Functional space with good location close to transport and shops. However, we were disappointed we could not get 1h earlier entry at 3pm. This is something we have been able to do in other Airbnbs.  W | Our stay at Kate's apartment was nothing short of fantastic! The photos truly don't capture the charm and comfort of this hidden gem. Every detail exceeded our expectations, making it a wonderful home | Honest Opinion - <br/>Chris was a great host, helpful and understanding. <br/>The day we landed, the first look of the apartment was spotless and great and Quite large.<br/>Unfortunately we had a scen"
E02000428,Haringey 032,E09000014,Haringey,london,100,0.8109,2.0,0.0,98.0,"go to this place  only in case of emergency, room was tiny,  bed and table were moving , dirty bed, no sheet cover, no duvet covers,  heating  stuck on max no nob handle to turn it down,  toilet was f | Manuel and Cecilia are very nice people, they have a very lovely house, smelling so good, very well decorated and comfortable, it was a pleasure to stay at their house, we felt like at home and even b | Perfect place for your stay in London ! Very nice house !"
E02000429,Haringey 033,E09000014,Haringey,london,109,0.8739,0.0,0.9199999999999999,99.08,"Convenient location for our needs. | This Highgate home was the perfect escape from the hustle and bustle of London! The location couldn't be better - literally steps from the Tube, making it super easy to zip into the city center. But h | Great place to stay. Lots of space and very comfortable. Quiet leafy road not far from shops and and bars. I would book again for sure."
E02000430,Haringey 034,E09000014,Haringey,london,222,0.8661,0.88,0.44,98.68,"DO NOT USE THIS HOST!<br/>Our vehicle broke down on the M4, we were in constant contact with the person checking us in while we waited for the AA.<br/>At 11:55pm as we just got back on the road we ran | Our stay at Tom and Frankie's flat was wonderful - we absolutely adored the calming (but super fun!) interior with gorgeous plants and interesting furniture pieces. Our favourite feature was the balco | Great location - well connected for buses and tube. Quiet and comfortable."
E02000430,Haringey 034,E09000019,Islington,london,5,0.6128,0.88,0.44,98.68,"DO NOT USE THIS HOST!<br/>Our vehicle broke down on the M4, we were in constant contact with the person checking us in while we waited for the AA.<br/>At 11:55pm as we just got back on the road we ran | Our stay at Tom and Frankie's flat was wonderful - we absolutely adored the calming (but super fun!) interior with gorgeous plants and interesting furniture pieces. Our favourite feature was the balco | Great location - well connected for buses and tube. Quiet and comfortable."
E02000431,Haringey 035,E09000014,Haringey,london,149,0.85,0.67,0.67,98.66,"Nice House, but not a place where you'll feel home. I don't recommend this place for more than a week.<br/>I want to start by saying that two days before my arrival (I had already paid almost everythi | Jennie was so lovely and made us feel so welcome . The bed was super comfortable and the room was so lovely , peaceful and clean. There’s a sofa in there so could relax . Jennie made us feel so at hom | Lovely stay in a perfect location right by the tube stop. Place was pristine and very accommodating with check in time, thank you!"
E02000432,Haringey 036,E09000014,Haringey,london,93,0.8608,1.08,1.08,97.85000000000001,"5 stars isn’t enough for hosts Finn & Habib. When we landed Habib collected our luggage off us early so we could go enjoy the day as apartment was being cleaned. Finn was onto us during our stay swing | What an incredible place to stay! From the moment we arrived, we knew we’d found a gem. This beautifully designed, modern apartment ticks all the boxes for a perfect getaway. The space was immaculatel | The place lacked plugs for the bath and sinks and was basic but clean. Fair value."
E02000433,Harrow 001,E09000015,Harrow,london,48,0.8106,0.0,4.17,95.83,"Incredible location and incredible space | We had a pleasant stay overall. Vartika and her husband were absolutely lovely hosts — friendly, welcoming, and incredibly helpful. A special thanks to her husband, who even drove us to our concert at | Great short stay and friendly host"
E02000434,Harrow 002,E09000015,Harrow,london,54,0.7423,3.6999999999999997,1.8499999999999999,94.44,"Nice guy but the  bed was was not clean | There were wonderful things about this location, + smaller things that I wished to update but overall it served our needs and we enjoyed the stay. The positives: beautiful location in park, quiet at n | Easy to find , great transport links into Wembley for our event .<br/>This property ticked all the boxes it needed to , would recommend and stay again <br/>Thanks"
E02000435,Harrow 003,E09000015,Harrow,london,49,0.7139,6.12,0.0,93.88,"I had to leave the place the same night I arrived, I felt uncomfortable and unsafe at night entering the air BnB as it’s a shared space & my door was being knocked on randomly late night by other peop | Charlotte and John were super responsive hosts. They went the extra mile to ensure everything was perfect for our stay. The kitchen was very well equipped, the beds were super comfortable and the bath | Location was very convenient for my family and trip. Host was also very responsive to our questions and issues raised. Overall enjoyed our stay"
E02000436,Harrow 004,E09000015,Harrow,london,13,0.8848,0.0,0.0,100.0,"Great hospitality by Sanjay and family. Well<br/>maintained room and garden (fishes, flowers, fruit trees). Ample on road parking. Will revisit. | Place was good - and exactly as described on the website. A bit larger for our family of 4, but we are not complaining. :) Fitted with all modern kitchen equipments. Location was peaceful, and just ne | Bernadette was amazing and so was her house! We had a lovely stay - and we had everything we needed. Highly recommended!"
E02000437,Harrow 005,E09000015,Harrow,london,34,0.8022,0.0,2.94,97.06,"Spot on. 👍👍👍 | Our stay at Sanjay place was wonderful.  The Home is lovely.  Modern, clean and has everything you need.  Was lovely to have a full kitchen and washing machine.   The garden is absolutely beautiful.   | Very friendly host and flexible with quick response. Highly recommend"
E02000438,Harrow 006,E09000015,Harrow,london,4,0.4065,25.0,0.0,75.0,"The place ia well located and within walking distance to North Harrow station. but the room was terraced and very small. No pics of room in the post. She had a lot of stuff in the room and in the hous | My husband and I stayed in Yeonju's home for one night and were made to feel very welcome.  Our room was very clean and organized and our bedding was very warm.  There is only the one bathroom but we  | Host, Yeonju, was very helpful."
E02000439,Harrow 007,E09000015,Harrow,london,89,0.7531,4.49,0.0,95.50999999999999,"Nightmare stay. Run from this place. <br/>The place was expensive for what it is, but more or less fine for the first couple of days. They'd missed some spots in the bathroom and kitchen when cleaning | Janaki's place is perfect!! The room is very clean and cosy, the bathroom has a very good size and the kitchen is wonderful!! Janaki is very kind and generous and very friendly from the beginning. She | I will recommend this peaceful home for everyone who want to visit London."
E02000440,Harrow 008,E09000015,Harrow,london,42,0.7897,2.3800000000000003,2.3800000000000003,95.24000000000001,"Avoid, Avoid, Avoid this host. <br/>The listing is not as advertised!!! <br/>I've had a bad experience recently during my stay in this listing. I've paid too much to have a ""Luxury Apt with Parking -  | Aparna was a fantastic host with a lovely home. I would highly recommend staying! - In fact, I booked to stay again the week after.<br/><br/>I arrived quite late into the evening on my first night b | Aparna made us feel welcome from the minute we arrived and was the perfect host. The accommodation exceeded my expectations and I would have no hesitation recommending this to anyone."
E02000441,Harrow 009,E09000015,Harrow,london,32,0.7739,6.25,0.0,93.75,"The house is spacious with a lovely garden that was great for our gathering, but overall the stay was disappointing. Communication with the host was quick, but when we asked about early check-in, we w | The hosts were kind enough to let us host our Eid gathering here and we are so so happy we chose this place! Very kind and accommodating hosts with great communication, the house is so beautiful mA, a | Fantastic House & within easy reach of London."
E02000442,Harrow 010,E09000015,Harrow,london,27,0.7918,0.0,0.0,100.0,"Abdul is very nice and quick to respond. However, the wall are very thin and you hear everything the other guest are doing. House is not clean. | Great place to stay. The host was lovely, friendly and helpful. The room was clean and well furnished and on suite was clean and tidy. Parking available and tube station just a short walk down the roa | The host is very friendly and willing to help!"
E02000443,Harrow 011,E09000015,Harrow,london,45,0.7112,6.67,2.22,91.11,"I'm so sorry to publicate this but I need to do this.. The host was very kind, when I had a problem he was very receptive but the room was a disaster.. I've never seen such a dirty room, I stayed beca | Large living room, cosy bedroom, shared bathroom always available with lovely hot shower. Great wifi and extensive telly selection. But most important a great host. Mark is super friendly and very acc | Very nice guy. Very responsive.<br/>I'd say he went ABOVE AND BEYOND with my expectations. I i appreciate that."
E02000444,Harrow 012,E09000015,Harrow,london,19,0.9053,0.0,0.0,100.0,"The place is nice and the house is very easy to find. | Staying at this Airbnb was a wonderful experience! Zohal, our host, was incredibly friendly and made us feel welcome from the moment we booked. The check-in process was smooth and effortless, which se | Iman is a considerate and helpful hist. his place is perfect for a stay for folks who need to be in the area. I recommend it highly!"
E02000445,Harrow 013,E09000015,Harrow,london,49,0.7695,4.08,0.0,95.92,"Dans un premier temps, l’accueil n’a pas du tout était chaleureux, nous ne nous sommes quasiment pas parlé.<br/>En arrivant, j’ai été étonnée de l’état du logement, fenêtre peu isolée, il faisait froi | Beautiful home, well equipped for staying with kids and a lovely outdoor space too. We enjoyed soaking in the sun and eating outside, and the open plan kitchen/diner/living space was a perfect sociabl | comfortable stay. Nicole even helped me to get my friend accomodated for a very mere price"
E02000447,Harrow 015,E09000015,Harrow,london,21,0.7477,4.760000000000001,0.0,95.24000000000001,"Rude host with incredulous behaviour. <br/>Cancelled my stay 2 nights after check in. <br/>Left me stranded in London | Harun is very friendly and helpful host. The first day we booked and The day we left Harun was always available to answer any question we have. Harun's place was beyond expectation, the Location ( pea | We had a very good stay at this place. Everything was as promised. The complaint we had was the air-conditioning which could not be set to a lower temperature. Definitely recommend for large groups of"
E02000448,Harrow 016,E09000015,Harrow,london,31,0.8658,0.0,0.0,100.0,it's good place. | I had a very comfortable stay. AJ is really very helpful and an awesome human being! She made sure that I was comfortable and had everything I needed! Very responsive as well in replying to messages.< | Elena is friendly and flexible. She is definitely a good housemate! Will come again next time : )
E02000449,Harrow 017,E09000015,Harrow,london,26,0.7956,3.85,3.85,92.31,"Unfortunately, my stay at this Airbnb was disappointing. The property is located on a street that felt unsafe and run-down the front of the property is extremely messy with literally a shopping trolle | The pictures of the apartment were accurate, but we felt misled by the overall condition. The entrance and garden were cluttered with junk and litter (trolleys, a rabbit hutch, etc.), making it the wo | Great accommodation. Very clean and spacious. Amenities provided. Host was very quick at responding. Self check in available."
E02000451,Harrow 019,E09000015,Harrow,london,31,0.6619,6.45,3.2300000000000004,90.32,"Nightmare Airbnb host and experience<br/>House is immediately below a major high tension line and this was never explicitly indicated on the description.  <br/>No bedding provided and only realised th | Absolutely loved our stay here! The apartment was beautifully decorated, clean, and had everything we needed for a comfortable stay. The location was fantastic, within walking distance of shops, cafes | host was very responsive and was always available to help"
E02000452,Harrow 020,E09000015,Harrow,london,90,0.847,2.22,0.0,97.78,"Tired Pigeon Shed on top of a curry shop. Far from a NYC Penthouse. The Entrance is in a very sketchy road, surrounded by trash, the stairwell up to the apartment and surrounding area is covered in pi | We can gladly refer John as an awesome host, he welcomed us nicely with some snacks, he bought groceries and prepared for us appliances like kettle, microwave, coffee maker and so on. He aranged priva | Very responsive host and fantastic communication. Thank you Oliver!"
E02000453,Harrow 021,E09000015,Harrow,london,19,0.8878,0.0,0.0,100.0,"very pleasant stay | Very friendly, timely communication.  Fabulous location - loved having Morrisons as an easy access neighbour and the underground station was only a short walk away.  Secure, easy parking was a gift in | Communication was good and they bent over backwards to help as we wanted an extra bed, this was provided and when there was a slight change they let us know and checked it was ok.<br/>The flat was a g"
E02000454,Harrow 022,E09000015,Harrow,london,49,0.7869,4.08,0.0,95.92,"needs maintenance alot showers need updating and fixing floor was dangerous in the bathroom was cracked extremely noisy very cold not safe area | First time using an Airbnb and absolutely no complaints whatsoever. Stayed for a month. Room was small (as seen in pictures) but very well organised, tidy and clean -  I never struggled for storage sp | Very happy with my stay, Shanjida was very helpful"
E02000455,Harrow 023,E09000015,Harrow,london,232,0.8065,3.45,1.72,94.83,"Unfortunately, we do not recommend. Positives: (1) the host is very friendly and takes accountability when things go wrong.<br/>Negatives: (1) the place was very dirty. The bed was made and bathroom w | I had a fantastic stay at this lovely house on Elmwood Avenue in Harrow, London. It truly felt like a home away from home. It's spacious, spotlessly clean, and equipped with modern, easy-to-use amenit | Very nice place, well maintained, good location. Would stay here again if in the area."
E02000456,Harrow 024,E09000015,Harrow,london,42,0.8288,2.3800000000000003,0.0,97.61999999999999,"I booked this air BnB back in November 2024 for a concert we were attending on Saturday 28th June. I paid the deposit and made full payment the week before. I messaged the host the evening before and  | Cliff was such a great, lovely and perfect host. He made everything as easy as he can for us. This house and all its interiors has been made with so much love and heart. The very clean Bed- and Bathro | Great location - and very nice property!"
E02000457,Harrow 025,E09000015,Harrow,london,58,0.7828,0.0,0.0,100.0,"The rooms were okay. Toilets were very small though. Housekeeping was poor - We checked in comfortably and then went outside only to return around 9 pm. Noticed that the bed was not made up and had us | Varsha is a great host we had a lovely time. She is so welcoming and friendly. We arrived after a long drive and she offered us a drink and something to eat we even had some of her daughters homemade  | Great location, easy to find."
E02000459,Harrow 027,E09000015,Harrow,london,54,0.8801,0.0,0.0,100.0,"Did the job for a 2 night stay. A bit rough round the edges, one of the windows didn’t stay open and whilst two towels were supplied for two people, one was significantly smaller than the other. Very  | Fantastic Stay in Harrow - Highly Recommended! <br/>My recent stay at this property was truly delightful, and I highly recommend it! From the moment I arrived, I was impressed by the thoughtful design | Nice tidy accommodation with some lovely furnishings. Spotlessly clean. The place is very convenient for bus/underground only 2 minutes walk. Stairs to the place could be a problem for those with walk"
E02000460,Harrow 028,E09000015,Harrow,london,47,0.5784,17.02,4.26,78.72,"The house doesn't have good insulation, and it has become a bit dilapidated. The staircase sometimes produced an unfavorable smell. The host sometimes lit incense sticks at the bottom of staircase, bu | Serafettin was lovely, welcoming, and helpful. I was doing my 1st solo gig going to Oasis at Wembley and he helped with what public transport to take to get there. He was attentive and a quick respond | Great service"
E02000461,Harrow 029,E09000015,Harrow,london,83,0.85,0.0,2.41,97.59,"The room I originally booked was occupied, so the host gave me a bigger room instead, which I really appreciated. The room itself was quite spacious and looked okay at first.<br/>However, the cleanlin | I usually stay with family or hotels so I am new to airbnb. After staying at Param’s place I can confidently say I had a great experience with airbnb. Key points: I felt comfortable and safe, he’s a g | The Host was very helpful and works hard to run a good space.<br/>Make sure you know it is a shared bathroom and bring your own towel.<br/>Good stay for what we needed."
E02000462,Harrow 030,E09000015,Harrow,london,26,0.7909,0.0,3.85,96.15,"Flat above the Barber shop on a busy road just down the road from South Harrow underground tube station. Check in was straight forward after a long night on the train. Space was well appointed and pro | We stumbled across Minesh’s place on Airbnb at a great price and booked it while literally on our way to London! An hour later, we arrived and there he was, ready to welcome us like a legend.<br/>I wa | A lovely stay with Sandra and Jamshaid. Right next to the bus stops and a very comfortable place to stay!"
E02000463,Harrow 031,E09000015,Harrow,london,11,0.8625,0.0,0.0,100.0,"What a nice, private space . Couldn’t ask for more. | They treated me like their family when u travel from another country and reaching here you will get a homely atmosphere. The room was excellent and the room Which I lived single room it was perfect fo | great host and lovely house!"
E02000464,Havering 001,E09000016,Havering,london,41,0.8001,2.44,0.0,97.56,"I picked Van/POD as close to family visited & peaceful area, unfortunately thats where ended. Received email after time expired to cancel booking. In listing host doesn’t explain van toilet if used mu | HOST<br/>When looking for an Airbnb spot, I prioritise a good host first and foremost. Daniel is that - he communicates well and is super helpful. Things happen but the key is having someone who is re | Would highly recommend. Great host."
E02000465,Havering 002,E09000016,Havering,london,38,0.7052,7.89,5.26,86.83999999999999,"This could all change after Covid, but we found nothing in the house worked right, a ton of things were broken, hot water in only one (very very tiny) bathroom, and didn’t look like the pictures. Duct | Absolutely fantastic stay at Jaqua’s place! We were there for my wedding and the property was a massive part of it. We were able to host events at the property and every single guest that came loved i | Well worth the money and have booked again for next week. Will definitely use again when in the area."
E02000466,Havering 003,E09000016,Havering,london,15,0.7897,0.0,0.0,100.0,"Another great stay at Fayes couldn't recommend more. | Mr. Jamal’s house is nice. My stay was pleasant and I stayed there one night. The bathroom was also very specious, clean and having a (mostly south Asian) push shower with the toilet. The bathroom is  | My second stay at Faye's house. Warm greeting and excellent hospitality."
E02000467,Havering 004,E09000016,Havering,london,40,0.7029,7.5,0.0,92.5,"AVOID BOOKING WITH KEVIN<br/>I HAD BIOKED AND PAID FOR 6 NIGHTS, DROVE 250 MILES TO WORK AND CALLED HIM ON THE DAY OF CHECK IN HE WAS VERY RUDE AND SAID THE HOUSE IS NOT AVAILABLE AND PUT THE OHONE DO | We had a two-week wonderful stay with my family over the Christmas holiday. The house is nice and spacious with all the listed amenities. The heating is very good and for visitors from the tropics on  | Everything as described. Was an ideal stay Thank you"
E02000468,Havering 005,E09000016,Havering,london,14,0.7673,0.0,7.140000000000001,92.86,"Very convenient place for busses and food places | We really enjoyed our night in your property. Had a nice comfortable and peaceful sleep in a comfy bed. The whole place was spotlessly clean, minimalistic use of furniture, pictures etc. As there is n | Lovely apartment and a nice group of hosts who responded to anything I asked ."
E02000469,Havering 006,E09000016,Havering,london,58,0.7035,5.17,5.17,89.66,"The house is dirty and filthy. Told her the first day she was rude about it. The house is moldy. Chair dirty. Left after the day 4. She’s trying to rip me off by not sending me my complete money. Nobo | Our family had a great month-long stay at JDB's Romford apartment last month. It was exactly as listed and super clean. Full marks for the kitchen amenities and bathroom essentials and the bedrooms. < | So homely , nice and serene"
E02000470,Havering 007,E09000016,Havering,london,38,0.6857,10.530000000000001,0.0,89.47,"**WARNING** DONT NOT BE FOOLED LIKE WE HAVE BEEN!!<br/>This is not a luxury property<br/>This is a poorly maintained new build<br/>The photos are edited to make it look better than it is<br/>The beds  | This is an outstanding property.  Very spacious and luxurious.  The place is beautifully decorated and furnished.  Loved the fact that it's very spacious.  The hosts are very warm, welcoming and accom | had a wonderful stay, was beyond my expectations highly recommended"
E02000471,Havering 008,E09000016,Havering,london,5,0.6312,0.0,20.0,80.0,"exactly as described | Beautiful, silent and private accommodation with a huge and beautiful huge backyard with a nice garden. I really enjoyed the stay and Bae was exceptional with accommodating and replying to any concern | Highly recommend bea as a host. Went out of her way to make our stay special"
E02000472,Havering 009,E09000016,Havering,london,39,0.8096,0.0,2.56,97.44,"3rd time of staying here. Sue always goes the extra mile. | It was an amazing stay at natasha's place.<br/>It's so beautiful and asthestically pleasing. <br/>Looks so organized and neat.<br/>The system of the room was so nice that got a room , washroom, entran | very nice family. responsive host and very flexible"
E02000473,Havering 010,E09000016,Havering,london,22,0.6894,9.09,4.55,86.36,"You are not allowed to take his key and the room has no padlock , no private it like someone outside and you are not allowed to used anything , terrible | I had a lovely one month at Tazeens place! The house itself was so lovely and cozy - and it was always clean. Tazeens family was so welcoming and kind to me, and i always felt like home. The location  | Great home close to trains and buses, only downside was the heating downstairs didn’t appear to work and when using the ensuite shower, water leaked through to the utility room below, I did notify the"
E02000474,Havering 011,E09000016,Havering,london,36,0.7877,2.78,0.0,97.22,No TV and there’s no clear instructions for the guest to maintain cleanliness. | Really lovely place to stay.<br/>very clean and quiet neighbourhood.<br/>Andras is a very good host and very helpful.<br/>Highly recommend this place.<br/>it's worth the money.<br/>👌👌👌👌👌👌👌👌 | Thank you for accommodating me last minute. A warm host and a really comfortable stay.
E02000475,Havering 012,E09000016,Havering,london,18,0.5792,11.110000000000001,5.56,83.33,Very bad service. Cancelled on me on the day of the reservation after the check in time . I was already on my way to London from my location . <br/>No prior communication. I sent him a message which h | I was glad to find this room at this price as I had a training event to attend at a location in nearby Essex. I could easily use the local buses and Underground with the nearby Elizabeth and District  | Great stay
E02000476,Havering 013,E09000016,Havering,london,99,0.7639,4.04,0.0,95.96000000000001,"The place is blocked area, the heat is too much the is no air that goes through, <br/>Very difficult to live there<br/>And promise you something that they can’t fulfils<br/>I have hearing tomorrow fro | Stunning warm friendly supportive hospitality !)<br/>This how I can title my staying and dealing with Audra !) she is super helpful supportive welcoming friendly person !) she helped all long way from | Tristan is a great host! He let us check in early and left us have the car parked on the day of check out. He didn't happen to be there long, but he made us feel completely at ease in his home."
E02000477,Havering 014,E09000016,Havering,london,14,0.8313,0.0,0.0,100.0,"Very tidy and well equipped property. We stayed for work purposes and will book again if we are in the area | Myles place was very clean, well decorated and well stocked. He’s also an amazing host and was very responsive and helpful to any of our needs. We will definitely stay here again next time. | Lovely house in a great area"
E02000478,Havering 015,E09000016,Havering,london,14,0.7475,7.140000000000001,0.0,92.86,"Our booking was confirmed for 5 guests, upon arrival we collected the keys and headed out for the evening. Upon late return, we discovered there was only space to sleep 4 guests, and what was assumed  | We had a great stay with Anne and Patrick. They were very polite and friendly. The apartment is very clean, modern and comfortable. A lot of attention to detail, we had a great stay and look forward t | The place was really nice enjoyed my stay and would go back again. Clean and presentable could do with a few adjustments but highly recommended."
E02000479,Havering 016,E09000016,Havering,london,55,0.7986,3.64,0.0,96.36,"Property had a weird unpleasant smell also had an air mattress on the floor and kitchenware was left dirty in the sink and hob. | We absolutely loved our stay here! The apartment had everything we could possibly need – all amenities, a fully equipped kitchen with every appliance, and it was spotlessly clean. The space itself is  | Great house, good links to Romford station"
E02000480,Havering 017,E09000016,Havering,london,167,0.7187,5.99,1.7999999999999998,92.22,"Sheets were not clean, noticeable stains on carpet floor, the covers, the pillows cases stank and the previous sheets were left in the wardrobe which created a bad smell. Our check out was for 10am we | I had a wonderful time staying with Sandra and Ken. I highly recommend this place. Not just because it's such a nice place but because the hosts are so wonderful as well. They treated me like family.  | I was staying here as I was on a course in the area- it was my first time away from home and it felt like home from home- Very friendly hosts and exactly as described."
E02000481,Havering 018,E09000016,Havering,london,23,0.7699,0.0,0.0,100.0,"Was as described and plenty of space for big families, 1 bus from train station to go directly into London. Would recommend. | If you have the opportunity to stay with Joe def do. From the moment I booked , communication and response was excellent. I was little nervous doing a flat share as Iv only rented places alone. But ho | Lovely area but was very let down but how the property was kept and maintained. Peaceful area and I’m walking distance to all you need."
E02000482,Havering 019,E09000016,Havering,london,6,-0.0182,50.0,0.0,50.0,"It was a nightmare. He sent incomplete info for check in. After 18 hours flight I was at the entrance door and jonathan had not informed how to enter. BNN support called him; i called him but no respo | Jonathan is always ready to help! We had a great time in Lonon! Thank you! | Worst AirBNB I’ve ever stayed in, the host doesn’t respond to questions and is incredibly unhelpful. The apartment stank, the cooking utensils are non existent barring a few old, stained and smelly it"
E02000483,Havering 020,E09000016,Havering,london,15,0.7521,6.67,6.67,86.67,"I booked a 2 night stay for my partner’s birthday, the host confirmed and messaged me to say that he had received the booking. I then received a call from air BnB the evening before we were due to arr | great location for transportation, easy access just right near the house,only takes 2 minutes to walk from bus stop and 5 minutes walk to train underground station..I can walk from her place to Upmins | Abi was a great host,always helpful."
E02000484,Havering 021,E09000016,Havering,london,25,0.9039,0.0,0.0,100.0,"The place is very comfortable- near by supper market, but little per from city of London. Otherwise everything is fine. | Our family really enjoyed staying at the house. The house was amazing, all bedrooms had en-suite with showers which really helped as all family members were happy. The kitchen was very well designed w | The accommodation has ticked all of the boxes, great location and most importantly, Svaja is a great host. I would most certainly recommend"
E02000485,Havering 022,E09000016,Havering,london,11,0.8566,0.0,0.0,100.0,"Accommodation as described perfect for us | Matthew’s house is very clean and looks like the photos.  Great location and safe neighborhood.   <br/>This was our second time staying here and it was wonderful again.  Thank you, Matthew. | Great host, great home"
E02000486,Havering 023,E09000016,Havering,london,17,0.7142,5.88,5.88,88.24,"This is an extremely dirty  and small room. All the inside of the cupboards and draws and even the hangers were filthy! Not suitable For '3' people let alone 2 people and on a busy main road. The toil | Iwona provides a great place to escape for bleisure, because I needed to get some work done without any distractions as well as have a nice place to do it in with all the facilities I required. <br/>I | Iwona is a delightful host.  She is communicative, reassuring and professional."
E02000487,Havering 024,E09000016,Havering,london,5,0.9671,0.0,0.0,100.0,Denise and Simon are very  welcoming and friendly and helpful with any you need  one of the best places I have ever stayed 100%recommend | Denise's property is very well located and a few minutes' walk from the high street and train station. It is tucked away and it's wonderful to hear the birds chirping in the morning.  I loved seeing t | I stayed at Denise's annex over Christmas to visit family in the area. The annex was lovely and inviting and had plenty of space with all the key ammenities. Denise was very lovely and kind and checke
E02000488,Havering 025,E09000016,Havering,london,4,0.9248,0.0,0.0,100.0,"Great stay. Nicely renovated house very stylish inside! Really handy location. Sarah was very communicative and the place was spotless with everything we could need. Beds SOOO COMFY | The house was very welcoming and clean. Well furnished, and ideal location next to the country Park, also Tesco 3 minutes walk. <br/>Sarah was really responsive, friendly and gave me clear instruction | The house was beautifully decorated, spotlessly clean, very spacious and the beds were so comfortable.  Excellent communication throughout booking. Would definitely use again, 10 out of 10  from us."
E02000489,Havering 026,E09000016,Havering,london,43,0.684,4.65,2.33,93.02,"Mo seems like a nice guy but I wasn't satisfied with the accomadation. The kitchen was dirty and the fridge had dried milk on the shelves and dirt on the exterior. I have photographic evidence of this | Absolutely loved my stay here! Tracy is very welcoming and friendly, the house is designed so nicely and everything is clean and tidy. My room was clean, comfortable and bigger than what I was expecti | We have really enjoyed the stay and felt home. Highly recommended"
E02000490,Havering 027,E09000016,Havering,london,20,0.6541,5.0,0.0,95.0,"Wrong address was displayed on the listing. We booked the house based on that. Hours before the checkout time, Mohamed send the check in info with a different address. When asked, he said the wrong ad | What a wonderful stay! The space was compact yet thoughtfully designed and spotlessly clean. The host was exceptionally accommodating and welcoming, making sure I felt comfortable at every moment. I t | We book AirBnB's a lot and this was the best one we've stayed in."
E02000491,Havering 028,E09000016,Havering,london,53,0.7578,1.8900000000000001,7.55,90.57,"First things first, Samuel did not know he had booked us already. I kept sending him a message for the house location and he just replied ok. Later he messaged me to call him. I called him and he was  | My stay at Abdul's was a peaceful, pleasant and relaxing stay. The room was perfect, clean and cosy. Communication from my host was excellent his responds were very quick. Close to the train station f | Beautiful stay. Thank you AJ"
E02000492,Havering 029,E09000016,Havering,london,29,0.5617,17.24,0.0,82.76,"HORRIBLE EXPERIENCE 😡<br/>I don’t know if Darren was hospitalized or if something horrible happened to him that caused him not to be joignable to facilitate the Check In! I waited in vain from 7 p.m t | Staying at Dominique’s place was truly perfect! The apartment was clean, well-organized, and had everything needed to feel at home. The neighborhood is quiet, with friendly and respectful neighbors, a | As expected. Perfect place."
E02000493,Havering 030,E09000016,Havering,london,28,0.7851,3.5700000000000003,0.0,96.43,"The property looks, feels and smells like it needed a renovation 25 years ago. Unfortunately, almost every aspect of the property was uninhabitable, from the grimy, sticky walls, worktops and white go | I only stayed for one night, but it was such a great experience. The host was absolutely amazing – so welcoming, friendly, and quick to respond to any questions. The place itself was spotless, comfort | Abbe was excellent. Very responsive- even when i had inadvertently sent him an email at 3am because of the time difference!"
E02000494,Hillingdon 001,E09000017,Hillingdon,london,19,0.8865,0.0,0.0,100.0,"This place was immaculate, absolutely beautiful house and interior design work. Everything was spotless. I took a risk because it had no reviews and loved it. You won’t regret it! I stayed here for 2  | We recently had the pleasure of staying at this stunning four-bedroom house just outside Ruislip in London, and it truly exceeded all our expectations! From the moment we arrived, it was clear that th | Excellent location to walk to small quiet town but easy access to the London Subway.  Nice accommodations as described."
E02000495,Hillingdon 002,E09000017,Hillingdon,london,87,0.8018,0.0,2.3,97.7,"We stayed at Li’s place for 4 nights. The apartment is stylish and surprisingly spacious, though the kitchen/living area feels a bit overcrowded with furniture.<br/>Unfortunately, our first impression | We had a fantastic stay here! The home was spotlessly clean, thoughtfully decorated, and had a really peaceful atmosphere that made it easy to relax. It’s also in a great location—quiet but super conv | Place was perfect for a small family and was close by to shops, restaurants and tubes.<br/>Host was very friendly and communicated well.<br/>thank you"
E02000496,Hillingdon 003,E09000017,Hillingdon,london,24,0.8697,0.0,0.0,100.0,"Lovely host, but be prepared not to have a TV, and only use of a hog to cook food. | I had a lovely night stay for my 25th birthday with my boyfriend. It’s a perfect get away especially for a couple. With the lovely pod, hot tub facilities and amazing views you have all you need for a | Nice clean room on a quiet street. Great night's sleep in a comfy bed."
E02000497,Hillingdon 004,E09000017,Hillingdon,london,24,0.6995,4.17,0.0,95.83,"I could not recommend this flat. It needs yo be cleaned thoroughly,  window lock needs fixing as currently a safety hazard.  Plaster work needs to be addressed. Bathroom needs work as is sub dtandard  | My stay with Dipali was wonderful! I’d come on a bit of a whim, and stayed about a month and she was so warm and accommodating. It was so lovely getting to know her and I’m so glad I was able to stay  | There were some issues with booking through Airbnb but Tudor sort this out and gave us free breakfast."
E02000498,Hillingdon 005,E09000017,Hillingdon,london,4,0.9046,0.0,0.0,100.0,"A very nice place in a quiet area  walkable to Ruislip high street. Easy check in/out and a responsive host. | This Airbnb exceeded my expectations. The space was exactly as described, beautifully maintained, and thoughtfully stocked with essentials. The location was convenient, and peaceful. Communication wit | I was made very welcome <br/>It was a very homely clean home  <br/>They were very communicative and answered all my questions quickly and were very accommodating<br/>I enjoyed my stay very much and wo"
E02000499,Hillingdon 006,E09000017,Hillingdon,london,32,0.8447,0.0,0.0,100.0,"All good. Will stay again. | I had a great experience doing a long term stay at Soraya's house.<br/>The property was as described, it was very clean and beautifully decorated.<br/>Soraya was a wonderful, responsive and approachab | Clean and beautiful house, I recommend to everyone.<br/>Thank you Soraya"
E02000500,Hillingdon 007,E09000017,Hillingdon,london,18,0.9041,0.0,0.0,100.0,"Nice place to stay. She was friendly. | I believe that the 5 most important things to consider as a guest are the bedroom, bathroom, kitchen, cleanliness and the host, and as such, this is my review:<br/>1.  Bedroom: clean with nice decor:  | Lovely room, great host. Easy walking distance from tube station."
E02000501,Hillingdon 008,E09000017,Hillingdon,london,35,0.7694,5.71,2.86,91.43,"If “A picture says a thousand words”, then these ones exaggerate everything.<br/>Not “luxury”, barely basic.<br/>Tv signal rubbish (new aerial provided later), wifi went down and was not fixed. Cupboa | My husband mark and I had a wonderful stay at Daniels motor home. It was a fun play to stay in. Very warm on a cold weekend. Good heating controls. The motor home had everything we needed. Shower was  | Very close to tube station and lovely area. Very clean and homely too."
E02000502,Hillingdon 009,E09000017,Hillingdon,london,33,0.7785,3.0300000000000002,0.0,96.97,"The knifes were full, not many cooking utensils, and only 4-6 of plates and bowls and eating utensils. It made cooking and eating difficult. Bathroom shower was clogged and had to unclog myself.  Over | I had a very nice stay at Sunita’s place. The annexe is attached to the main house but is very private and quiet, especially as there is a little ‘hall’ between the bedroom and the rest of the house.  | Great host, clean room, location 10 min walk to the subway."
E02000503,Hillingdon 010,E09000017,Hillingdon,london,18,0.8278,5.56,0.0,94.44,fridge didn't work and weren't told about this so food was wasted. no washing machine . no curtains in the loft windows. nice bedroom and spacious living area. offroad parking. furniture was sparse bu | Laura’s place was perfect for us. It was comfy and beautifully decorated with a great TV for watching movies and sport. The kids loved their rooms and spent loads of time in the gorgeous garden playin | Amazing stay with amazing people.
E02000504,Hillingdon 011,E09000017,Hillingdon,london,23,0.8623,0.0,0.0,100.0,"All was as described <br/>Perfectly good for a short stay | Julie's place was amazing .  we were right felt as home . Place was super clean with all amenities  ,  some food in the kitchen with spices also & all cleaning products . Everything was like our home  | Very nice and clean flat <br/>Quiet and nice area with a lot of privacy <br/>Street parking and reasonable price<br/>Highly recommend"
E02000506,Hillingdon 013,E09000017,Hillingdon,london,45,0.7667,2.22,4.44,93.33,"The place is in a good location and a good size and convenient parking. Unfortunately the inside of the unit is not in great shape.  The place could do with some better bed mattresses, the downstairs  | Fantastic flat and great host.  Natalie responded quickly throughout - from moment of booking, to check-in and check-out.  Flat is exactly as described, very clean and comfortable.  Perfect location f | Great stay as always. The space has everything you need for a few nights stay 😀"
E02000507,Hillingdon 014,E09000017,Hillingdon,london,18,0.6872,5.56,5.56,88.89,"Very accommodating host, enabled us to access a bit early / drop bags. About a mile to walk to Hillingdon station for Metropolitan line or approx £10 Uber at night to get back, thus served its purpose | We rented this place for one night on a weekend with my family and friends,( there were 12 of us) and it did not disappoint us in terms of space and location. The house is very spacious, plenty of roo | We had a pleasant stay at this Airbnb. Host was very responsive and accommodating for earlier check in, it’s a short walk to a nearby underground station with main lines into central London and it was"
E02000508,Hillingdon 015,E09000017,Hillingdon,london,91,0.8133,1.0999999999999999,1.0999999999999999,97.8,"For us, the stairs was a bit of a chore because having a bad back and my husband's knees was a bit of a pain especially carrying luggage,<br/>which is to be expected.<br/>But all in all it was a pleas | It is a great place to stay. New, Nice, calm, clean and beautiful. The host is kind, friendly, best communicator, responsive and supportive. The home has all the facilities available to have a great a | Stayed here before, lovely place and location. Fantastic host as always"
E02000509,Hillingdon 016,E09000017,Hillingdon,london,99,0.7127,7.07,2.02,90.91,"Rajpal didn't let me know that she was in India in advance so when I turned up at the house, she was not in and I tried to call her on her mobilephone but she did not pick up. Istarted to get worried  | Wow what an incredible experience! From the very beginning when booking the stay up to after we had left, Amelia was the most perfect host. She could not be more helpful and so lovely and friendly too | The location was very good for me. The host was good"
E02000510,Hillingdon 017,E09000017,Hillingdon,london,79,0.6947,6.329999999999999,3.8,89.87,"We are not people who believe in leaving negative reviews however feel this property should come with a WARNING for future tenants!<br/>The property was advertised as a “studio apartment” however was  | Words cannot express how caring, kindhearted,friendly, sociable and considerate Jennifer is..This was my 1st experience with airbnb but i did not need to be nervous as the moment I met Jennifer I knew | Easy access and helpful instructions"
E02000511,Hillingdon 018,E09000017,Hillingdon,london,23,0.7348,0.0,0.0,100.0,"The location of the property was great for what we required. The bed was low, which we had issues with as we both have back problems. The property met our needs for the time we were there. | Had a really lovely stay! Muhammad was super kind and easy to communicate with, he made everything smooth from the start. The place is exactly as shown in the photos: clean, cozy, and peaceful. It’s i | Amazing 3 night stay at Judith's and couldn't recommend it more, she is an excellent host!"
E02000512,Hillingdon 019,E09000017,Hillingdon,london,59,0.7424,0.0,3.39,96.61,"Quiet place to stay with lots of shops and park nearby | Amazing property, very clean with excellent amenities. The stay in the house was a memorable experience for me. Lovely and warm, great host who will do anything to help. Superb property and everything | Calm and beautiful"
E02000513,Hillingdon 020,E09000017,Hillingdon,london,18,0.7334,5.56,0.0,94.44,"unfortunately on this occasion, Abbey had to cancel our booking last minute on the day we were all already travelling to London, so needed somewhere else to stay. unfortunately it too Abbey a while to | The room was clean and cozy. Claire is lovely, helpful and welcoming host. The place was cleaned all the time and if someone likes cooking the place has got all the kitchen utensils required. Also peo | great host had such a fun time."
E02000514,Hillingdon 021,E09000017,Hillingdon,london,14,0.7425,7.140000000000001,0.0,92.86,"It was a nice sized house n spacious with a nice kitchen and decent rooms however it was really dirty and had only been surfaced cleaned  there was maintenance needs doing with things broken ie tv sta | Everything was as perfect as it seemed online. Mihir is the most thoughtful, friendly, easy going, and gracious host.<br/>He provided me with all the information I needed and made me feel at home. He  | For the price - it is not the worst buut some people might be disturbed. When we first entered all you could notice was the weird smell of the apartment,  the oven and other electric equipment was pre"
E02000515,Hillingdon 022,E09000017,Hillingdon,london,118,0.7757,4.24,0.8500000000000001,94.92,"We booked Sebastian's place way in advance for our son and daughter in law to stay the night before their departure at Heathrow airport. They were arriving by public transportation and by walking. So  | I recently stayed in this lovely double room near Heathrow airport, and I was thoroughly impressed with my experience. The room is freshly renovated that exudes warmth and character. From the moment I | This was one of the best Airbnb experiences till date. The place felt just like home with all the needed amenities and fully loaded kitchen.<br/>Enjoyed our stay with Sebastian."
E02000516,Hillingdon 023,E09000017,Hillingdon,london,27,0.7437,0.0,3.6999999999999997,96.3,"An ordinary urban/suburban London neighborhood | Fantastic stay for our work trip! The accommodation was great — clean, comfortable, and exactly what we needed. Our team was very pleased. The host was incredibly responsive and provided all the neces | What a lovely host. Very attentive and genuine, would highly recommend staying with Sabrina."
E02000517,Hillingdon 024,E09000017,Hillingdon,london,16,0.8047,6.25,0.0,93.75,"Door was not locking <br/>No key for the room <br/>Very disappointed experience <br/>Room was messy too | I had a fantastic stay here! The hosts were so kind and welcoming, and they made sure I had everything I needed throughout my visit. The bedroom and bathroom were spotless and very comfortable, which  | always a good place to stay. happy to go there again and again in the future!"
E02000518,Hillingdon 025,E09000017,Hillingdon,london,48,0.7528,2.08,4.17,93.75,"Extremely disappointed | Best Host Ever. Seriously. Onyi made our stay better than we could've ever imagined. This was our first time to London, and we were only there for the night - but Onyi helped us the entire way: she fo | Thank you for a lovely stay"
E02000519,Hillingdon 026,E09000017,Hillingdon,london,38,0.7876,0.0,2.63,97.37,"I feel  home from day one. near to city centre and restaurants | I had a wonderful stay at this lovely apartment in Hayes! The place was exactly as described—clean, modern, and very comfortable. It had everything I needed for a relaxing and hassle-free stay, includ | Manjit was Great, proactive , she called few times to make sure we are ok, before , during and after the stay. Lots of resturant and shopping centre within walking distance. No need to mention drive f"
E02000520,Hillingdon 027,E09000017,Hillingdon,london,69,0.7192,5.800000000000001,1.4500000000000002,92.75,"Raj was very polite and responsive, and he provided the Wi-Fi details promptly. There is parking available, and the self check-in process was convenient.<br/>However, there were a few things during my | **Review for Gabriel's Airbnb Accommodation**<br/>I recently had the pleasure of staying at Gabriel's Airbnb, and I couldn't have asked for a better experience. The room was beautiful, cozy, and metic | Good ! Nice room"
E02000521,Hillingdon 028,E09000017,Hillingdon,london,162,0.7365,3.09,1.23,95.67999999999999,"The bed was absolutely dreadful, I was being able to feel the springs coming out of the bed. Woke up with a sore back, the bed is the worse bed I’ve ever slept on. This kind of bed should not be allow | This is a large one bedroom apartment located on the 3F with lift and easy access to parking and secure key fob access at the entrance. Initially I booked Sabrina's place for only 8 nights,  but exten | sabrina was an excellent host and her space provided everything I  needed it was like going to home  from home to home."
E02000522,Hillingdon 029,E09000017,Hillingdon,london,84,0.7033,2.3800000000000003,4.760000000000001,92.86,"Shortly after check-in, I attempted to use the shower and found immediately that all of the water in the bathroom started and stopped. When the taps were turned on, the water would run for about 2 min | From the moment my friend arrived, the hospitality was outstanding. The host was incredibly welcoming, responsive, and went above and beyond to make sure everything was perfect. The place was spotless | It was very clean and Marcus was very responsive and approachable"
E02000523,Hillingdon 030,E09000017,Hillingdon,london,135,0.7426,1.48,2.96,95.56,"Beware of this airbnb, the mattress was covered in disgusting stains and when we tried to flip it over, underneath the bed was a thick layer of dust and dirt, not only that, there were condoms too. Th | To begin with the host was very responsive during communication phase of booking. Coming from the US I cannot stress enough how awesome my stay was for two weeks. I had no idea of where I was going bu | Nice place. Feeling at home.Very welcoming."
E02000524,Hillingdon 031,E09000017,Hillingdon,london,204,0.6237,7.35,2.94,89.71000000000001,"Our experience at this property was deeply upsetting. The room was in appalling condition—not cleaned at all, with carpets covered in construction dust that emitted clouds with even the slightest tap. | I had a great stay with Shem. She was so lovely and so accommodating the whole time of my stay. I got lost on the way as I was unsure with directions but she was there straight away to help over the p | Great hospitality"
E02000525,Hillingdon 032,E09000017,Hillingdon,london,165,0.7369,4.24,1.82,93.94,"Great place to stay unfortunately I got the worst guests in other rooms which made my day and night awful. | The room is quite small but perfectly clean, with new furniture, a comfortable bed and a clean bathroom. We needed to stay in London for one night while waiting for a flight and for that purpose the a | It is a great stay.  We would definately book again. Highly recommended."
E02000526,Hounslow 001,E09000013,Hammersmith and Fulham,london,4,0.9581,1.96,0.65,97.39,"The accommodation was not available on arrival (fully booked) after I had paid for it and confirmed the booking. The host did not respond to me at all when I was asking for information. Had to go to t | It's the most fairytale house we've ever lived in and it's a wonderful memory！It was our first stop in the UK. The house was located in a very beautiful and peaceful street and we enjoyed a quiet and  | Property is a suite in a Best Western Hotel. Everything matched the description. Great location and within easy walking distance of bars, restaurants, underground etc. The host didn't respond to a sin"
E02000526,Hounslow 001,E09000018,Hounslow,london,149,0.837,1.96,0.65,97.39,"The accommodation was not available on arrival (fully booked) after I had paid for it and confirmed the booking. The host did not respond to me at all when I was asking for information. Had to go to t | It's the most fairytale house we've ever lived in and it's a wonderful memory！It was our first stop in the UK. The house was located in a very beautiful and peaceful street and we enjoyed a quiet and  | Property is a suite in a Best Western Hotel. Everything matched the description. Great location and within easy walking distance of bars, restaurants, underground etc. The host didn't respond to a sin"
E02000529,Hounslow 004,E09000018,Hounslow,london,24,0.7172,4.17,12.5,83.33,"Everything was fantastic but if you have a SUV car it might be difficult to park at premises though you have street parking too | Title: Cozy and Hospitable Airbnb Stay<br/>I had a wonderful stay at this Airbnb. The place was clean, beautifully decorated, and well-equipped with everything I needed. The bed was comfortable, and t | Perfect spot for coming and going from Heathrow. It's about a 15 min car ride to Heathrow and is equipped with all conveniences. The host is responsive. The place itself was clean, the AC was very goo"
E02000530,Hounslow 005,E09000018,Hounslow,london,17,0.8011,0.0,0.0,100.0,be there you will feel at home with Taara maam she cooks so well and cleaniness is so much at her house | I was a wreck when I arrived at Tara's place but all that evaporated immediately in the warmth of her welcome.  She is a very interesting person and under different circumstances I would have enjoyed  | The host is very thoughtful. Provides great food when she cooks for you. She provided a little tour of the surrounding area. Just an awsome host overall.
E02000531,Hounslow 006,E09000018,Hounslow,london,182,0.8112,3.3000000000000003,1.0999999999999999,95.6,"Everything wasn't great, thank you. | I stayed at Iain's for a night and i am so glad i found this place last minute. It is a beautiful bright and airy as well as big flat. Being on the 5th floor it has great views and i was lucky to arri | Amazing location! We enjoyed a lot to come and rest after whole busy day in city center. Arleta helped us a lot with all practical things about travelling and sightseeing in London."
E02000532,Hounslow 007,E09000018,Hounslow,london,151,0.8909,0.66,0.66,98.68,"We arrived in London very late. Got an Uber to the location we had booked. It was a disaster!  Unsanitary, unsafe and a very unpleasant experience. It was so bad we could not stay. We found Charlotte’ | Syarifah’s beautiful home was perfect! We truly enjoyed the week we spent there - from the beginning to the end. Syarifah was helpful before we even arrived through emails and we were personally welco | A great place to stay, exceptional service and an amazing host. It was home away from home, I'll definitely be back soon👍👍👍"
E02000533,Hounslow 008,E09000018,Hounslow,london,111,0.9013,0.0,0.8999999999999999,99.1,"See you next time | We had the most wonderful stay at Sofia’s beautiful home. It is full of charm, so comfortable, and thoughtfully equipped with everything a family could need. The space itself is lovely and welcoming,  | I bothered with the first Airbnb booking for a long time.  But now I have my first experiences and that with Nicola.  I could not have done better.  Your little loft is so cozy and tastefully decorate"
E02000534,Hounslow 009,E09000018,Hounslow,london,121,0.7136,5.79,1.6500000000000001,92.56,"I booked this apartment because the listing clearly showed check-in at 8:00 AM. However, after booking, I was told the check-in was actually 3:00 PM. I had no option to cancel due to their strict no-r | I had the most wonderful stay in this beautifully curated space! The calming tones and thoughtful touches throughout truly made it feel like a sanctuary. The bed and linens were incredibly comfortable | Bharat is a nice host and a very helpful person."
E02000535,Hounslow 010,E09000018,Hounslow,london,36,0.7877,2.78,0.0,97.22,"Everything was very good over all, but the pots and other dishes were very dirty upon arrival and covered in grease and the stove was as well | Carla was a great host! I booked this place on both a budget and somewhat last minute, but was still able to have a great time and receive an amazing stay. The location could have been better, a bit f | It was a great air bnb place. I liked it a lot."
E02000536,Hounslow 011,E09000018,Hounslow,london,59,0.7781,1.69,0.0,98.31,"The room was renovated and accessible to shops, underground transport and road transport. <br/>I was just disappointed about the dust, hair and unclealiness. | Dr. Atmakur is an English gentleman and we were grateful to be hosted during our first visit to London.  <br/>Since it only gets dark here at late night like 10:30-11pm in summer time, one would feel  | Staying at this place was wonderful! Reliable, trustworthy people with a spotless house. Can't recommend enough!"
E02000537,Hounslow 012,E09000018,Hounslow,london,75,0.8254,0.0,0.0,100.0,"Value for money and close to tube station | I don’t usually go for a stay in London.. but this time around I brought my friend and a place in the city is a must. Gladly to say that I found Ollie’s place with good location in zone 4 and just a 5 | Hello, we had a lovely time staying at this Airbnb. The location is about a 5 minute walk from the lovely Osterly Park and Osterley Tube station, with a direct link to Central London and Heathrow Airp"
E02000538,Hounslow 013,E09000018,Hounslow,london,41,0.7353,7.32,0.0,92.67999999999999,"11 of stayed for 18 days. Spent £5400 plus £200 additional cleaning fee. They still charged us £43 extra at the end for cleaning as they said we left the place messy. It’s very inconsiderate of them a | Our stay was very comfortable! Adeel was extremely friendly and always ready to help whenever we needed. He even dropped us off at the main road a few times, which was so thoughtful. The house itself  | I enjoyed my stay with Adeel :)"
E02000539,Hounslow 014,E09000018,Hounslow,london,105,0.8423,1.9,0.95,97.14,"From beginning, she connected my phone to 2.4 instead of 5G wifi! (5G was clearly mentioned in Airbnb email).<br/>From the second or the third day, I noticed that she started to switch off the wifi ro | I recently had the pleasure of staying in this lovely apartment in Isleworth, and I must say, it was a truly exceptional experience. The apartment was spotlessly clean, well-furnished, and fully equip | My stay at Tariks place was amazing!<br/>I was feeling like a home, Tarik was providing me with all necessary things and was always helpful and kind.<br/>I would definitely come back again!"
E02000540,Hounslow 015,E09000018,Hounslow,london,98,0.8199,2.04,1.02,96.94,"Really bad smell throughout cabin, I suspect from macerator. Was unable to get rid of smell from bedding, sofa etc even with windows and doors open all night- which isn’t ideal in the middle of winter | Staying at Carmen’s will tick every box.  Everything needed was provided; spare bed sheets, towels, plates, pots…everything. You feel at peace every time you enter the house. It’s open, slick, organis | Great host. apartment just as described. one of the nicest airbnb apartments that I've stayed in around the world. Cozy, with all amenities you could want, close to the tube station."
E02000541,Hounslow 016,E09000018,Hounslow,london,28,0.6957,7.140000000000001,3.5700000000000003,89.29,"On the whole, Colin seem a decent guy. However the room was bare,  the photos an discription was not what we had booked or expected. Their wasn't any toilet roll provided upon arrival an the cleanline | I  had a wonderful experience at Alishan place, she was was incredibly welcoming and made me feel right at home from the moment I arrived. The room was clean and comfortable, and I had everything I ne | Thanks for a good stay, Sheena."
E02000542,Hounslow 017,E09000018,Hounslow,london,57,0.7857,0.0,0.0,100.0,For the price worth the stay | Ruwan and his fantastic lovely wife are the best bost ever I met. They re very kind to me. And the house is unbelievable perfect in everything. Especially their bed is another level. It's very quiet a | Great accommodation. Helpful landlord
E02000543,Hounslow 018,E09000018,Hounslow,london,109,0.7977,2.75,0.9199999999999999,96.33,"The entire renting room is at the top where the heating machines are located. That makes the room extremely hot since there is no air conditioner. The quilt on the bed is dirty! | The stay was amazing. The flat was clean, well decorated and had pretty much everything that I needed. I really loved the kitchen, was spacious and had all the amenities. The living area was very comf | Great communication and fab location for Twickenham"
E02000544,Hounslow 019,E09000018,Hounslow,london,44,0.8784,0.0,0.0,100.0,"Highly recommend, look forward to staying again . | Angela is truly the loveliest of hosts- I am so very grateful to her for accommodating my last minute booking & late check in when I needed a place to stay after a flight change. She greeted me warmly | The place is just as how it looks on the photos. Its clean with all the right stylish touches. Not far from Hounslow Central station. Very kind and generous host!"
E02000545,Hounslow 020,E09000018,Hounslow,london,89,0.8597,1.08,0.0,98.92,"The room was quiet dusty. The mattress had just a cover but no sheets. The pillows may need ventilation or Febreeze to freshen them up. The shower was really disappointingly DIRTY. The sink was terrib | I’m so glad I discovered Lucy’s peaceful, lovely home in the wonderful neighborhood of Isleworth. Not only is the location a walk away from Richmond, the home itself is an oasis of calm and thoughtful | Fantastic place to stay. Very cosy and Lark is very welcoming. Highly recommended!!"
E02000545,Hounslow 020,E09000027,Richmond upon Thames,london,4,0.947,1.08,0.0,98.92,"The room was quiet dusty. The mattress had just a cover but no sheets. The pillows may need ventilation or Febreeze to freshen them up. The shower was really disappointingly DIRTY. The sink was terrib | I’m so glad I discovered Lucy’s peaceful, lovely home in the wonderful neighborhood of Isleworth. Not only is the location a walk away from Richmond, the home itself is an oasis of calm and thoughtful | Fantastic place to stay. Very cosy and Lark is very welcoming. Highly recommended!!"
E02000546,Hounslow 021,E09000018,Hounslow,london,41,0.8459,0.0,0.0,100.0,good location for the airport at Heathrow | An amazing host with great hospitality. Raeesah was very attentive and caring from before we checked in till we checked out.<br/>Our stay was very homely. The entire property was clean and complete. V | had a great stay in a great room will book again.
E02000547,Hounslow 022,E09000018,Hounslow,london,81,0.6779,8.64,2.4699999999999998,88.89,"Worst Airbnb experience ever!!!!! <br/>Really poor communication. The ‘’service’’ provided was completely awful and very stressful!<br/>Once I’ve made the reservation, they’ve said in order to receive | Sophia is a fantastic host. Great communication and extremely helpful and friendly. Ground floor flat was just as described with decent size off road secure parking space. Spotlessly clean. Comfortabl | Thank you Simone you are very nice."
E02000548,Hounslow 023,E09000018,Hounslow,london,61,0.8438,1.6400000000000001,0.0,98.36,"I don’t know how other voted this high, because the property was nothing like in the pictures. I booked this place so I could enjoy with my family as it has a garden. But no!! The garden was exactly l | Excellent place to stay near to Heathrow Airport. Well described clear instructions from Ellen. Felt just like my home, friendly and welcoming. An ideal place to recommend and a place to look at first | Sai is very helpful and glresponsive . The studio was very clean and nice . i will return back again ."
E02000549,Hounslow 024,E09000018,Hounslow,london,96,0.8012,4.17,1.04,94.78999999999999,"The property is well situated on the outskirts of London, good transport links closeby. The property itself wasn't clean, had a major safety issue outside, a grid that was broken, close to the main en | I had such a great stay at Marcela’s home.<br/>The room was spacious, super clean, and beautifully done. The host was lovely, she made me lovely coffee with fresh fruit in the morning. The whole place | The property was ideally suited & sited for our work requirement. Plenty of room in the property, clean with good facilities."
E02000550,Hounslow 025,E09000018,Hounslow,london,36,0.7755,0.0,2.78,97.22,"I felt so much at home here that I forgot to go home. | Great location, perfect accommodation, cosy, quiet, perfect for a nice wee getaway. Instructions were super clear and easy to follow, host was kind and friendly in messages! Free parking in surroundin | Excellent!!<br/>Quiet, clean, and good location.<br/>All was perfect!!!<br/>Thanks Jaz"
E02000551,Hounslow 026,E09000018,Hounslow,london,38,0.8551,0.0,0.0,100.0,"A home away from home and fully stocked with things like shower gel and teabags. Very handy and cozy | Mark is an amazing host and his place is definitely a really good deal for what truly is. He made sure everything was clean and nice during my stay, always communicated well and even gave good tourist | My last stay in London. Jacob allowed early check in and late checkin according to my flight time. he responded flexibly to inconveniences and cared for me to stay comfortable so much. Although the Ho"
E02000552,Hounslow 027,E09000018,Hounslow,london,49,0.8171,0.0,2.04,97.96000000000001,"Quiet and cozy. Plenty of parking if you have a car. | I had an amazing two-week stay at this Airbnb! The place was clean, comfortable, and exactly as described. The host was incredibly welcoming and responsive, making sure I had everything I needed throu | A perfect place to stay for a single traveler. Room was comfortable and spacious. Privacy and door locks worked well."
E02000553,Hounslow 028,E09000018,Hounslow,london,5,0.4733,20.0,0.0,80.0,"Comfortable, pleasant stay with no real highs or lows. Only a shame that the Wifi didn't work, I hope they can get it fixed. | Loved staying here, all new and clean. Great to have parking too. All the equipment in the kitchen was great and the room was big and warm. Lovely powerful shower. <br/>Had trouble getting the tv to w | Great stay!"
E02000554,Islington 001,E09000014,Haringey,london,3,0.6679,2.92,1.46,95.62,"I usually don't write reviews but I felt like I had to here. Host was responsive and friendly and the location was easy to find. But the airbnb was dirty and sticky and it smelt bad. The bed was so sm | Stepping through Ann's door, the many large windows, excellent light and personal touches immediately charmed and eased us into vacation mode after a long overseas journey. Ann leaves a lovely breakfa | Only stayed for a night! Good location near Archway station. <br/>No heating as mentioned only a fan in the living room. Would definitely need heating especially winter months."
E02000554,Islington 001,E09000019,Islington,london,134,0.8118,2.92,1.46,95.62,"I usually don't write reviews but I felt like I had to here. Host was responsive and friendly and the location was easy to find. But the airbnb was dirty and sticky and it smelt bad. The bed was so sm | Stepping through Ann's door, the many large windows, excellent light and personal touches immediately charmed and eased us into vacation mode after a long overseas journey. Ann leaves a lovely breakfa | Only stayed for a night! Good location near Archway station. <br/>No heating as mentioned only a fan in the living room. Would definitely need heating especially winter months."
E02000555,Islington 002,E09000019,Islington,london,152,0.8344,1.32,1.32,97.37,"The check-in is easy, the host text back fast. The problems starts with the stairs, is not on a second floor but after a lot flight of stairs. Be prepared to walk 15 mins maximum if you wanna reach an | My family of 5 and I had a wonderful stay here. The place is homey but also very stylish! We loved the decor- and the cherry on the cake was the swing in the dining room. Oh how my kids (and I) enjoye | Spacious house, great location, lovely host"
E02000556,Islington 003,E09000019,Islington,london,272,0.8295,1.8399999999999999,1.0999999999999999,97.06,"Very close to the station, bars, restaurants, supermarkets. It was very clean. Basic kitchen tools are equipped. <br/>But it’s not a very safe neighborhood. We witnessed many fights during our stay ju | I am not even sure where to start this review! I have been an avid Airbnb user since 2012 and have stayed in many places throughout Europe, USA, South America, but this has really been my best experie | We were welcome by Eerke. He is very discrete and always responsive.<br/>There is much space. We were 6. The bedrooms are spaceful and beds are comfortable.<br/>The house is 10 min walk from the Under"
E02000557,Islington 004,E09000019,Islington,london,217,0.8536,0.9199999999999999,1.38,97.7,"This place had great reviews but unfortunately was awful, it was not clean at all and the bathroom is an absolute disgrace. We had no hot water for 2 days and the apology of a shower had no cold suppl | I stayed at Sedat’s place for 8 nights and found the location ideal for the areas I needed to visit. Check-in was easy with keys in a coded box next to the front door. The house has 5 rooms, 2 bathroo | Gina is really nice and friendly when I checked in. Andrea always replied the questions that I had. It’s really recommend to rent this place for travelling. Only 5 mins from the Northern line train st"
E02000558,Islington 005,E09000019,Islington,london,180,0.771,4.44,1.11,94.44,"Absolutely horrible experience would not tell anyone to rent this particular airbnb<br/>Not as in the picture.  No lights in the bedroom ! This place needs immediate attention and not worth the money! | Very nice spacious apartment, 3 rooms ,  cozy beds. Pictures exactly reflect how it looks. Basic but you get all you need for your stay. Great for families.  Easy to find, smooth check-in and check-ou | Barbara was very friendly. <br/>Place is cozy and peaceful."
E02000559,Islington 006,E09000019,Islington,london,202,0.8032,2.97,0.9900000000000001,96.04,"This Airbnb has been one of the worst I have ever stayed in, especially compared to others in different countries. Here are the reasons:<br/>Unsafe Neighborhood: The area around this Airbnb does not f | From the easy arrival process everything was great. The house was lovely and totally accurate to the description and photos. It worked perfectly for my husband, Mother and me. Gave us all a good level | Quiet first floor apartment as described. Helen communicated well. Walk from Arsenal station on Picadilly line felt better at night than the walk from Finsbury Park (Picadilly & Victoria lines).  Wifi"
E02000560,Islington 007,E09000019,Islington,london,295,0.8017,1.69,1.3599999999999999,96.95,"This is seedy student housing, misrepresented, and outrageously overpriced. On entering the room, the first site was the broken blinds with missing slats, splayed diagonally across the window, and dan | I had a wonderful stay at this flat. The place was clean, stylish, and exactly as described in the listing. The location was perfect , quiet but still close to shops, transport links, and great local  | Really confortable flat in quiet street minutes away from lots of shops and amenities. Also close to transport links to city centre. Dylan is really friendly and accommodating. We had a wonderful time"
E02000561,Islington 008,E09000019,Islington,london,163,0.8396,2.45,0.0,97.55,"Travelnest doesn’t do much communication at all but I got an email to someone who assumingly owns the place, who gave me check in details. I was disappointed that there were negotiations re extra pric | We had the most delightful stay at this charming Airbnb! From start to finish, everything was perfect. The space itself is cozy, beautifully decorated, and filled with thoughtful touches that made us  | I’ve never experienced a better Airbnb room, the privacy, ease of access, and hospitality are top tier! Bonus points for the hosts sweet dog Ty!"
E02000562,Islington 009,E09000012,Hackney,london,4,0.9165,1.08,1.08,97.84,Firstly thank you Airbnb for your support to help me hold Jeremy accountable as a terrible host. Thank you for assisting me in getting a refund for the unused nights as well as for the inconvenience o | We had a wonderful stay for three weeks in London. Fabulous location super easy to get around London on the tube and buses but also next to a great park and close to Stoke Newington across the park. W | Very responsive and accommodating. Enjoyed liaising with Nick who was most gracious
E02000562,Islington 009,E09000019,Islington,london,181,0.8735,1.08,1.08,97.84,Firstly thank you Airbnb for your support to help me hold Jeremy accountable as a terrible host. Thank you for assisting me in getting a refund for the unused nights as well as for the inconvenience o | We had a wonderful stay for three weeks in London. Fabulous location super easy to get around London on the tube and buses but also next to a great park and close to Stoke Newington across the park. W | Very responsive and accommodating. Enjoyed liaising with Nick who was most gracious
E02000563,Islington 010,E09000019,Islington,london,250,0.7907,5.2,0.4,94.39999999999999,"bedrooms and lounge are were well decorated. would need to us bus to get to tube station just took a little while to work out.<br/>I was very disappointed with courtyard, I had booked this place as th | Robin was an excellent host. His communication with us was wonderful. Not only did he reply quickly, but he created a solid cheat sheet of information for anyone that was going to stay in London (Its  | Great place thanks for having me, will stay again"
E02000564,Islington 011,E09000019,Islington,london,401,0.8069,2.4899999999999998,1.0,96.50999999999999,"I booked this for 2 nights for both my sister and my daughter to attend a concert. They ended up checking out the following morning and paying to book into a travel lodge!!!! The room was not what is  | We stayed at Christiane's place for 11 days and it was among the best Airbnb experiences I have had. She is super friendly and helped us in every way during our stay. The place is amazing with a beaut | Great place to stay, close to Holloway Road tube station. <br/>Local Co-Op very handy and cute little cafe - ‘ The Little Wonder’.<br/>Definitely would stay again.<br/>Regards <br/>Paul"
E02000565,Islington 012,E09000012,Hackney,london,4,0.8437,1.7999999999999998,0.36,97.84,"Hands down the worst stay I've had. Between the construction noise and street noise as audible as if your window was open, I could barely get any sleep. On top of that, so many things were frustrating | This was one of my favourite Airbnb experiences. I needed to stay somewhere in my own city as I was having renovations done, so I knew the area well that Jules and Tim’s house is in. It’s a great base | Thank you for being great hosts. Very helpful."
E02000565,Islington 012,E09000019,Islington,london,274,0.8669,1.7999999999999998,0.36,97.84,"Hands down the worst stay I've had. Between the construction noise and street noise as audible as if your window was open, I could barely get any sleep. On top of that, so many things were frustrating | This was one of my favourite Airbnb experiences. I needed to stay somewhere in my own city as I was having renovations done, so I knew the area well that Jules and Tim’s house is in. It’s a great base | Thank you for being great hosts. Very helpful."
E02000566,Islington 013,E09000019,Islington,london,249,0.8436,1.2,1.2,97.59,"The place was OK and needs updating.  Paid £280 per night so expected more. <br/>The main issue is the stairs. Very dangerous as they are steep and shallow. not good if have leg issues or old this was | Me and my sister had the most wonderful stay here. We wouldn’t normally stay in a shared house when booking through Air BnB, but after having read the reviews that you have your own floor and the host | Clean and spacious apartment. Well located. Good value."
E02000567,Islington 014,E09000019,Islington,london,386,0.845,1.55,1.04,97.41,"Book at your own peril. | We had a wonderful stay at Liam’s flat for our trip to see Beyoncé! As a queer trio visiting London, we were looking for somewhere safe, welcoming and comfortable — and this space gave us all that and | Great place and would be happy to stay again!"
E02000568,Islington 015,E09000019,Islington,london,383,0.7961,2.6100000000000003,1.31,96.08,"This is the worst airbnb experience in my life.<br/>1. Check in time does not match as listed. So we readjusted schedule in order to accommodate the host.<br/>2. Host is unresponsive and instructions  | WOW! Fantastic stay at this place! So much attention to detail – it really felt like a home. The space was generous and beautifully decorated, with thoughtful touches everywhere. We loved the lovely l | We had a great time, the area was safe and there where groceries stores near by. The only inconvenient was the Internet that was working a bit slower and the tv that didn't had signal from time to tim"
E02000569,Islington 016,E09000019,Islington,london,277,0.8269,1.81,0.72,97.47,"Worst Airbnb we have stayed in.  Checked in, no heat, took 3 days to repair (when temps dipped to 7-8 C).  Broken radiator, took 2 days to repair.  Never repaired broken windows (VERY loud noise from  | If you're looking for an Airbnb in London, you must book Jonathon and Joel's flat.<br/>Jonathon and Joel provided a comfortable, clean, luxurious, and beautiful stay in the heart of London. Here are a | good place in Islington, easy to move around, lots of transport means, I had good time watching Beyoncé."
E02000570,Islington 017,E09000019,Islington,london,281,0.8318,1.78,2.1399999999999997,96.09,"Even if we didn’t meet him, Rob was very nice and helpful.<br/>His studio is well situated in visit East London.<br/><br/>However the studio is very damp and smells of dampness which is unhealthy a | We were two families (4 adults and 3 kids total) and Pip's place was not only spacious and the perfect place to rest and gather, it was even more special than the pictures suggest (and they are lovely | The location was is good, it’s not too far of a walk from the central station (kings cross).  The place itself was nice, the amenities were good and the desk was good for me to work at.  <br/>The issu"
E02000571,Islington 018,E09000019,Islington,london,266,0.8313,2.63,1.13,96.24000000000001,"I would talk about our stay, but we would have to be let in first to even be able to discuss it. <br/>20 minutes before our check in to the  Airbnb we were met with a distressing call from our host Ne | I had a really nice time at Jessica’s place!<br/>First of all, about Jessica. She is such a warm person with so much positive and vibrant energy. Jessica made me feel very welcome; she was extremely a | Thanks for having us Shlome. Appreciate good contact with you!"
E02000572,Islington 019,E09000019,Islington,london,439,0.7835,3.64,1.37,94.99,"Staying at Marianne's place was DISMAYING and the description is WILLFULLY MISLEADING! The place is a derelict house (windows broken and impossible to properly open or shut) in an awful hygienic condi | Jin’s place was very good and comfortable to stay. It was the last minute of booking, but thank god I was very lucky to come across his apartment. Very very clean and well managed apartment. The ameni | Nice quiet room with really lovely kitchen"
E02000573,Islington 020,E09000019,Islington,london,569,0.8307,2.46,0.35000000000000003,97.19,"In short, it’s a scam. <br/>I left the house right after I checked in because the condition is TERRIBLE AND UNACCEPTABLE. <br/>I asked for a refund but no reply from the host after one week! The host  | My mum decided on a last minute visit to London so we booked Jill's airbnb for her. Mum was honoured to be Jill's first airbnb guest. She's a super lovely and thoughtful host and her flat is gorgeous  | The unit is even nicer than the photos. Good access to public transportation. I wish we could have stayed longer!"
E02000574,Islington 021,E09000007,Camden,london,3,0.5706,3.1300000000000003,1.81,95.06,"The positive is location and Russell said we could take an extra hour to check out on my request. <br/>Neg - Itwas unclean, floors were sopping wet. Mop + smelly dirty water left in the toilet. <br/>T | Well, everything was as presented and even more: perfect location, close to everything but in a quiet neighborhood, beautiful flat decorated with unique character and imagination, adding its special f | All in all, I was very fine with the Airbnb appartement at King's Cross.<br/>Train station is only 5 minutes away.<br/>The only contra I have, the WiFi and the internet connection was down for nearly "
E02000574,Islington 021,E09000019,Islington,london,827,0.7716,3.1300000000000003,1.81,95.06,"The positive is location and Russell said we could take an extra hour to check out on my request. <br/>Neg - Itwas unclean, floors were sopping wet. Mop + smelly dirty water left in the toilet. <br/>T | Well, everything was as presented and even more: perfect location, close to everything but in a quiet neighborhood, beautiful flat decorated with unique character and imagination, adding its special f | All in all, I was very fine with the Airbnb appartement at King's Cross.<br/>Train station is only 5 minutes away.<br/>The only contra I have, the WiFi and the internet connection was down for nearly "
E02000575,Islington 022,E09000001,City of London,london,14,0.622,2.3,1.2,96.5,"The images on Airbnb are relatively accurate but quite out of context. <br/>The apartment is an ex government housing block with some adjacent units occupied by tenants with unsavoury habits. Loud arg | I had a wonderful stay at Natalia‘s Airbnb! The room and bathroom were exceptionally clean, and the bedroom was not only quiet but also well-heated. The thoughtful touch of providing tea, coffee, and  | This was a great location.<br/>Check in was easy, the place was clean, and the host was quick to respond.<br/>No complaints for me!"
E02000575,Islington 022,E09000019,Islington,london,901,0.8094,2.3,1.2,96.5,"The images on Airbnb are relatively accurate but quite out of context. <br/>The apartment is an ex government housing block with some adjacent units occupied by tenants with unsavoury habits. Loud arg | I had a wonderful stay at Natalia‘s Airbnb! The room and bathroom were exceptionally clean, and the bedroom was not only quiet but also well-heated. The thoughtful touch of providing tea, coffee, and  | This was a great location.<br/>Check in was easy, the place was clean, and the host was quick to respond.<br/>No complaints for me!"
E02000576,Islington 023,E09000012,Hackney,london,5,0.9347,4.24,1.02,94.74000000000001,"Unfortunately i'm not going to be able to leave a good review for Samuel and I cannot recommend this property. <br/>Here are the basic facts:  <br/>1. Overall the property was extremely unsanitary whe | Our stay was very positive. From the moment we arrived, we could tell we'd made a good choice. The apartment is spacious, which was great for our family, giving everyone room to relax. We also appreci | Don’s place meet our expectations. It is clean , new and looks the same as the photos. Thank you Don for allowing us to have early check in . Waitrose downstairs is a plus and very convenient. The tra"
E02000576,Islington 023,E09000019,Islington,london,584,0.7837,4.24,1.02,94.74000000000001,"Unfortunately i'm not going to be able to leave a good review for Samuel and I cannot recommend this property. <br/>Here are the basic facts:  <br/>1. Overall the property was extremely unsanitary whe | Our stay was very positive. From the moment we arrived, we could tell we'd made a good choice. The apartment is spacious, which was great for our family, giving everyone room to relax. We also appreci | Don’s place meet our expectations. It is clean , new and looks the same as the photos. Thank you Don for allowing us to have early check in . Waitrose downstairs is a plus and very convenient. The tra"
E02000577,Kensington and Chelsea 001,E09000020,Kensington and Chelsea,london,265,0.822,3.02,0.75,96.23,"AVOID - this was easily the worst place I've ever stayed (on AirBnB or otherwise). The accommodation was disgusting and shouldn't be on this platform - it was dirty, cluttered, and generally run down. | Agathe was  a great host! She and her co host Joaquin were very friendly, kind and accommodating. The communication with Agathe was very good. She responded quickly, answered all my questions and help | Nice flat, I felt at home. complete flat, good location and easy access to everything"
E02000578,Kensington and Chelsea 002,E09000020,Kensington and Chelsea,london,159,0.8657,2.52,0.0,97.48,"Dirty bed sheets with huge yellow stain on it. No top sheet just a gray thing and the mattress cover with the stain. No towels. Musty/moldy smell my eyes were burning. WiFi password they gave me was w | Our family of four had a great stay at Marina's Notting Hill loft house. We loved the wide open plan ground floor - room for everyone.   The location and the park next door was great for our two kids, | Hosts very attentive. Comfortable beds, well equipped house, a great place to stay for a London break."
E02000579,Kensington and Chelsea 003,E09000020,Kensington and Chelsea,london,349,0.8585,1.72,1.15,97.13000000000001,"INACCURATE LOCATION. This flat in Ladbroke Grove NOT heart of Notting Hill. It is a 15’ walk to center of the neighborhood and any cafes/restaurants worth visiting. Yes, it is near the tube station bu | Sadakat was a great host! We had a travel delay and arrived late, but he was there to greet us and helped us with our luggage. He stayed just a few minutes to show us the place and explain a few thing | Great stay, great house!"
E02000580,Kensington and Chelsea 004,E09000020,Kensington and Chelsea,london,657,0.8666,0.76,0.45999999999999996,98.78,"This was by far one of the worst Airbnb experiences I’ve had. From the moment we arrived, we found the flat dirty and with a strong, unpleasant smell. There was even a spider in the kitchen. When we r | Helena is one of the best landlords I have ever met. The two nights I spent in her cozy and tidy room undoubtedly added many wonderful memories to my trip in London. The location is excellent, with ma | Clean and spacious flat in Notting Hill neighborhood. Great location with lots to do and easy access to the Tube."
E02000581,Kensington and Chelsea 005,E09000020,Kensington and Chelsea,london,176,0.846,1.7000000000000002,1.1400000000000001,97.16,"I rented this place for my sister and her family. Ian was very welcoming and explained everything. The place was somewhat nice but the pictures were very misleading. The location is almost impossible  | And the award for best host 2015 goes to.....Judi! <br/>*APPLAUSE*<br/>Judi was a flawless host, and my goodness her place is great too. She stepped in last minute to take me and my cat  (!) when anot | Cozy apartment. paulo was very welcoming and was flexible with check in / out times. Overall had a great stay"
E02000582,Kensington and Chelsea 006,E09000020,Kensington and Chelsea,london,969,0.8333,2.06,0.83,97.11,"This place is horrible. Not only is it dingy and small, but they did not clean before we got there. There was a used cigarette in the living room, hair in the shower and the sheets were pilling and wo | Simon's place is just fabulous.  The location is wonderful for walking around to shops and food and transit to anywhere else you want to go.  The surrounding area of Notting Hill is beautiful.  The Po | Great place to stay perfect location for visiting London"
E02000583,Kensington and Chelsea 007,E09000020,Kensington and Chelsea,london,427,0.8561,1.17,1.17,97.66,"Disappointing place, indifferent host<br/>Seemed a good find—2 beds described as studio for 2 guests.  Not really.  Fine print revealed add’l fee for second guest, some pics are not of studio (shared  | Where to begin!  What an amazing location.  the market is right outside your door.  If you are not into that - this might not be the right place for you - but we loved it.  there is also a coffee shop | Great house at a reasonable walking distance from Holland Park metro station. You won’t regret staying here. It feels like you’re a London citizen and even the neighbors are welcoming 🙂"
E02000584,Kensington and Chelsea 008,E09000020,Kensington and Chelsea,london,737,0.8369,1.76,0.95,97.28999999999999,"This is the worst experience I have ever had and this has nothing to do with the property but the host. The host is clearly a bully who threatens people and I have the messages for it. Firstly, I was  | Staying on Notting Hill gate is not going to be the cheapest, but it is going to be the best experience. This flat is absolutely lovely. I lived here for a full month while I was working in central Lo | Lovely place and great service"
E02000585,Kensington and Chelsea 009,E09000013,Hammersmith and Fulham,london,4,-0.1531,3.16,0.79,96.04,This was not a great experience The apartment is well situated and workable however it was not ready at the time i stayed.. I had trouble with access because the doorbell was broken and the host faile | Absolutely wonderful! I booked this place last minute and I’m so glad I did. I stayed for a week and had the best time. The flat is immaculate and has that understated luxury you usually only find in  | Fantastic apartment. Across the roundabout from Shepeherds Bush Underground and Westfield mall. Seemed brand new. High quality furnishings with many extra touches. Host Richard most helpful and accomm
E02000585,Kensington and Chelsea 009,E09000020,Kensington and Chelsea,london,628,0.8246,3.16,0.79,96.04,This was not a great experience The apartment is well situated and workable however it was not ready at the time i stayed.. I had trouble with access because the doorbell was broken and the host faile | Absolutely wonderful! I booked this place last minute and I’m so glad I did. I stayed for a week and had the best time. The flat is immaculate and has that understated luxury you usually only find in  | Fantastic apartment. Across the roundabout from Shepeherds Bush Underground and Westfield mall. Seemed brand new. High quality furnishings with many extra touches. Host Richard most helpful and accomm
E02000586,Kensington and Chelsea 010,E09000020,Kensington and Chelsea,london,682,0.8216,2.1999999999999997,0.73,97.07000000000001,"18-day stay ruined by major system failures in this overpriced apartment. The master bedroom AC never worked, making it uninhabitable during summer. I slept in my daughter's room for 3 weeks. Living r | I will be back!!! I truly enjoyed my stay in Caroline’s home, and it made my London stay very memorable. Not only is her home beautiful, clean, and cozy, but Caroline herself makes the atmosphere trul | Maria was really friendly and patient. It was a great time staying here in this cozy flat."
E02000587,Kensington and Chelsea 011,E09000020,Kensington and Chelsea,london,392,0.814,3.83,0.26,95.92,"First off, the bed was horrible! You could feel each individual spring digging into your back every time you moved. It was also two twin mattresses pushed together. This made it impossible to get a go | this very elegant and gorgeous flat was the perfect home for me and my 2yr old daughter during our recent visit to london.  irene was an impeccable hostess, receiving us so warmly and offering many he | Great location, really clean!"
E02000588,Kensington and Chelsea 012,E09000020,Kensington and Chelsea,london,994,0.8182,2.6,1.2,96.2,"Avoid this apartment at all costs. As soon as I walked in, I realized it was completely unacceptable. I didn’t even open my suitcase before leaving. This place should not be listed on Airbnb in its cu | We were the first guests in this newly done one-bedroom London flat steps from the Sloane Square Tube station. It is in a beautiful building and has a quintessential Chelsea feel while technically bei | Great location, Mohammed was terrific!"
E02000588,Kensington and Chelsea 012,E09000033,Westminster,london,6,0.6284,2.6,1.2,96.2,"Avoid this apartment at all costs. As soon as I walked in, I realized it was completely unacceptable. I didn’t even open my suitcase before leaving. This place should not be listed on Airbnb in its cu | We were the first guests in this newly done one-bedroom London flat steps from the Sloane Square Tube station. It is in a beautiful building and has a quintessential Chelsea feel while technically bei | Great location, Mohammed was terrific!"
E02000589,Kensington and Chelsea 013,E09000020,Kensington and Chelsea,london,1381,0.7942,3.55,0.9400000000000001,95.50999999999999,"Julia’s Airbnb was not as pictured.  The couch upholstery stained, torn; bathroom: wood floor water stained, paint peeling from water..mold?   Large exercise bike, child chair and large floor mobile t | Although we had a problem at the beginning while checked in regarding the flat we were given, that it was not the flat we chose on airbnb but the flat on the mezzanine floor,  I must say, as a whole w | We had a lovely stay. The apartment is so convenient to so many things. A ton of stairs so pack lightly :)"
E02000590,Kensington and Chelsea 014,E09000020,Kensington and Chelsea,london,934,0.8024,3.2099999999999995,0.75,96.04,"1.	The kitchen sink is only about 10cm wide, making it unusable for cooking or washing dishes.<br/>	2.	The main door is unstable and kept banging throughout the night whenever someone passed in the ha | We had an exceptional experience staying here. From the moment we booked, communication with the host was seamless, friendly, and incredibly helpful. The host was not only responsive but also genuinel | Charlotte was very well organized and was around for all of my questions.  I had a terrific time at her place and we definitely are looking forward to coming back again."
E02000591,Kensington and Chelsea 015,E09000020,Kensington and Chelsea,london,760,0.7558,4.61,1.8399999999999999,93.55,"ABSOLUTELY DISGUSTING! <br/>the host was horribly prejudiced against me and my black partner and insisted that I must pay £250 extra as he was adamant that I was there to have a party to destroy his p | I stayed here on a recent business trip and couldn’t have asked for a better spot. I was struggling to find somewhere last minute, but the team here were fantastic - super responsive and really helpfu | Our flight out of Heathrow was cancelled and 4 of us needed a place at the last minute. <br/>The apartment was clean and spacious! It had everything we needed to cook meals, do our laundry and relax. "
E02000592,Kensington and Chelsea 016,E09000020,Kensington and Chelsea,london,966,0.8091,3.42,1.35,95.24000000000001,"This flat could be 5 stars as it’s nice and in a great location, but it had several issues. The washer/dryer was not functioning and we had to send our laundry out for service. The dishwasher was not  | This place was perfect and met all of our needs. Very close to Gloucester Road station in an area which is homey/neighborhoody but in the heart of London. If you want the quintessential London experie | Great place to  stay and enjoy London"
E02000593,Kensington and Chelsea 017,E09000020,Kensington and Chelsea,london,815,0.8094,3.3099999999999996,1.0999999999999999,95.58,"We were told there would be a smart lock for self check-in, but it was missing. We waited outside for nearly 2 hours. The water heater wasn’t working until it was fixed during our stay, despite confir | Earls Court Square is simply wonderful. Everything that was described about the apartment is as it is. It is 5 minutes walk to Earl Court station and also minutes to many bus options. Similarly plenty | Excellent location, well appointed apartment with responsive management."
E02000594,Kensington and Chelsea 018,E09000020,Kensington and Chelsea,london,303,0.8766,0.66,0.66,98.68,"Longer walk to tube than expected- took about 20 minutes with husband who has a bad knee, bus was closer. | ⭐️⭐️⭐️⭐️⭐️<br/>Chris and his place are absolute gems! Located in the heart of Chelsea, this stunning place is not only immaculate but perfectly positioned to enjoy everything the area has to offer. Ev | Very beautiful and unique apartment. The hosts were easy to communicate with and made the home feel cozy. Neighborhood was very walkable. I would definitely stay here again!"
E02000595,Kensington and Chelsea 019,E09000020,Kensington and Chelsea,london,413,0.8338,2.18,0.97,96.85000000000001,"Nice location, but kitchen was ill-equipped for any cooking. Washer/dryer didn’t work properly. Kettle was nasty inside and the place was very hot during the day, even in May. Not the best value for t | Fantastic Stay in a Beautiful Chelsea Home<br/>We had a wonderful stay at this lovely two-bedroom duplex in Chelsea. The apartment was beautifully presented — clean, stylish, and felt more like a priv | What a great vacation in the perfect apartment with everything you need and close to a bunch of stuff."
E02000596,Kensington and Chelsea 020,E09000020,Kensington and Chelsea,london,485,0.8094,3.3000000000000003,0.8200000000000001,95.88,"Nightmare! My son’s 13th birthday, was just made so stressful because of this host and property. Never have I heard in all my years of running a housekeeping company of a property not receiving a chan | Rented for 1 month (on holiday) - Two 40ish single women from the USA<br/>THE HOST:<br/>Josh is absolutely the best host that I've ever rented from on Airbnb or VRBO. <br/>He was extremely responsive  | Cosy, with all you need. Great location. Friendly staff."
E02000597,Kensington and Chelsea 021,E09000020,Kensington and Chelsea,london,366,0.8106,5.19,1.09,93.72,"This was the worst Airbnb experience I’ve ever had. I booked the entire home for 10 guests and paid $4,000, but on the day of check-in, the host claimed it was for 1 guest only and demanded an extra $ | This was really a unforgettable stay. The stay was absolutely amazing, from the moment I arrivedthe place looked exactly like the pictures and it felt like home. The whole flat was immaculately clean, | warm welcome,  thanks Claudia!!"
E02000598,Kingston upon Thames 001,E09000021,Kingston upon Thames,london,54,0.829,0.0,3.6999999999999997,96.3,"Third time we have stayed here<br/>Super place | Everything was 100% perfect. From the Neil’s yard bathroom complementaries to the delicious special sweet treat that was waiting for me to enjoy on arrival ♥️ 🍰 <br/>My stay was perfect. It takes a lo | Fiona was a great host, always prompt in terms of communication and never came over without asking for permission which I really appreciated even though is her flat."
E02000599,Kingston upon Thames 002,E09000021,Kingston upon Thames,london,84,0.862,1.1900000000000002,0.0,98.81,"The flat was cold, when asked for more heating the response was slow ( asked twice and even then it was still cool). The guests have no control over the heating. When asked for detergent for the washi | I had an amazing stay at Rula's place! From the moment I arrived, she made me feel right at home. The house is beautiful and immaculately clean, and Rula has put so much thought and care into making i | Rula is a nice person and the house is really good. I felt like at home with her. Totally recommended."
E02000600,Kingston upon Thames 003,E09000021,Kingston upon Thames,london,97,0.8083,3.09,2.06,94.85,"We stayed here for 3 weeks.Not satisfied. Only positive is its location. The entrance through a dirty and filthy back ally is not very good. When we entered the flat there was no electricity in the li | We booked for a family wedding in nearby Twickenham. The house is fabulous, lovely and spacious. Huge dining:kitchen leading out onto a lovely garden area. One double bedroom and two single bedrooms.  | Susan is incredibly welcoming, the room is really spacious, and the house is absolutely gorgeous."
E02000601,Kingston upon Thames 004,E09000021,Kingston upon Thames,london,147,0.8298,0.0,2.7199999999999998,97.28,"Responded to questions immediately | Stayed recently at this gorgeous place… eventually turned out to be just me but felt very welcome and safe. The room is stunning with the little details like popcorn, biscuits and the most comfy bed a | Qi and Kevin communicates 100% on time. Flexible and accommodating. The large room is on the penthouse with  nice glass roof openings to view the skies. It’s a newly renovated London home. 10 min sing"
E02000602,Kingston upon Thames 005,E09000021,Kingston upon Thames,london,128,0.8277,0.7799999999999999,1.5599999999999998,97.66,"Ingrid is a genuinely great person. She has been very nice to me and very diplomatic. <br/>You will notice her sensitivity by seeing her Art all around the house which gives the house a lovely look. < | I stayed at Ingrid’s place for three months during my Erasmus exchange at Kingston University, and it was an incredible experience. Ingrid made me feel at home from the start: welcoming, attentive, an | It is very beautiful garden house, we really enjoy stay here ."
E02000603,Kingston upon Thames 006,E09000021,Kingston upon Thames,london,57,0.8338,1.7500000000000002,0.0,98.25,"The place is definitely not top spec, although the house is well laid out with big rooms it is in desperate need for refreshment. The host was still making the place ready 20 mins post check in time.  | Geeta is a truly wonderful, kind host during my long stay and has been really accomodating - I was upgraded to large room and it was excellent space, warmth and truly comfortable bed. The home is beau | Good location, nice quiet area. Plenty of space in the house. Good communication from host."
E02000604,Kingston upon Thames 007,E09000021,Kingston upon Thames,london,85,0.8181,1.18,2.35,96.47,"Stay overall ok. Well placed for visiting London by train. Very big problem last night. The main door was opened. Didn’t really sleep !! | I spent two weeks in Song Yi's home and this is definitely my best airbnb experience - it's more like a home than an Airbnb.  The room is super clean (without any spots/ dirt) and warm with new carpet | Room as described, Sabina was very helpful. Great location, just 5 minute walk from New Malden station"
E02000605,Kingston upon Thames 008,E09000021,Kingston upon Thames,london,29,0.752,3.45,0.0,96.55,"One of the worst host I came across in Airbnb , first instance she never told us shared property and we booked for 20nights, there is zero privacy , some one has stolen our baby stroller and when we c | Rating: 5/5<br/>I had an amazing stay at this Airbnb! The location is unbeatable, conveniently close to New Malden city center. The area is filled with a variety of fantastic Korean restaurants, offer | Nida is a friendly host and the place was easy to find! <br/>unfortunately on the day of arrival she mentioned the washing machine was out of use (friday)  and will be fixed (tuesday) and one of the r"
E02000606,Kingston upon Thames 009,E09000021,Kingston upon Thames,london,171,0.856,1.7500000000000002,0.58,97.66,"The house is in urgent need of refurbishment and is in poor condition. We noticed several structural cracks, and many of the window doors were difficult to open/close properly. One of the toilets clog | Not a bad word to say about this lovely apartment! Myself, my partner, and 2 friends were spending the weekend in London and wanted a little place to stay outside of central London but close enough to | Raphael was quick to communicate a D was flexible allowing me to drop off my bags early. He showed up right on time to meet me and show me the place. It was super convenient, near to the train station"
E02000607,Kingston upon Thames 010,E09000021,Kingston upon Thames,london,48,0.7591,8.33,0.0,91.67,"I would love to give a positive review but sadly we had problems from check-in with the wrong code provided we spent over 20 minutes getting customer service to provide the correct code, they were so  | To the dearest couple, your lovely son and daughters, and your adorable four dogs and cats ❤️❤️❤️<br/>I hope my daughter Sera wasn't too much of a bother — I do worry she may have been a little too en | A lovely clean house close to the transport network."
E02000608,Kingston upon Thames 011,E09000021,Kingston upon Thames,london,69,0.8016,4.35,0.0,95.65,"It is on a quiet street close to Surbiton station and well located for restaurants etc. The room is spacious and uncluttered. <br/>The host Lesley is not very helpful. Behaves like a headmistress and  | We were absolutely blown away by the place! It felt like a little home away from home and Richard went above and beyond as a host! We always felt safe and comfortable. The place was beautiful and had  | Very nice and comfortable stay, was just what we needed for a work trip. Would stay again and recommend to other guests. Went to book again for next week but sadly booked up. Great communication from "
E02000609,Kingston upon Thames 012,E09000021,Kingston upon Thames,london,62,0.838,0.0,3.2300000000000004,96.77,"Repeat of the one to Tahir. | Elena’s place is fabulous, very neat and clean with good transport links to central and Greater London. Elena is really a great host, she went out of her way to help me whenever I needed any help. I w | A very nice place, a large driveway, which is a plus in London.  Clean and pleasant."
E02000610,Kingston upon Thames 013,E09000021,Kingston upon Thames,london,87,0.836,0.0,2.3,97.7,"Chill guy and would stay here again | Book this space you won’t be disappointed! <br/>I could end this review there but I don’t want to sell it short. <br/>Beyond happy from start to finish, Josephine and James’ house is quite simply stun | We were 3 people travelling from Norway to watch rugby at Twickenham. It was very easy to get around from Surbiton. We only slept there, but it was perfectly setup for what we needed."
E02000611,Kingston upon Thames 014,E09000021,Kingston upon Thames,london,39,0.8288,0.0,0.0,100.0,"Was a good place to stay after a day at Wimbledon, only 20 minute drive from the tennis. Check out at 10am is a bit early but understandable. | The property was tastefully and well furnished. beds were comfy, good wi fi and TV.<br/>On entering the property it was a little chilly but soon warmed up once the heating kicked in.<br/>The entrance  | Great property. Perfect for working away"
E02000612,Kingston upon Thames 015,E09000021,Kingston upon Thames,london,50,0.7868,2.0,4.0,94.0,"very quiet area. 25 minutes far from the center but there is train station 5 minutes away.<br/>the place was warm and we had hot water 24 hours a day! We missed the plane and we went there 4 o'clock i | My stay at Karan's studio was absolutely perfect! The space was exactly as described—clean and comfortable, essentially everything I needed. Karan is an exceptional host whose hospitality truly stood  | Great place to stay nice quiet neighborhood, room had a desk so was able to work there in the evening."
E02000613,Kingston upon Thames 016,E09000021,Kingston upon Thames,london,55,0.8766,0.0,0.0,100.0,"A very nice stay, the bed is quite small and hard | I visited Jenny and Sam’s place with my 2 teenage sons and we’ve all had the best week ever! We can’t thank Jenny and her family enough for sharing their lovely home with us. The house was beautiful,  | Great place for a visit to London, but also the area is nice: near Thames Ditton, Kingston, Hampton Court. Tiziano is a welcoming host."
E02000614,Kingston upon Thames 017,E09000021,Kingston upon Thames,london,42,0.8677,0.0,0.0,100.0,"very clean and a livley place to stay when in london | I had a truly pleasant stay at Atwan property. After work, it was the perfect place to unwind, especially with its beautiful garden providing a serene atmosphere. The convenience of nearby shops and g | Amazing property , would defiantly recommended to others. communication was great!"
E02000615,Kingston upon Thames 018,E09000021,Kingston upon Thames,london,25,0.8773,0.0,0.0,100.0,"We had good time staying at Danny's and exploring West London | We had a wonderful stay at this lovely family home in Surbiton! The house was  comfortable and welcoming, with plenty of toys and books to keep our 2-year-old  entertained. The garden was a real highl | Quite a nice environment and the place is well equipped and wheelchair friendly. There is a double bedroom and bath available on the ground floor. It will help if there are soap and dish washing liqui"
E02000616,Kingston upon Thames 019,E09000021,Kingston upon Thames,london,24,0.7363,0.0,4.17,95.83,"This property was exactly what we needed! | Had a great 3 night stay for Wimbledon, around 20mins away by car or public transport. The place is spacious & clean. Great price, also Susan is a lovely host and really helpful with any info you may  | Very nice welcoming place  sorounded by nature parks"
E02000617,Kingston upon Thames 020,E09000021,Kingston upon Thames,london,21,0.8717,0.0,0.0,100.0,"Zoe and Nick were very welcoming  and made me feel at home.   Parking in the road opposite their house was convenient.  Local shops and cafe less than 10 minute walk away.  Quiet location. | Our stay at the charming Shepherd Hut at Rushett Farm was truly wonderful! The countryside beauty and warm welcome from Matthew, the host, captivated us from the start. Tastefully decorated and clever | Zoe was very friendly to me and my daughter offered us drink us on arrival very kind and welcoming"
E02000619,Lambeth 002,E09000022,Lambeth,london,368,0.7736,2.96,1.35,95.69,"Obviously not ready for airbnb. Many details missing, dirty, no instructions, bathroom and toilet in very bad condition. Room door not possible to just close it. There is a window in the room looking  | We have really enjoyed our stay in this beautiful house. It gave us a feeling of old british house but well equiped and very comfortable.<br/>The location of the house was perfect, very close to the r | Had a wonderful stay -- would highly recommend for solo travelers!"
E02000619,Lambeth 002,E09000028,Southwark,london,3,0.9747,2.96,1.35,95.69,"Obviously not ready for airbnb. Many details missing, dirty, no instructions, bathroom and toilet in very bad condition. Room door not possible to just close it. There is a window in the room looking  | We have really enjoyed our stay in this beautiful house. It gave us a feeling of old british house but well equiped and very comfortable.<br/>The location of the house was perfect, very close to the r | Had a wonderful stay -- would highly recommend for solo travelers!"
E02000620,Lambeth 003,E09000022,Lambeth,london,410,0.8438,1.71,0.24,98.05,"I did not enjoy my stay at all. Between the lack of privacy from the manager and the renovations that took place during my stay.<br/>The manager was completely inappropriate and would send me messages | I lived for at least ten airbnbs, but living in Arfa's place is the most memorable and amazing experience, which reminds me of the meaning of airbnb — sharing life and build a unique connection with t | Very easy to check in and good host. Would definitely stay again!"
E02000621,Lambeth 004,E09000022,Lambeth,london,924,0.8118,3.0300000000000002,0.54,96.43,"HORRIBLE. First up there was human feces (sh**) right outside the main door. Disgusted. Then I got MUGGED while waiting for the host to open the main building door for me. She didn't provide any way o | Wow what can I say.  This was a total gem of a place to stay! Firstly the location was amazing, not in an area of London I'd been before but so well connected, easy to walk to public transport or to t | Great place! Hopefully it will be available when I come back next year!"
E02000622,Lambeth 005,E09000022,Lambeth,london,281,0.793,3.09,1.03,95.88,"Unfortunately, this Airbnb was a major disappointment. The photos were extremely overexposed and didn’t reflect the reality at all — the flat is actually quite dark, and the bathroom was full of mould | We had a fantastic stay at Michael’s place! It’s on a quiet road but still close to everything—walking distance to the Tube, plenty of buses, and easy cycling routes. <br/>Myatt’s Field Park is just a | Great place. Very clean. Not far walk to public transportation."
E02000622,Lambeth 005,E09000028,Southwark,london,10,0.8989,3.09,1.03,95.88,"Unfortunately, this Airbnb was a major disappointment. The photos were extremely overexposed and didn’t reflect the reality at all — the flat is actually quite dark, and the bathroom was full of mould | We had a fantastic stay at Michael’s place! It’s on a quiet road but still close to everything—walking distance to the Tube, plenty of buses, and easy cycling routes. <br/>Myatt’s Field Park is just a | Great place. Very clean. Not far walk to public transportation."
E02000623,Lambeth 006,E09000022,Lambeth,london,208,0.8004,2.88,0.48,96.63000000000001,"There were problems from the start. The address was somewhat inaccurate, as it led us to a block of buildings, but we couldn't determine which apartment it was. Upon arrival, we called him, and were t | It was a great pleasure for us being hosted by Naomi! She is a really kind and friendly person, always reliable and ready to help or advise in need. The communication was extremely easy and always on  | The room was not far from the stations, quite accessible and quite easy to find. Pretesh was reactive and flexible. The room was similar to the pictures.<br/>I highly recommend to book the room for yo"
E02000624,Lambeth 007,E09000022,Lambeth,london,181,0.8833,0.5499999999999999,0.0,99.45,"the area wasn't the best. there was no hot water | Oleg is very friendly and always attentive, ready to give advice or recommendations, whether it's for beautiful, quiet places (without tourist crowds) or great spots nearby<br/>We even went biking to  | Beautiful apartment, very close to train and many bus lines. Comfortable home ... would highly recommend!"
E02000625,Lambeth 008,E09000022,Lambeth,london,182,0.8002,3.26,1.63,95.11,"We sended questions but get no answers on time. The apartment was even a problem, because there’s no information that it is on the 1st and 2nd floor. We have a handicapped family member and a grandmot | Thank you for your wonderful hospitality. We had such good nights — we slept very well and felt truly rested. The room is cosy, comfortable, spacious and decorated with great taste. It was a real plea | A great place and host very helpful"
E02000625,Lambeth 008,E09000032,Wandsworth,london,2,0.419,3.26,1.63,95.11,"We sended questions but get no answers on time. The apartment was even a problem, because there’s no information that it is on the 1st and 2nd floor. We have a handicapped family member and a grandmot | Thank you for your wonderful hospitality. We had such good nights — we slept very well and felt truly rested. The room is cosy, comfortable, spacious and decorated with great taste. It was a real plea | A great place and host very helpful"
E02000626,Lambeth 009,E09000022,Lambeth,london,127,0.7963,2.36,0.79,96.85000000000001,"Very unprofessional and inconsiderate made me feel very uncomfortable as a young woman was watching me from the window to see what I was doing walked in without knocking would not recommend at all BAD | AMAZING SUPER-HOSTS ! Hands down the BEST Hosts in London!<br/>This is my 2nd trip to London, after having not one but 2 misleading Airbnb encounters with other units,  Airbnb was great in helping us  | Great stopover pad in London for a theatre trip 😁"
E02000627,Lambeth 010,E09000022,Lambeth,london,206,0.8346,1.94,0.97,97.09,"The place itself is fairly clean, dryer in use on arrival suggests they clean their bedsheets after every guest, but there was a noticeable amount of dirt on the floor<br/>The BnB had some minor damag | We had a wonderful 4-night stay in this super clean and well-equipped apartment in London. The location is excellent – great connections to public transport, and we could reach the city center very qu | Very nice and quiet place! Tahira is so attentive and she will always help you! I would like to get back there soon"
E02000628,Lambeth 011,E09000022,Lambeth,london,219,0.8269,1.83,1.83,96.35000000000001,"Avoid!!! We were informed just before check in our room had changed to apartment #10 only to find this room different to the ad photos & bed was too small as it was against the wall and I (6ft 2in) wa | By far the best Airbnb we have stayed at & would definitely love to stay here again. The apartment was stylish & immaculate, perfectly located in the heart of Brixton & was so easy to find - only a 5  | Nice flat with lovely garden in Stockwell. Highly recommended."
E02000629,Lambeth 012,E09000022,Lambeth,london,289,0.863,1.04,0.69,98.27,"The location is fab <br/>The place was clean overall and nicely decorated but I feel like general maintenance of the home could be made including attention to detail and finishing touches <br/>Outside | A gorgeous house beautifully located in the very trendy Clapham Common. The house itself is arranged over three floors- the ground floor has a front room with large table (perfect for dining with fami | Had a lovely stay in the flat! 5 min walk to the underground and close to lots of pubs, restaurants and cafes. Emma was a proactive communicator throughout our stay, which was a big help."
E02000630,Lambeth 013,E09000022,Lambeth,london,219,0.8531,1.83,0.91,97.26,"Great location. Comfortable bed. Nice light flat. Bathroom/ kitchen reasonable. Flat looks a bit tired compared to photos. Thought that cleaning fee was excessive. My main problem was check in. I rece | Deanna's house was exactly was what I expected. Clean, comfortable. We made breakfast and dinner everyday in the fully prepared kitchen. We used laundry and dryer easily. We enjoyed the beautiful gard | Great host. Great place. Affordable."
E02000631,Lambeth 014,E09000022,Lambeth,london,275,0.8209,2.55,1.4500000000000002,96.0,"The property was nothing like the photos advertised. On arrival, the front of the house was littered with cigarette butts, and across the street people were openly drinking and smoking. The host had c | The best Airbnb experience EVER! Adrian and his children are super friendly and we had very good communication. We love the garden which provided a good place for my dog. Moreover, Adrian took a great | Really easy and great stay in South London."
E02000632,Lambeth 015,E09000022,Lambeth,london,248,0.8565,0.4,0.4,99.19,"Justine lied about the number of bedrooms and the number of beds in her listing. Upon booking, she listed two bedrooms. Then, when we arrived, she had listed two double beds (and had a picture of the  | To put it quickly: Maria’s place was a wonderful experience. A few reasons why:<br/>1. Maria is a lovely human! She greeted me with a big hug upon arrival and we had pleasant conversation. She’s super | Comfortable stay. Friendly people. Good location for us."
E02000633,Lambeth 016,E09000022,Lambeth,london,330,0.8366,0.91,1.21,97.88,"Dedicated parking present but not available. Tiny bathroom/shower. No lamp and transparent curtains in bedroom. No lounge. TV in bedroom with wobbly freeview from a tiny aerial. | I had an incredible stay at this luxurious apartment in Brixton! From the moment I walked in, I was impressed by how immaculately clean and well-maintained everything was. The space was not only moder | Tom was a very responsive and helpful host, however we do think potential visitors should be aware that this is a basement apartment with associated noise, low ceilings and appears to usually be lived"
E02000634,Lambeth 017,E09000022,Lambeth,london,149,0.8135,2.01,0.0,97.99,"The apartment is right on the high street and the noise was so loud it was unpleasant. The apartment is in bad condition - broken shutters, loose floor boards, grimy walls and cupboards and everything | I like an AirBnB that feels like a second home, which is why I love to use it. Jeremy's place was perfectly that, it had absolutely everything you need (I even appreciated the fan, love a bit of white | My stag was great . Thanks !"
E02000635,Lambeth 018,E09000022,Lambeth,london,295,0.8475,2.37,1.02,96.61,"Itza's apartment was as described. The bathroom and kitchen were well equipped and there was good living room space. Itza was responsive and met us (a little bit delayed) to show us round. She was ver | We really enjoyed our stay at the apartment. As our flight was canceled and rebooked, we arrived much later than we had planned, but gladly Annlin answered very quickly and her husband Mick welcomed u | The apartment was very clean, location is perfect also, would recommend 👍🏻"
E02000636,Lambeth 019,E09000022,Lambeth,london,168,0.8468,0.6,2.98,96.43,"This place is as it says however there was an issue with my bedroom lock where it would nkt lock. This got me late for work by 45 minutes. I was then told to leave my room unlocked and it will be sort | Maria and Antonio are not only great hosts, but they are really wonderful people too! It was very nice to get to know them during our stay. They had the greatest recommendations and it was nice gettin | Really comfortable, gorgeous place. One of my favourites from my London trip!"
E02000637,Lambeth 020,E09000022,Lambeth,london,189,0.8423,1.59,1.06,97.35000000000001,"The staircase I found it difficult and it was very hot in the flat. | Had a wonderful time at Francesca's place. It is so comfortable, bright, airy, homely and full of lovely interesting books and art. Fantastic bath! Excellent location - couldnt be better for local Sai | Perfect stay! Ivy was great and the place had everything I needed."
E02000638,Lambeth 021,E09000022,Lambeth,london,172,0.8698,1.16,0.0,98.83999999999999,"When booking I mentioned that I would be arriving at about 8pm (dependent on train delays) & the host accepted the booking. She asked again & I provided this same information. I asked how I would acce | I really enjoyed staying at Sarah and Duncan’s place. Perfect place to stay for me whilst doing a bit of work and seeing friends in London. <br/>The room was warm (in the winter) and inviting, with bo | Was very comfortable and spotlessly clean. Really enjoyed the location and the proximity to Brixton Tube and multiple busses from Jenn Ave."
E02000639,Lambeth 022,E09000022,Lambeth,london,176,0.8478,1.7000000000000002,0.5700000000000001,97.72999999999999,"Sadly, we did not stay there due to dirty conditions, so we had to find other accommodation within 10 mins of arriving. | Ayesha was a wonderful host, very friendly and helpful and the communication was great! For me, it was very important to have a quiet base and this room and flat was absolutely peaceful. After a busy  | Great host, great stay, exactly what we were after, would stay again."
E02000640,Lambeth 023,E09000022,Lambeth,london,89,0.8899,0.0,0.0,100.0,"Nice Quiet Location. But close enough to overground and underground station. | Charlotte’s apartment was an absolute gem! From start to finish, she was incredibly responsive, welcoming, and thoughtful—making our stay seamless and comfortable. The flat itself was a peaceful oasis | Harry’s place is as listed and was perfect for our trip to London with our baby son and dog. Close proximity to public transport and the common. Harry also helped provide parking permits to allow us t"
E02000641,Lambeth 024,E09000022,Lambeth,london,107,0.771,4.67,0.9299999999999999,94.39,"Excellent communication from Arlene and everything you need for a week long stay in a very clean and well provisioned flat. The only problem was a terrible chemical smell  which unfortunately overpowe | We had a wonderful stay at this place! The location is fantastic — close to everything we needed and in a quiet, safe area. It made getting around super easy and convenient. The space itself was comfo | This place is just great, i recommend it"
E02000642,Lambeth 025,E09000022,Lambeth,london,161,0.8275,3.11,1.24,95.65,"Absolutely abysmal. <br/>Terrible communication from host. <br/>Dirty when I arrived. <br/>No wifi, no work space, dirty old sheets, very low quality bed, no utilities in kitchen (plates, cutlery, pot | Laura and her place were both wonderful!<br/>Laura was a great host, friendly, easy-going and helpful.<br/>Communication was good and easy,with great orientation and clear instructions about the use o | We absolutely loved our stay here! It was a dream! 2 large rooms with a lovely bathroom and another loo. What a cute backyard. The whole area is super quiet and private. The decor is amazing. It’s all"
E02000643,Lambeth 026,E09000022,Lambeth,london,111,0.8845,0.8999999999999999,0.0,99.1,"Was close to my daughter who was having a baby. Even though Claudia was travelling she went out of her way to accommodate me after I had to move from an uncomfortable air b&b. Also she had all the kit | I have had the best stay in London for the past month, thanks to Jonathan and his amazing apartment! <br/>On the room itself, it is exactly the same as it has been shown in the pictures - spacious, cl | Jane was so lovely and so was her dog ! Great location for Brixton , with buses and a station near by."
E02000644,Lambeth 027,E09000022,Lambeth,london,102,0.8531,0.98,0.98,98.04,"Room was okay, not really like in the pictures. In the bathroom was no soap to wash hands and wasn't clean! (just like the kitchen) and in the fridge we didn't have our empty shelf like we were told t | Ivana has been an excellent host and the room in her home is a truly rare find in the busy, chaotic London!<br/>Ivana's home is very pretty and the room I stayed in had star hotel qualities - beautifu | Gene is a fantastic host who offers very well appointed rooms. She was also very accommodating for our late check-in due to a delayed flight. <br/>Would definitely recommend."
E02000645,Lambeth 028,E09000022,Lambeth,london,107,0.8134,1.87,2.8000000000000003,95.33,"The WiFi connection was poor and I faced difficulty with the locks while leaving the apartment to grab dinner. <br/>There is a cat walking around the house and I believe that should be noted because s | Our stay at this Airbnb was absolutely fantastic!<br/>First and foremost, Jeffs home is a real family residence, which added to the authenticity of our experience in London. The communication with Jef | Great location and quiet area. The flat was spacious and comfortable."
E02000646,Lambeth 029,E09000022,Lambeth,london,152,0.8377,2.63,0.0,97.37,"Hello, The apartment is located in a nice and quiet area,but far from the tourist areas.The room is fine, but I got up in bed with very bad back pain. the bottom part of the heater was dirty and rusty | Amazing place in London!!!<br/>A highly recommended place to stay in London in a lovely neighborhood!! Nayna the host, is a very kind and hospitable person with a wonderful home and a beautiful garden | Great stay and lovely apartment"
E02000647,Lambeth 030,E09000022,Lambeth,london,98,0.7811,6.12,1.02,92.86,"Sylvia is a nice host, however, the advertisement isnt not accurate. The bathroom is NOT private you share it with other guests, the cleaning is once a week and its not the best job (I was asked to re | Title: A Perfect Getaway!<br/>I recently had the pleasure of staying at this fantastic Airbnb, and I can't recommend it highly enough! From the moment I arrived, I was greeted with warmth and hospital | Cosy, clean and quiet. Very close to public transport. Great"
E02000648,Lambeth 031,E09000022,Lambeth,london,57,0.8631,1.7500000000000002,0.0,98.25,"Sandra and her partner are extremely friendly. Unfortunately our 1 month stay was not good.side table, lamp, pictures, cushions, matching dining chairs as pictured were missing. We had 2 pillows for 4 | Had a long stay (a month) at Louise’s flat and i couldn’t recommend it enough to for anyone who’s looking for somewhere to stay in London. Really great price, very well decorated and such a comfortabl | Alex was extremely helpful, kind and frienly.<br/>The house was spot on! Very clean,cosy and organised. <br/>I would 100% recommend staying at Alex's."
E02000649,Lambeth 032,E09000022,Lambeth,london,176,0.804,3.4099999999999997,2.8400000000000003,93.75,"I had a lot of issues with my stay at this apartment. The front of the building is strewn with rubbish and there was no lighting on the stairwell and hall which I found very unsafe. The host never com | There aren’t enough start to show how amazing my stay at Meire was! But let’s start to break it down:<br/>- The room: super clean and spacious, the bed and pillows are so incredible it feels like slee | Lovely flat and kind host"
E02000650,Lambeth 033,E09000022,Lambeth,london,105,0.8974,0.0,0.0,100.0,"The house is very cosy and well situated. | Heather is fantastic! Communication was excellent throughout the process and stay. She is very friendly and helpful. I thoroughly enjoyed staying in Heather's b n b. I felt safe, the stay was comforta | Nice clean and cozy place located in a very quiet area with easy access to stores and restaurants. The host is very friendly and professional."
E02000651,Lambeth 034,E09000022,Lambeth,london,74,0.8409,0.0,1.35,98.65,"See previous review | Check in was a little bit too fast and didn't give me enough information about the flat- it would have been nice to have more details about how the front door works (it's a little tricky) and any hous | A little gem of a flat. Ideal location, 5 minutes walk from the local train station, which gets you to Victoria station within 20 mins.<br/>Free street parking which is a rarity in London.<br/>The fla"
E02000652,Lambeth 035,E09000022,Lambeth,london,57,0.6827,10.530000000000001,1.7500000000000002,87.72,"Me and my partner are extremely upset with our air b nb we booked. We were planning to stay there for 5 nights but instead left after 2 hours. The cleanliness was atrocious, there was a cigarette on t | Enjoyed an amazing stay in a home away from home and we were well looked after by our lovely host, Lucy.  The house is neat, spacious and has everything you need.  Very warm and cosy.  Tastefully deco | This place is great!!"
E02000653,Lewisham 001,E09000023,Lewisham,london,160,0.8017,3.1199999999999997,1.25,95.62,"Room is okay. otherwise everything stinks. Awful smell throughout house especially kitchen. Bathroom is fully unclean and you'll find tissue papers all over. Worst stay ever.. | Dear Luxy,<br/>I want to express my honest gratitude and thank you for the attention and kindness that you have shown to me. I felt like I was visiting an old friend. You've made sure I have my own sp | nice clean spacious room with smart t.v. big walk in shower and gold kitchen amenities."
E02000654,Lewisham 002,E09000023,Lewisham,london,158,0.7718,4.43,0.0,95.57,"Good interactive host. <br/>On the listing it states no heating, which we had to unfortunately accept as this was a last minute booking- upstairs was really warm but downstairs in the bedroom was free | Our stay at Mary's beautiful home in London was truly a memorable experience. Mary and her husband were incredibly welcoming and kind, striking the perfect balance between being attentive hosts and re | Elizabeth’s place is well located for exploring Greenvich and the Uber river boats offer easy access to central London sights. Spacious and nice."
E02000655,Lewisham 003,E09000023,Lewisham,london,108,0.8627,2.78,0.0,97.22,"Hard to decide between 3 or 4 stars. <br/>Do want to note a few things <br/>1. Communication + info sharing- I had seen in other reviews there were some issues with getting check in information/commun | We had a wonderful stay at Gio’s home and couldn’t have asked for a more welcoming host. Despite our late arrival due to a flight delay, Gio was kind enough to wait up and personally greet us, helping | It was a lovely place. Very organised and clean. <br/>Holly was always nice to us and helped when we had some questions or needs."
E02000657,Lewisham 005,E09000023,Lewisham,london,227,0.8481,1.76,0.44,97.8,Honestly my experience with Damilola and her air B n was  awful. Firstly upon arriving there was a bad smell I couldn’t work out where it was coming from. Sheets were unwashed and dirty and so were th | We spent a lovely week in Alyson's beautiful little flat in Brockley. The flat is just as pictured and was a perfect cosy size for two of us. We were visiting friends nearby but it was also a great pl | Great place to stay with a great host.
E02000658,Lewisham 006,E09000023,Lewisham,london,209,0.8971,0.0,0.96,99.03999999999999,"Very cosy and quiet place.Friendly hosts and perfrct location. | Hermiones lovely home was peaceful and extremely comfortable. We felt relaxed and at home as soon as we arrived. The calming stunning interior , plush carpets up stairs and comfortable beds were just  | Great place. Clean and quiet. Everything seems new. Bathroom works very well. Have slept very well here!"
E02000659,Lewisham 007,E09000023,Lewisham,london,85,0.8789,0.0,1.18,98.82,"it's local to the nearest DLR station, around a 5 minute walk. | What can I say but nothing that good things about this place?<br/>Exactly as described! None of the photos are inaccurate, so yes you’ll be staying in a lovely apartment.<br/>Robin’s instructions made | No frills accommodation, but clean and has everything you need! Great location too!"
E02000660,Lewisham 008,E09000011,Greenwich,london,5,0.7838,2.8000000000000003,0.9299999999999999,96.26,"it has been an appalling experience that I had to leave the property straight away and booked somewhere else. I have been full time traveler for last 10 years and I have been places that one would cal | Olivia went truly above and beyond to ensure our stay went perfectly. The house itself is stunning, beautiful designed and clean throughout. It felt really homely as well, which meant we felt relaxed  | I booked Gareth's place for my mother while she was visiting SE London from overseas. She says ""It was a lovely flat, quiet and comfortable. Close to restaurants and transportation"".<br/>We had a mino"
E02000660,Lewisham 008,E09000023,Lewisham,london,209,0.8311,2.8000000000000003,0.9299999999999999,96.26,"it has been an appalling experience that I had to leave the property straight away and booked somewhere else. I have been full time traveler for last 10 years and I have been places that one would cal | Olivia went truly above and beyond to ensure our stay went perfectly. The house itself is stunning, beautiful designed and clean throughout. It felt really homely as well, which meant we felt relaxed  | I booked Gareth's place for my mother while she was visiting SE London from overseas. She says ""It was a lovely flat, quiet and comfortable. Close to restaurants and transportation"".<br/>We had a mino"
E02000661,Lewisham 009,E09000023,Lewisham,london,89,0.8525,2.25,0.0,97.75,"To be honest, it was a very unpleasant experience. First, the building is hard to locate, the number is not normally arranged, different from goggle<br/>map, and hard to see at night, and when I try t | Beautiful house in a beautiful location....  Catherine's home is warm and inviting; stylishly decorated, full of interesting artefacts from all over the world.  A wonderful bed to sleep in with super  | Great place Great host. would stay again."
E02000662,Lewisham 010,E09000023,Lewisham,london,156,0.8401,2.56,0.64,96.78999999999999,"This property was a complete nightmare despite others' positive reviews, as shown in the attached photos.<br/>The room was filthy and disorganized, with personal items and dirty belongings scattered e | My niece and I stayed here for a week and really enjoyed the comforts of home. The flat was clean and welcoming with a note from Laura greeting us. Laura went out of her way to make our stay special.  | The host is very friendly, and you can call them if you need help. The room is very spacious with a comfy bed, and the location is good as it's close to the train station."
E02000663,Lewisham 011,E09000023,Lewisham,london,79,0.8462,1.27,2.53,96.2,"James was very responsive and helpful during our whole stay. <br/>But the place itself had a lot of issues.<br/>The cabinet door to the washing machine was broken and hanging off, the door to one of t | I have stayed in Kurban's home for two months. This was my first time with AirBnb and I'm more than satisfied. House was exactly as listed, and Kurban was an excellent host. His wife Fayeza was at the | Lily has a spacious home at a quiet neighborhood not too far from central London. It is very close to Brockley's overground station, athough you will need to take the bus at night. The beds are good, "
E02000665,Lewisham 013,E09000023,Lewisham,london,106,0.801,3.7699999999999996,0.9400000000000001,95.28,"Place looked as photos and was surprised available for the price. Four issues:<br/>1. Property offered for me to leave bags pre check in - went to location on map. No matching door number. Phoned and  | This delightful house oozes stylish comfort  and was perfect for our family of 5. For anyone whose preference is an anonymous space, this home probably isn't for you but if you want a tasteful home fr | Elizabeth's home was warm and inviting. Hither Green is only one stop from London Bridge and provides and excellent location for adventures into the City of London. The home is located near the small "
E02000666,Lewisham 014,E09000023,Lewisham,london,80,0.8964,1.25,0.0,98.75,"Not recommended. I forgot my ID and Bank Cards at her house. She refused to let me check again after I am out of the house. A week later I got a phone call from people pretend to be Embassy of China t | As we left Pam's apartment, we immediately missed it! We spent two amazing weeks holiday, so relaxing and cheerful at the same time. The house is very comfortable, clean and cosy, (we really loved the | Lovely apartment, good location and great communication from the host"
E02000667,Lewisham 015,E09000023,Lewisham,london,96,0.7804,5.21,0.0,94.78999999999999,"Tidy and clean, but no possibility to cook your own food. A terrible sound from the big bed every time anyone moved the slightest made it hard to sleep. | We stayed in Chizzy and James’ Airbnb for a bit over a month and can only say positive things about it!<br/>The flat itself is beautifully decorated and a lot of attention to detail was put into it, w | Lovely apartment in a quiet location :)"
E02000668,Lewisham 016,E09000023,Lewisham,london,100,0.7289,7.000000000000001,0.0,93.0,"We stayed here for two nights and it was the worst nights ever. We came to the property with a broken bed that we had to sleep on and my wife is pregnant and didn’t sleep all night, the next day we sp | Great host! Lovely, private rooms. Great value for short lets but okay value for long lets given it’s a studio. No wifi prior but is being installed which is amazing! I’m staying longer term than most | Great stay overall! The place was clean, cozy, and exactly as described. Had a bit of trouble getting in at first, but the host was responsive and helped us sort it out quickly"
E02000669,Lewisham 017,E09000023,Lewisham,london,113,0.7757,6.1899999999999995,0.88,92.92,"Where do I start… rust in bathroom. Food from previous occupants left all over kitchen floor and in microwave. Horrible smell of fish in the apartment with food stains on chairs and carpet. If I wasn’ | Staying with Faye and Aaron was an absolute pleasure ☺️. They were incredibly kind and accommodating, and went out of their way to help me during my move to London. Their home is really beautiful—clea | We're waiting for our rent references and hopping on different Airbnb, Jean's place is perfect for our family to stay, the water pressure  is really strong so be careful when you shower, other than th"
E02000670,Lewisham 018,E09000023,Lewisham,london,75,0.821,0.0,1.3299999999999998,98.67,"was very  accommodating  the place was quite and cosy | I stayed at Hayley’s place for a month and a half, and it was truly one of the best experiences I’ve ever had on Airbnb. Everything was absolutely perfect. The flat is brand new and beautifully design | Lovely host, made us feel very welcome! Would stay again!"
E02000671,Lewisham 019,E09000023,Lewisham,london,136,0.8063,2.94,0.74,96.32,"I had a terrible experience with this stay. Check-in was from 7 PM onwards, but the location was difficult to find as Uber dropped me off, and the door numbers were hard to see. The front of the house | Oz is an exemplary host who keeps a wonderful home. He is incredibly professional, always easy to contact and is very sociable. Oz and his father cooked delicious traditional soups and offered me some | Easy to find. Great location and host!"
E02000672,Lewisham 020,E09000023,Lewisham,london,182,0.8072,1.0999999999999999,2.1999999999999997,96.7,"Easy to get to and from central London.<br/>Ok. apartmen,but it could have been cleaner. Found dirty socks (not ours!) under one of the beds. <br/>The best thing with the apartment was the swimming po | My recent stay at the Airbnb on 27 Canadian Avenue in Catford, London was truly delightful. This charming property exceeded my expectations and provided a fantastic base for exploring the city.<br/>Th | Place looks older than in the pictures. The pool was always clean. The apartment wasn’t as new as it looks in pictures. Need to clean the ceilings in the corners and vacuum better under the beds."
E02000673,Lewisham 021,E09000023,Lewisham,london,137,0.811,2.92,1.46,95.62,"If you want somewhere to sleep that's close to the station, this is cheap - and that's all I needed, so it was fine. However, it's certainly not a place you'd want to bring anyone over to. Bathroom ha | Our stay with our 2 children at Kristov and Adam’s house was absolutely BEAUTIFUL! The house itself is immaculate and decked out with amazing furnishings and style! The kitchen/dining area looks out i | Great host , peaceful and quiet location.<br/>Very close to the station and lots of restaurants around.<br/>Will stay again"
E02000674,Lewisham 022,E09000023,Lewisham,london,62,0.8827,0.0,0.0,100.0,"The flat is absolutely beautiful and in a quiet part of London, but with fast transportation links. | We stayed here for 4 nights -- we booked 3 and then Tracy very kindly let us add an extra night to make our travels easier. The room was great - clean, comfortable and spacious. Tracy was so lovely an | We had a great time at Chris' place. It is ideal for large families. There are good commuting options for the centre of London."
E02000675,Lewisham 023,E09000023,Lewisham,london,78,0.8516,0.0,1.28,98.72,"A worderful place | June & Mary’s place was wonderful from start to finish! We rented this delightful one-bedroom apartment for 3 months: July, August, and September. It was truly a home away from home.  All the applianc | The accommodation was clean, comfortable and everything that the description states! June was always available if needed, not that we had any problems. Great hosts!"
E02000676,Lewisham 024,E09000023,Lewisham,london,57,0.8809,1.7500000000000002,0.0,98.25,"We stayed here for night only as we were attending a concert at Crystal Palace Bowl which was a couple of miles away. <br/>The house was on a very quiet street with ample street parking available.<br/ | My stay with Anne Marie was absolutely great! My time there felt unfortunately short, and I hope I will get to visit again soon! <br/>Everything was exactly as described in the listing and pictures, i | Comfortable and well appointed flat in a quiet and safe residential part of SE London. Good bars and restaurants nearby."
E02000677,Lewisham 025,E09000023,Lewisham,london,73,0.7159,5.48,2.74,91.78,"I arrived at the proper with my PREGNANT wife. Upon arrival no keys were in the lock box and we did arrive at 1am.The host is unresponsive and Airbnb couldn’t do anything until she replied to them so  | Peaceful and private Easter break! Barbara (and her cat) were a wonderful host, I felt right at home from the get go. She was extremely flexible with my check in, I felt comfortable to come and go at  | A very comfortable and well kept property to stay"
E02000678,Lewisham 026,E09000023,Lewisham,london,47,0.7899,2.13,4.26,93.62,"This is by far the worst accommodation I've ever stayed in in England. The host was late for check in so left me waiting for over an hour. Once I checked in the room had not been cleaned since the las | Joanne and Etta’a home is a rare find. Quiet, well connected, spotlessly cleaned and with beautiful decor, this place is a bargain for its cost. I appreciated that Joanne took the time to explain to m | great stay<br/>already stayed again!<br/>Would highly recommend"
E02000679,Lewisham 027,E09000023,Lewisham,london,97,0.8468,1.03,0.0,98.97,"Emmanuel was cordial and inviting, I had no problems during my stay. the walk to the nearest station Is slightly inconvenient but other than that I had no issues | We absolutely loved staying at the cabin of Laurie and Matt. The garden was beautiful and quiet. Perfect to escape and relax in the evening after your visit to the heart of London. The airbnb was clea | What a great place. What a great host."
E02000680,Lewisham 028,E09000023,Lewisham,london,81,0.8098,3.6999999999999997,1.23,95.06,"I'm not a tourist and just needed somewhere close to my own place whilst work was being done, so this was very convenient. Ren let me bring my bike into the house. If I have one criticism it's that it | I had a pleasant stay in Laura's place, cosy and well-equipped with everything I need during my one month stay.<br/>Laura was a great host;kind; helpful;considerate; easy-going; responsible and accomm | This apartment was Cosy and well equipped. Pascale was a very welcoming host and very nice to deal with."
E02000681,Lewisham 029,E09000023,Lewisham,london,47,0.8891,0.0,0.0,100.0,"Had a wonderful stay. Nothing to spot. Sure to return in future if available. | Marie's place was exactly as advertised, beautiful, very clean, tastefully decorated, and let's not forget a beautiful garden. There is a fantastic riverwalk 2 minutes away with shops and restaurants  | I really enjoyed my stay at Marie’s place, definitely felt at home. Always responsive and her sons are always there to help."
E02000682,Lewisham 030,E09000023,Lewisham,london,75,0.8256,0.0,2.67,97.33000000000001,"Receptive Host. A home away from home indeed. | I had a wonderful experience at Humzah’s Airbnb! The property was easy to find, with clear instructions from the host. I was also warmly greeted by some welcome goodies which is always sweet!<br/>The  | I am grateful for the sweet accommodations on such short notice. Thank you so much!"
E02000683,Lewisham 031,E09000023,Lewisham,london,27,0.8459,0.0,0.0,100.0,"Thank you for hosting me | The place was really nice, a bit smaller than we thought but i guess its that 0.5 magic. Moving from Airbnb to London centre was really easy but kinda pricy. Our overall opinion is that it was a reall | Host was very welcoming and friendly. Overall a pleasant stay."
E02000685,Lewisham 033,E09000023,Lewisham,london,94,0.8807,0.0,1.06,98.94,"Georgia was very hospitable, and the stay was exactly what we were looking for. | Rosanna and Lee are great hosts, their home is beautifully decorated, full of character and in a great location (close to Crystal Palace park and great pubs/restaurants nearby). My room and bed were b | Anyone who is in London as often as I am knows that the environments are not always as we ""Germans"" know them. Therefore, the location was not decisive for me. After long days of travelling for more t"
E02000686,Lewisham 034,E09000023,Lewisham,london,81,0.8433,1.23,0.0,98.77,"Nice and clean space with everything you need. Plenty of hot water. 10 min walk to the next train station. Private entrance which is nice.<br/>Very quiet neighbourhood.<br/>WiFi wasn't working too goo | This self-contained unit wasn't exactly what I was looking for / expecting, however, that was easy to overcome. <br/>The cleanliness of this place; well I'd have happily eaten off any surface within i | Easy to find, clean and ideal for my stay. Bukola was very helpful.<br/>Thank you Bukola."
E02000687,Lewisham 035,E09000023,Lewisham,london,67,0.8442,2.9899999999999998,1.49,95.52000000000001,"The flat was good inside clean had a few problems but sorted quickly. The out side not very clean rubbish about bins open so lots of flies about, lots of outside noise at night cars shouting would not | We stayed for a week with our two teenage boys (15 and 17 yrs) to explore London. It was the perfect place to stay for a family. It was a 12-minute walk to Lower Sydenham train station and then a 20 m | Great stay great host."
E02000689,Merton 001,E09000024,Merton,london,239,0.8569,0.84,0.84,98.33,"Host was slow to respond, had to ask for check-in code myself when i arrived because it wasn't sent in advance, i checked out a day earlier (and told them they have a free extra day) but he ended up m | I stayed with the lovely Jo for two weeks. She really is a wonderful, easy going woman and I would be happy to stay there again, and again ... actually I'd move in!! The room was clean and the bed was | Enjoyed my stay ! Flat is absolutely peaceful and well maintained"
E02000690,Merton 002,E09000024,Merton,london,114,0.9035,0.8699999999999999,0.0,99.13,"Francis' house is cozy and very personable. Her house is very close to public transportation, bus 200 stop is only half a block from her house,<br/>Bus 200 take you to Wimbledon station underground tu | Lots to say about this wonderful place. Our family of 4 + our dog were looking for a temporary place to stay in the area and were fortunate enough to find this place. The house is spread across 4 floo | We really enjoyed our stay. Jessica was very friendly and helpful with all our needs. Highly recommended."
E02000690,Merton 002,E09000032,Wandsworth,london,1,0.9299,0.8699999999999999,0.0,99.13,"Francis' house is cozy and very personable. Her house is very close to public transportation, bus 200 stop is only half a block from her house,<br/>Bus 200 take you to Wimbledon station underground tu | Lots to say about this wonderful place. Our family of 4 + our dog were looking for a temporary place to stay in the area and were fortunate enough to find this place. The house is spread across 4 floo | We really enjoyed our stay. Jessica was very friendly and helpful with all our needs. Highly recommended."
E02000691,Merton 003,E09000024,Merton,london,117,0.8388,0.0,1.71,98.29,"It’s a very basic room in a basement apartment. | Although my vacation had quite the rocky start to begin with, i couldn't have enjoyed my stay any better and Mrs. Rajvant really proved what a kind, compassionate and marvellous host she is! <br/>Orig | Amazing. Londre, Even Wimbledon is a Great Location."
E02000692,Merton 004,E09000024,Merton,london,269,0.8561,0.74,0.0,99.26,"Constant traffic noise, would recommend ear plugs to anyone else staying here.<br/>Shower was broken on second morning, not good on hottest days of the year. | I recently had the pleasure of staying at Priscilla's fantastic Airbnb and am delighted to share my amazing experience! This cozy place exuded warmth and brightness. The first thing that caught my att | I stayed for two weeks at Victoires apartment and I really enjoyed my time there. The flat is located within 5 min walk of a Sainsburys supermarket, and also very close to the Wimbledon tube station. "
E02000693,Merton 005,E09000024,Merton,london,144,0.7452,6.25,2.08,91.67,"I recently stayed in an apartment on the 15th floor, and my experience was extremely disappointing. The biggest issue was the lift being out of service for the entire duration of my stay. As you can i | Louise has a lovely flat on the edge of the park and easy access to the high street with everything you would require in 5 minutes. It's a fantastic location but very peaceful. The flat itself is comf | caring hosting and safe accommodation"
E02000694,Merton 006,E09000024,Merton,london,158,0.8216,0.63,1.27,98.1,"his is a scam. Someone accepted the booking then I showed up to no host, a fake phone number. it was dark I was alone and in an unfamiliar area. do not book this property. it is a scam and potentially | Loved staying at Sally's place! Lovely house,  as described,  plus loved her personal touches throughout. Everything was thoughtfully done. We had ALL the amenities that you can think of! Like everyth | Victoria was friendly and communicative. The house matched the pictures and had a great location!"
E02000695,Merton 007,E09000024,Merton,london,66,0.816,1.52,1.52,96.97,"A very problematic and dirty place over all. Not as shown in the pictures. Not satisfied with my stay there. | Trevor’s a great guy, very helpful and always willing to lend a hand with anything. If you smoke you will absolutely love it! He’s always up for a smoke n a chat. Very relaxed and cool character.<br/> | Quiet and comfort environment. Nice and friendly host. There are many shops and restaurant near the house or the nearest train station."
E02000696,Merton 008,E09000024,Merton,london,53,0.8019,1.8900000000000001,1.8900000000000001,96.23,"Zara is flexible so don’t hesitate to ask her if you have concerns/needs during your stay. | We stayed here for a night, but really felt can stay back again for higher number of days. Ideal place for a 2-3 days london trip if one wants to save on hotel bills. Also, Jenifer is very very kind a | That's great place to stay. Have retail park nearby. Highly recommend."
E02000697,Merton 009,E09000024,Merton,london,218,0.8579,0.45999999999999996,0.45999999999999996,99.08,"As soon as you walk into the flat it smells of smoke ,a cracked sink in the bathroom, cracked and broken tiles in the kitchen stains on the carpets, just terrible don't even go there. | A splendid place to stay – very comfortable, clean, quiet, and the location is great: a 10-minute walk to Wimbledon Broadway shops, Wimbledon Station (District Line and National Rail services), or Sou | Lovely spacious flat close to underground and bus stop. Clean,well equipped. Good communication. Can highly recommend this apartment."
E02000698,Merton 010,E09000024,Merton,london,101,0.8354,1.9800000000000002,0.9900000000000001,97.03,"only spent one night due to finding mold throughout the house. Stayed less than 24hrs as it was making us sick. the Host charged us for two nights. so essentially we paid 1,500 for less than 24hr stay | I stayed at the Wedge Studio by myself for a week. It was super quiet and I felt really safe. The studio is so cute and cozy, but with enough store space. The kitchen is well-equipped, the shower supe | We thoroughly enjoyed our stay. It was cosy, welcoming and well positioned for all the things we wanted to do."
E02000699,Merton 011,E09000024,Merton,london,158,0.8472,1.9,0.0,98.1,"Unsafe and Unsanitary Conditions, Poor Host Response<br/>We had a very distressing experience at this property. The unit had a severe ant infestation — ants were found throughout the kitchen, bathroom | We can't say enough about Manni & Sally's home from home.  We were warmly welcomed by Manni & Sally and enjoyed our stay very much.  The room is immaculate, beautifully decorated and all is to a high  | Place was great, couch was great extra bed"
E02000700,Merton 012,E09000024,Merton,london,93,0.7518,4.3,1.08,94.62,"First, there was an electrical short circuit in the bathroom. I could not hold anything made of metal directly, such as the shower head, etc. Second, the furniture is very old and worn out, and most o | I had a fantastic stay at Sara’s place! Sara was in incredible host, and the level of hospitality she provided is beyond anything I’ve experienced on Airbnb.<br/>The house is wonderful and I felt like | Great Host and a very cozy place with fair  rate"
E02000701,Merton 013,E09000024,Merton,london,41,0.7841,4.88,0.0,95.12,"Not much to say other than total waste of time. Booked the place after a previous booking cancelled on us last minute. Travelling to the area still hadn’t received any instructions on how to enter the | I had a wonderful stay at this lovely home! Everything was exactly as described — clean, comfortable, and thoughtfully prepared. The host was friendly, responsive, and made sure I had everything I nee | Very clean place to stay with a comfy bed and short walk away from shops and train station . Host was lovely."
E02000702,Merton 014,E09000024,Merton,london,65,0.8139,1.54,1.54,96.92,"no issues at all | What a guy! Paul greeted us upon arrival and made us feel at home straight away. Paul’s warmth and kindness alone made this stay a pleasure. His home had everything we needed to accommodate our 3 nigh | Fantastic host, would recommend if in the area 😀"
E02000703,Merton 015,E09000024,Merton,london,101,0.8154,0.9900000000000001,0.9900000000000001,98.02,"The house is very close to all public transports, supermarket and restaurants nearby. <br/>We have stayed here for a week, however the both beds mattress spring is too old to support the body at all t | Thank you Marc and Rebecca for a wonderful stay in your beautiful home. Such a perfect location for us to get to the Wimbledon park and Ride and the house was perfect. So much space, clean, a beaut ga | very spacious and clean room. Walking distance to tube and train stations.  It’s simply a great place!"
E02000704,Merton 016,E09000024,Merton,london,180,0.816,2.78,2.22,95.0,"Staying this house was quite unpleasant and frustrating. The host showed disrespect and distrust towards our family and I had to tolerate it until moving out. I do not recommend here at all. | I had a wonderful 2 week stay at this flat. It had everything I needed, was very comfortable & super clean. I enjoyed the garden and garden room - great for reading & relaxing in the summer afternoons | This accommodation offers complete privacy, a friendly and responsive host, and a clean bathroom. It is well-suited for long-term stays."
E02000705,Merton 017,E09000024,Merton,london,33,0.8508,0.0,0.0,100.0,"100% recommended | I had an amazing stay! The place was spotless, comfortable, and exactly as described. Honestly, even better than expected. The location was perfect, and everything I needed was available. The host was | Jen apartment is a very lovely place , nice to stay .  I recommend it for everyone"
E02000706,Merton 018,E09000024,Merton,london,42,0.8166,2.3800000000000003,0.0,97.61999999999999,"The stay was horrible from start to fake damage claim scam in the end. Photos do not match what you will find, broken fixtures absolutely filthy place, and then got scammed for breaking a washing mach | She is one of the sweetest airbnb host. Super responsive, very friendly and you will feel right at home at her place. She has an amazing personality and is super fun loving. To make you feel more comf | Great location and flat ! Definitely would rebook!"
E02000707,Merton 019,E09000024,Merton,london,12,0.7595,8.33,0.0,91.67,"The photos were taken when just been done up the place is tired and needs a freshen up <br/>Everything in kitchen fine except we had ants on the floor some broken cupboards <br/>Beds not great need be | Beautiful place, perfect for for families. Clean, spotless and very comfortable home.  The place was accessible by bus and not very far from Central London. The host, Lorna was warm, wonderful, friend | Lorraine is a great host that will go out of her way to make your stay as pleasant as possible, or as she says ""your home away from home"".<br/>Her place is very near to the bus stops that will take yo"
E02000708,Merton 020,E09000024,Merton,london,40,0.8657,0.0,0.0,100.0,"Very accomodating and friendly host. | I had a wonderful stay at Anna’s apartment! From the start, the instructions were clear and made everything smooth. The apartment itself was spotless, peaceful, and had everything I needed — it truly  | Lovely accommodation. Everything is as described if not better. <br/>very good transport links , directly into waterloo, and close to Wimbledon in a lovely suburb of London.<br/>Pamela is a wonderful "
E02000709,Merton 021,E09000024,Merton,london,93,0.853,1.08,0.0,98.92,"This Airbnb stay was the most unpleasant and stressful experience I’ve ever had. I stayed for two weeks but had to leave early due to serious safety concerns. There are no locks on the doors, even tho | What an absolute gem of a place, it's clear there has been a lot of love and thought gone into making this home from home !!! <br/>All set in a very tranquil and safe neighbourhood !<br/>We had the mo | Everything about staying in this lovely little home was fabulous.<br/>Heather was a great LL in every way."
E02000710,Merton 022,E09000024,Merton,london,67,0.826,1.49,1.49,97.00999999999999,"This airbnb is a scam. We never received any information for checkin and when we messaged the owner we never received a message back and they don’t pick our calls up. We had to get Airbnb to contact t | We stayed for three nights whilst working at the Epsom Derby meeting ( only 30 mins drive away) great value for money for the location .Vanessa and Hrishi are fantastic hosts , very helpful, friendly  | The photos didn't do justice to the property.  It was excellent building and environment. Syed was on hand to respond to all our questions; such a gentleman! We are guests of 14 people, and we all enj"
E02000711,Merton 023,E09000024,Merton,london,116,0.8658,0.0,0.86,99.14,"I recommence the place for short or long stay. | i had an absolutely wonderful stay at this cosy room in Morden. The space is beautifully decorated, clean, and incredibly comfortable. The double bed was a dream to sleep on, and the room had everythi | The house is spacious and comfy, we loved the kitchen and the back garden and the fact that there is free parking. I'll recommend the stay."
E02000712,Merton 024,E09000024,Merton,london,64,0.8128,1.5599999999999998,1.5599999999999998,96.88,"Very very Bad experience with this booking . Totally fake place .Don’t Book this Place, I am worried for the first time in my life, I booked 1 week ago, did not provide any checkin details, When I wen | I had a wonderful stay at this Airbnb! The place was clean, comfortable, and had everything I needed. The host was incredibly kind and made sure I felt at home.  <br/>One of the highlights of my stay  | Really nice place to stay. Close to the train so you can get anywhere. Would definitely recommend"
E02000713,Merton 025,E09000024,Merton,london,36,0.8292,0.0,2.78,97.22,"would defo come back | Place was super lovely, very aesthetic. Nice private driveway as well as gated access. Spacious rooms with amazing big smart tv. Everything was clean and modern. Fresh towels and linen provided. Lovel | A very good place to stay.Everything was perfectly presented and cleaned."
E02000714,Newham 001,E09000025,Newham,london,45,0.8359,0.0,2.22,97.78,"Spacious, cozy. Location is convenient. | I’m a traveller and often stay in various Airbnb. This one is my favourite from all. Jigdeep is a very attentive, helpful, and kind host that made my stay easy and enjoyable. <br/>The apartment is ver | Easy walk to the Elizabeth line and perfect for a simple, clean place to stay."
E02000715,Newham 002,E09000025,Newham,london,24,0.7099,0.0,4.17,95.83,"Host does not give keys<br/>Bed small , fell 2 times<br/>Host lacked insight about personal space and rights | Olaore and his wife were both very personable hosts and Olaore is definitely a responsive host. The place is exactly like the pics and all of the extra amenities were a plus. A very modern and super c | We really liked the place and the host was a really nice person"
E02000716,Newham 003,E09000025,Newham,london,37,0.6978,8.110000000000001,2.7,89.19,"This place was easy to find, the check in process was smooth. As we entered we went upstairs and opened the bedroom door. We noticed the blinds were missing. There was only one hanger in the wardrobe  | Great house and enclosed garden, ideal for celebrating a family Christmas. Ollie was very welcoming and proactive; initially checking if we were settling in ok. Two bottles of wine left were very much | Room was clean and Ivy provides personal room keys. Located next to Manor Park Elizabeth line and buses headed to Stratford, very short walk.<br/>Use of kitchen and living room. <br/>Ivy is a friendly"
E02000717,Newham 004,E09000025,Newham,london,19,0.8522,0.0,0.0,100.0,"kayode has been helpful through out the stay | Having just moved to London, I needed a place to stay. Came across Emma’s place and her listing caught my eye. Originally booked in June for a month. But after arriving and being made to feel so welco | The ground floor of this house is open plan. It’s a fantastic space. We had such a good stay and Gail was a wonderful host."
E02000718,Newham 005,E09000025,Newham,london,11,0.7755,9.09,0.0,90.91,"Despite contacted the host on numerous times to make sure we have a safe check in. Only to find out when arrived at the property that the key box had no keys as the cleaner took the keys with them. Ha | Chantelle was a very good host. <br/>Prior to our arrival Chantelle was excellent with her swift responses to our queries. The main one was for parking on the street, which is an extra to your stay bu | This place is a clean and spacious 2 bed room (with an extra couch bed) in little Ilford. Good for a small family. The listing is quite new so they have to fix a few things with check in, locks etc..."
E02000719,Newham 006,E09000025,Newham,london,151,0.8058,1.32,1.32,97.35000000000001,"The flat met the purpose for which I rented it, in terms of location and size. What I didn't appreciate was that there was no indication  on the website of a construction site next door to the flat wh | I had a wonderful stay in Flora's beautiful home.  Everything was clean. Very nicely furnished. The private room has an ensuite shower and a private balcony with lovely outdoor seating just as per the | It was nice place to be in. The place was very nice and the host was very well received."
E02000720,Newham 007,E09000025,Newham,london,35,0.8299,2.86,0.0,97.14,"It felt homely; my husband and I were finally able to cook a proper meal after months of constantly moving from house to house. We even relaxed in the living room and watched films together. The kitch | The house is big, very big, and also very beautiful! It’s a family home which makes it all the more cosy, plus fully equipped with pretty much everything you might need. The lounge is huge as is the k | lovely place. nearby to station and all departments stores and hotel. great accessibility to every where."
E02000721,Newham 008,E09000025,Newham,london,65,0.8165,0.0,1.54,98.46000000000001,"On our first night we saw pest control devices and tried not to think too much of it. However we saw a mouse on our 2nd day and had to look for alternative accommodation as a result. We brought the is | I strongly recommend this apartment, the location is really perfect and you can easily get to the city centre or British museum. In this area there are a lot of nice restaurants and shops and it’s rea | A great stay close to my school. Sophia was a very great host who was there when you needed her. Won’t hesitate to come back here again"
E02000722,Newham 009,E09000025,Newham,london,106,0.8233,2.83,0.0,97.17,"The worst apartment I’ve ever stayed in – an absolute nightmare<br/>Our experience in this apartment was beyond terrible, and I wouldn’t recommend it to anyone. Here are the main issues we faced:<br/> | Well what superlatives can I use regarding our stay at Richards apartment. <br/>When we got there, I was impressed by the quiet courtyard, the ease of check in and our first impression of the apartmen | Very accessible, 10min walk from multiple train stations. Host was very kind and approachable. The room was pristine and looked like the pictures. Our room was on the second floor and we had a shared "
E02000723,Newham 010,E09000025,Newham,london,16,0.874,0.0,0.0,100.0,"Zeynep is a very friendly host. Unfortunately there were some issues with organization. Due to there only being one set of towels and linens, upon my arrival they were still being washed the next day. | Suzanne is the best Airbnb host I've had. She's super friendly, accommodating and thoughtful, providing you with whatever you need. I stayed with her for a few weeks and enjoyed every moment of it fro | I stayed at Suzanne's place when I landed in London for a new job. It was a great place to get acclimated to the city and while looking for longer term accomodation. Suzanne is super nice and there is"
E02000724,Newham 011,E09000025,Newham,london,7,0.9469,0.0,0.0,100.0,"Perfect as a home away from home while we worked in Canary Wharf. We had a really comfortable stay, would recommend to anyone. | I've stayed at Mirko and Antonella's house for a month. They were very welcoming, friendly and attentive. From daily chit chats to helping me sort out my national insurance number and many many advice | Absolutely fantastic house! Really comfortable and had everything that we needed for our 2 night stay.<br/>Guy provided all of the details for the property ahead of our check in date so the process wa"
E02000725,Newham 012,E09000025,Newham,london,193,0.8171,1.04,2.07,96.89,"Fze is a third party booking agent. The hotel was an Ibis but this was obscured on the booking information. This could have been risky on arrival as we were looking for other apartments and could not  | Getting There<br/>Property was minutes walk from the train <br/>Location <br/>Property is situated near a variety of  restaurants, bars/pubs and lounges and walking distance to various local attractio | Great location and stay, Jan was very accommodating and friendly"
E02000727,Newham 014,E09000025,Newham,london,11,0.8946,0.0,0.0,100.0,"Amazing stay. Eager to come again. 5 ✳️ | I stayed there with my mom for a month and really enjoyed it—especially spending time in the garden with the cats. Wing was my favorite 😍. If you’re a cat lover, you’ll absolutely love it here. Suzan  | The picture is exactly as described. very clean and comfortable space. Would definitely recommend to stay here"
E02000728,Newham 015,E09000025,Newham,london,26,0.7154,3.85,3.85,92.31,"Issues<br/>I regret to say that our experience at this property was disappointing.  While we didn't expect luxury accommodations for the price, several issues impacted our stay:<br/>Early Check-In Del | This is a great spot just 10 minutes walk from East Ham tube station with loads of shops and places to grab food nearby if you need it. Obviously there is the world at your fingertips if you order via | Great host and nice place to stay"
E02000729,Newham 016,E09000025,Newham,london,57,0.7804,1.7500000000000002,1.7500000000000002,96.49,"Rosa's friend let me in as soon as I arrived at the house. The room is exactly as advertised. Small but very practical. The window is over the garden so there is no noise from the street. I did feed t | The best Airbnb stay ever!<br/>The location was just perfect — a short walk to the metro, which takes you right to the city center, and a lovely park just next door. The street is peaceful yet close t | A very nice stay at Lucy’s place we had, the house was a nice, tranquil and cozy place with a big kitchen equipped with all the essentials you can think of, quiet neighborhood, you can feel like home."
E02000730,Newham 017,E09000025,Newham,london,29,0.5936,13.79,3.45,82.76,"Generally okay although there was a little disturbance into the night with a crying baby. Floor boards creaky made me feel as though I was the one disturbing others having woke up early.<br/>Room itse | I had a very comfortable stay at Omar’s studio. It was very clean and well designed. The detail of everything is well thought out for the guest’s convenience and comfort. Both days that I was out and  | Leeza is just an amazing host, I will be returning quite often!"
E02000731,Newham 018,E09000025,Newham,london,22,0.7386,9.09,0.0,90.91,"The rooms and kitchen were nice. Random flip-flops inside. Dirty bathroom and parts of bedroom. Very uncomfortable beds. Smelt outside in corridor. Woke up to addicts/homeless people inside the buildi | I stayed at Jorge’s place with my friend. We really enjoyed our stay there!! It was so nice, spacious, warm and a beautiful apartment there was ! Everything was very clean and organized, we even had a | lfedo nice and coperartive nice and clean house"
E02000732,Newham 019,E09000025,Newham,london,31,0.7779,0.0,3.2300000000000004,96.77,"Bed is too small for an adult. There is always noise from upstairs. Garden is not accessible since gate is jammed and stucked. | I truly cannot speak highly enough of Alexandros. As a host, he is one of the kindest, most friendly, responsive, and helpful people I've had the pleasure of staying with. Not only is his place everyt | Room and shared bathroom were clean. Check in was easy."
E02000733,Newham 020,E09000025,Newham,london,145,0.7691,4.14,2.07,93.78999999999999,"I regret to say that my experience at this Airbnb was not very pleasant. From the moment we entered, there was an unpleasant odor in the property that made me feel uncomfortable.<br/>Our room had two  | Ah one of the best stays I’ve experienced in my old stomping ground of the borough of Newham. First off they waited for me at the property to check in (they really didn’t they had the keys but due to  | Good service, good price, worth it."
E02000734,Newham 021,E09000025,Newham,london,77,0.7223,5.19,3.9,90.91,"No cupboards, no mirrors, no dustbins <br/>Very very BAD SMELL, bathroom door lock was broken,<br/>My wife got locked in bathroom because of broken lock.<br/>Refrigerator was smelly, Backyard was full | First, Nicolas was the best Airbnb host ever! From the beginning he answered within almost minutes, he helped to plan the journey, he gave sport tips for my 14 yrs son and much more before we even met | Overall, this Airbnb was great for the price and had everything I needed for a short stay. However, there were a few issues worth mentioning. The room didn’t have any forks, and most of the dishes wer"
E02000735,Newham 022,E09000025,Newham,london,57,0.8341,0.0,0.0,100.0,"The room was very comfortable and clean, but it does not provide a lot of privacy. There is a lot of noise in the neighborhood and the walls are not soundproof at all. It’s quite noisy but otherwise w | CLEAN SPACE, COMFORTABLE BED, & FRIENDLY HOSTS! <br/>Boyfriend and I got in late because the train got delayed but Declan took the time to tour us around the house. First thing we noticed was the clea | Perfect place for a few nights. Nice location and good for Canary Wharf"
E02000736,Newham 023,E09000002,Barking and Dagenham,london,5,0.8658,0.0,0.0,100.0,"Great place and location | Probably one of the  best experiences using AirBnb. I've felt like home. You have everything you can think of: toiletries, towels, hair dryer, HAIR STRAIGHTENER!, iron and ironing board, pads....<br/> | This is a lovely home and beautifully decorated. The space was exactly as described and had all essentials. The distance to London central was about 30 - 35mins.  I would recommend to anyone."
E02000736,Newham 023,E09000025,Newham,london,17,0.8575,0.0,0.0,100.0,"Great place and location | Probably one of the  best experiences using AirBnb. I've felt like home. You have everything you can think of: toiletries, towels, hair dryer, HAIR STRAIGHTENER!, iron and ironing board, pads....<br/> | This is a lovely home and beautifully decorated. The space was exactly as described and had all essentials. The distance to London central was about 30 - 35mins.  I would recommend to anyone."
E02000737,Newham 024,E09000025,Newham,london,35,0.7915,5.71,0.0,94.28999999999999,"The host was very responsive but the place wasn’t as it seemed, it seemed smaller and it needs some maintenance.  Also, there was a noticeable smell from one of the bathrooms with same bathroom having | I had a fantastic stay at this Airbnb. The house was spotlessly clean, with every detail thoughtfully attended to. It was evident that the host takes great pride in maintaining a high standard of clea | Sarwat and John's house is as lovely as they are. Really glad I picked their place."
E02000738,Newham 025,E09000025,Newham,london,19,0.6796,5.26,10.530000000000001,84.21,"Don’t even bother with them because they don’t reposed and don’t deal with anything and they tried to give me a room with no key and told me that I should leave my things in the property with no key a | An absolutely amazing Home and Host! Linda was polite, friendly, personable,  down to earth and incredibly thoughtful. The home was immaculate and so well designed. You cannot go wrong with a home cin | A++++<br/>Happy to recomend, clean tidy, easy access"
E02000739,Newham 026,E09000025,Newham,london,46,0.8139,0.0,2.17,97.83,"Very local to where I needed to go | Where do we start with our fantastic stay at this home. From start to finish we were amazed by the home, its amenities and the host Nathalie. The host allowed us to check in early which was so kind du | Nice place for 2 or 3 people! Perfect communication with the owner!"
E02000740,Newham 027,E09000025,Newham,london,97,0.8173,2.06,2.06,95.88,"Slow response and kitchen plumbing issues to watch dishes and plate in the sink’s is problem, once you try to watch plate in the kitchen sink you will find much water on the kitchen floor, I couldn’t  | Had an absolutely wonderful stay with Ledi! She and her partner Shandor are super lovely, welcoming and accommodating hosts. I felt right at home and really enjoyed hanging out with them . The flat is | Perfect location for getting to the O2 with 2 metro stops nearby within a 10min walk of the appartment. The place had everything we needed for a short trip in London and Monikas communication was grea"
E02000741,Newham 028,E09000025,Newham,london,71,0.7691,2.82,2.82,94.37,"No kitchen in the listing. It’s not worth the money paid. | I had a wonderful two-week stay in this lovely room in East London. The place was beautifully designed with a great sense of aesthetics, and the bed was very comfortable — soft enough to relax well af | Great place thank you for having us"
E02000742,Newham 029,E09000025,Newham,london,24,0.7115,4.17,8.33,87.5,"Firstly I’ll say that the room was clean and big and good in general, so was the rest of the house. My only complaint is that my check in was 5pm and I had done a big drive just to be told on arrival  | We had an amazing stay at Emily and John’s place, with their adorable dog Harold adding to the charm. The warm, inviting atmosphere made us feel completely at home. The house has such a lovely vibe—be | thank your for letting us stay. place is well connected to public transport. a closet may be better."
E02000743,Newham 030,E09000025,Newham,london,233,0.7955,2.58,1.72,95.71,"This woman is a complete liar. Please do not stay with her.<br/>She says everything to your face and then tries to demand money later. Please be careful.<br/>I told her I wanted to clean the room and  | Very clean and functional apartment, private (it is the corner, end of the floor apartment) and quiet (you might occasionally hear the neighbours but from my experience in London it is very quiet :) ) | Great apartment, would definitely stay again!"
E02000744,Newham 031,E09000025,Newham,london,128,0.8241,1.5599999999999998,0.0,98.44000000000001,"I can't give a positive review. After initial booking, crystal contacted me to ask for more money, citing rising operation costs and cleaning expenses. If i knew what i would find i would have refused | Cinz is a generous, fun, warm, and kind person, and an amazing host. To say that she made us feel at home would be an understatement. She made us feel more like old friends. As one of many examples, s | nice and quiet, easy to walk, good for cooking, view recommendation"
E02000745,Newham 032,E09000025,Newham,london,89,0.769,2.25,0.0,97.75,"Overall decent place to stay in. Parking was the most important thing for us since we were a group of 6 with an infant.<br/>However, cleanliness needs improving. The kettle had limescale caked inside  | Great location for an event at Excel, also, just a great location to transportation -  a quick ride anywhere. Super friendly family. Very quiet and peaceful!!! Great first time visit to London!!! High | The overall experience was very nice, Jia was very honest and open"
E02000746,Newham 033,E09000025,Newham,london,115,0.8458,1.7399999999999998,0.0,98.26,"Marie-France firstly tried to charged £3,100 extra that wasn't authorised by Airbnb policy. When I declined her request she was pushing me to cancel with the knowledge of me losing all my money.<br/>O | Great communication and absolutely wonderful hosts – so kind and welcoming. The place was spotless and very comfortable. We even got a sweet hug 😊 The location is perfect, close to the rail station, s | Really nice guys and a great place. Wouldn’t hesitate to go again :)"
E02000747,Newham 034,E09000025,Newham,london,642,0.7787,3.8899999999999997,1.25,94.86,"Must walk through shared living area to the backyard courtyard. Bathroom is not connected to the same room you sleep in. The bed was legit 4 inches thick on some odd box setup. Very hard and uncomfort | I came back to John's place like I did for 2024 for an event at the Excel London in 2025 and this is one of the best places as solo traveller to go to if you like an easy walkable distance to the Exce | clean , tidy ,  brought me a fan on the first night, due to the hot weather,  which was nice"
E02000748,Newham 035,E09000025,Newham,london,84,0.8118,1.1900000000000002,1.1900000000000002,97.61999999999999,"The place had a moldy smell and behind the oven and washing machine there was a pile of dirt, rocks and something we couldn’t identify in a plastic bag. The fridge and power outlets were not working a | Jacqui was extremely accommodating from check-in to check-out. She stayed awake for our unexpected late check-in and helped us find the place when we got a little turned around. She was extremely hosp | Staying at Imran’s place was fantastic  ,the home was cozy and clean and Imran was always available to answer our questions .Highly recommended ."
E02000749,Newham 036,E09000025,Newham,london,176,0.7999,3.4099999999999997,0.0,96.59,"BEWARE!<br/>Booking of this flat may lead to a DREADFUL start of your vacation. You will INHALE SMOKE, LOSE MONEY, TIME AND NERVES dealing with this apartments and host. <br/>- In chat the host sent h | We had a fantastic (though too short!) stay at Nazire’s place. The flat is beautifully designed with a luxurious feel, incredibly comfortable, and spotlessly clean. It’s perfectly located, just a shor | Helen has been a great host! Thank you once again for everything!"
E02000751,Redbridge 001,E09000026,Redbridge,london,40,0.8615,0.0,0.0,100.0,"5 star experience - Highly recommended | We loved the place ! It was very nice and cosy.<br/>Even though it’s a smaller house it’s very well organised, and has a nice division between spaces which, in a studio, is hard to find. <br/>The surr | Pam was a generous host offering cups of tea and was kind enough to give advice on trips out. Patient with me coming back late. A comfortable stay"
E02000752,Redbridge 002,E09000026,Redbridge,london,16,0.7753,6.25,0.0,93.75,"In general the place was very clean.  There was a really bad smell coming from somewhere & WiFI | The stay was great, very well suited for a long stay. Much recommended.<br/>I had booked the accommodation for my staff's stay. Good location and quiet neighbourhood. Very clean and comfortable cozy p | Place was excellent presented highly recommend this place"
E02000753,Redbridge 003,E09000026,Redbridge,london,38,0.8079,0.0,0.0,100.0,"Good location | Pat was a wonderful, caring host and my daughter and I were made to feel vary welcome in her beautiful home. We had a double room each and both rooms were bright, spacious, beautifully decorated and v | Best AirBnB I have ever been to.  very nicely decorated and high quality installations and has all the little things you need to make you feel right at home."
E02000754,Redbridge 004,E09000026,Redbridge,london,25,0.8241,0.0,4.0,96.0,"Everything was | We had an absolutely wonderful stay! The home was spotless, beautifully maintained, and perfectly located just a short walk from the tube—making it incredibly convenient for getting around. The outdoo | We had a very enjoyable stay at the property. It is very well decorated throughout and also located close to amenities. Thank you Matt! Richard"
E02000755,Redbridge 005,E09000026,Redbridge,london,12,0.8224,0.0,8.33,91.67,"Advertising automatic booking with self check in... Then I get to the property he canceled | I choose Saba home because it was close to where my event was being held.  I was not aware that it was on the 3rd floor.  But that was fine.  I agreed a time to arrive with Saba, and she was very flex | Great place, comfortable and convenient"
E02000756,Redbridge 006,E09000026,Redbridge,london,69,0.7088,5.800000000000001,2.9000000000000004,91.3,"Venkata, is from a Property Management company who just enters the property whenever he wants, even when we weren't in.<br/>Without having proof of our ""Right to Rent"", Venkata took further payment (£ | Stayed recently as we were attending an event in London and needed to be close to a tube as we would be getting back late. <br/>Hainault tube is very conveniently located 2 mins walk from the flat thr | Nice room for the price. The hostess was welcoming and helpful.<br/>There was also a wardrobe in the room so plenty of storage."
E02000757,Redbridge 007,E09000026,Redbridge,london,62,0.8209,1.6099999999999999,3.2300000000000004,95.16,"Sheya was a very responsive host and we always felt that any questions we had would get answered quickly. Upon arrival we soon realised that the kitchen wasn't fully equipped, the oven only heated up  | This is a stunning property in the heart of a vibrant community with lots of cafes, bars, restaurants and supermarkets. <br/>The house is spectacular with beautiful rooms full of character and Victori | I had a really good stay here, Shaz made me feel very welcome-a home from home with a great vibe!"
E02000758,Redbridge 008,E09000026,Redbridge,london,18,0.8133,0.0,5.56,94.44,"not what was pictured in advert but reasonable price for location. | Adrian was very helpful from the very beginning. He picked me up from the tube station on arrival and gave me a quick introduction to the local area including a print out map with useful routes, bus a | Nandy was cery friendly and helpful. Only wanted somewhere to put our heads down, it was perfect for us"
E02000759,Redbridge 009,E09000026,Redbridge,london,78,0.8282,0.0,1.28,98.72,"The studio is self contained with its own entrance, well-equipped kitchenette and bathroom. Quite suitable for medium stays. | I had a wonderful time at Eileen's place! Both she and the other lodger were friendly and welcoming but also mutually appreciative of others' privacy. The house is lovely and situated in a calm and pl | I had wonderful stay and already miss nice host Eileen and her cute dog Rory. I will definately stay again."
E02000760,Redbridge 010,E09000026,Redbridge,london,22,0.7998,0.0,0.0,100.0,"A small and good place for couple of nights | I stayed in this beautiful apartment with my little daughter and husband for 3 weeks. Andy is the best host ever! He explained everything very accurate, gave us all the needed information and was on t | Easy to find. And great host!"
E02000762,Redbridge 012,E09000026,Redbridge,london,28,0.8169,3.5700000000000003,0.0,96.43,"I have pictures of everything. We got there and the cleaning lady was still there hours later. There was a broken bed. Two separate nights we had maintenance men in the house at midnight. Horrible com | I had a wonderful stay at Varda’s place in Ilford. <br/>The room, though modest in size, felt incredibly cosy and welcoming. <br/>What made it extra special was the beautiful garden, even right outsid | Nice clean and tidy property in a quiet street. Well worth the price"
E02000763,Redbridge 013,E09000026,Redbridge,london,37,0.6651,16.220000000000002,0.0,83.78,"Noisy beds which were not comfortable. <br/>Generally untidy with some broken furniture lying around.<br/>Sparse kitchen but that's not an essential. <br/>Overall a disappointing stay | I had a super great time staying in Samir’s house. Samir’s hospitality was beyond my expectation. Samir was very friendly, extremely kind and a very nice person. He even allowed me to drop my luggage  | awesome host !"
E02000764,Redbridge 014,E09000026,Redbridge,london,124,0.882,0.0,0.8099999999999999,99.19,"The place is exactly as the picture and description. The place is in front of a lake with loads of swans and birds. It is also few minutes walk from underground station and high street with lots of sh | We had a fantastic two-night stay at this lovely new Airbnb listing in London with our family. The home was spotless, well-furnished, and thoughtfully equipped with everything we needed for a comforta | This is an excellent host , very clean and comfortable place."
E02000765,Redbridge 015,E09000026,Redbridge,london,27,0.8444,0.0,3.6999999999999997,96.3,"alok was always available, provided additional sheets at short notice.<br/>towels , linen, all provided<br/>fantastic flat | Samantha is the perfect host, very responsive to any questions prior and during my stay. It was my first time staying in an air b&b so I wasn't sure what to expect. Samantha is friendly and really mad | Very beautiful and well decorated house. Would like to stay here again in future."
E02000767,Redbridge 017,E09000026,Redbridge,london,58,0.7242,6.9,0.0,93.10000000000001,"It was too dirty, no cleaning, stains in toilet and in kitchen, dust and stained sheets and comforters, too far from the center, misguided and the location is incorrect, it shows the location of the b | Sam is a great host. The room is lovely and spacious. Surrounding area is safe as I used to walk late from the tube station. There is privacy almost all the time and occasionally there is a very frien | Very nice place and good communication from host."
E02000768,Redbridge 018,E09000026,Redbridge,london,31,0.8991,0.0,0.0,100.0,"It is a clean house . Rooms are big . Just 5 minutes from station and central line goes directly to central London .Host always responded quickly | From the outside of the place is not very attractive but inside it is a cosy, clean, fresh, spacious and bright. We felt very comfortable  - the furnishings were attractive and the bed was really comf | lovely stay clean easy to find  would recommend"
E02000770,Redbridge 020,E09000026,Redbridge,london,48,0.6576,2.08,4.17,93.75,"Cynthia as host was very good so this review is not a reflection of her but the place which has a few inconveniences. Pros: the host who let us come a little earlier, fixed the no hot water in shower  | Overall stay was really very good and satisfying, the place was very clean and tidy and peaceful. The only recommendations I can give is there should be at least one doormat in front of toilet, and a  | it was great in all"
E02000772,Redbridge 022,E09000026,Redbridge,london,33,0.6335,9.09,3.0300000000000002,87.88,"First of all, as soon as we arrived the lock box code was incorrect and that was the immediate first red flag. We called the host and he then told me that we won’t be staying in the room we booked bec | I can rate this place as one of the best. You can use the kitchen to cook (free), the washing machine (free), the house has fast internet, and also a small garden. But the most important  is the owner | Great place to stay, matches the description. Quite neighbourhood.<br/>Good Host."
E02000773,Redbridge 023,E09000026,Redbridge,london,27,0.8047,0.0,3.6999999999999997,96.3,Natalia's place was absolutely first class. The house is first class and has been refurbished to a very very high standard if anyone should try and find a fault with Natalia's they need to seek some p | This property was magnificent!! <br/>I stayed at the Airbnb with my family from the UK and New York as I was having my engagement ceremony in Ilford. <br/>Honestly hands down the best experience! Ever | Great place to just drop stuff off and then head into central London! Easy to get to and worth the money spent
E02000774,Redbridge 024,E09000026,Redbridge,london,16,0.6479,6.25,6.25,87.5,"Kevin has communicated very fast and efficiently. The place is located quite close to a stop on the Elizabeth Line, therefore provides excellent transport to central London. The neighbourhood is quite | Sylvia's house is a home away from home. A beautiful residence easily accessible to the tube yet v quiet and peaceful. The room was as described, plenty of natural light and a comfy bed. All amenities | Clean place, comfortable bedding and really hospitable"
E02000776,Redbridge 026,E09000026,Redbridge,london,52,0.7624,1.92,1.92,96.15,"PROS:<br/>-Clean bathrooms & fresh towels provided<br/>-Amenities provided, use of microwave and washing machines <br/>-2 spaces for parking cars on the drive<br/>-Responsive host (up until we had iss | It was such a pleasure to meet Alicia. She is a really great host,  who goes the extra mile to make sure you are comfortable and happy. Her place is well designed and is in a great location. Our stay  | Umair’s place is a wonderful place to stay. It is very clean."
E02000777,Redbridge 027,E09000026,Redbridge,london,60,0.8903,0.0,1.67,98.33,"A home away from home | Anne's house is a wonderful place to stay in London. Not only is it very colourful and bright but also located in a nice and quiet area. The Tube and Bus stations are not very far away and it doesn't  | Zak, was very good with communication.<br/>The place is exactly as described. Very clean, comfy and cozy.<br/>It has everything you need and throughly enjoyed my stay.<br/>Highly recommended!"
E02000779,Redbridge 029,E09000026,Redbridge,london,123,0.7358,1.63,2.44,95.93,"Terrible experience. The room was MUCH smaller than advertised and shown and host and hotel did nothing to sort it out esp considering I had a toddler. I asked and was ignored. The room didn’t even ha | My family and I had a great stay in Hany's place.  Hany came to check us in personally and showed us round the house,  this made us feel at home and made settling in easier and faster.<br/>Hany's plac | it was a wonderful stay thank you"
E02000781,Redbridge 031,E09000026,Redbridge,london,62,0.7845,1.6099999999999999,1.6099999999999999,96.77,"Terrible house. clogged toilet. very inconvenient. on top of all that the owner is abusive and not at all friendly. he also threatened us. Worst experience I've had at an airbnb | I had an amazing stay at the Airbnb studio apartment in East London, Seven Kings. The place was really nice, comfortable, private, and peaceful. Having a driveway for car parking was super convenient. | Thank you for another great stay!"
E02000782,Redbridge 032,E09000026,Redbridge,london,65,0.6476,6.15,1.54,92.31,"Unfortunately our stay was very uncomfortable.  The bathroom door was broken and immediately reported after check in.  It was never attended to during the course of our stay. We struggled as we shared | Jonathan was a great host, helpful and welcoming. The apartment was very clean and perfect for our short stay in London. It was a 5 minute walk to the Underground and 20-25 minute ride into central Lo | The house is even bigger than expected, very clean and tidy, surrounded by many restaurants and supermarkets so very convenient.Cluadia is very prompt in her replies and is a very warm person!"
E02000783,Redbridge 033,E09000026,Redbridge,london,36,0.7299,2.78,2.78,94.44,"Not recommended | Imran's place was very beautiful and clean. I really enjoyed my time there as it was fit for the purpose of my visit there. He took extra care to ensure that I was very comfortable and provided guidan | Great stay, had no problems at all"
E02000784,Richmond upon Thames 001,E09000027,Richmond upon Thames,london,151,0.8801,1.9900000000000002,0.66,97.35000000000001,"I had a team of engineers staying at Bill’s.  We had a few teething problems, but we happened to be the first guests.  So we completely understood this. | Outstanding. A wonderful house in a terrific location. We loved our stay at the Whitman house in Barnes and are grateful to hosts Annabel and Mike for making our family vacation (over Christmas) truly | Beautiful house with lovely hosts. Would recommend"
E02000785,Richmond upon Thames 002,E09000027,Richmond upon Thames,london,350,0.8731,0.86,0.29,98.86,"Host was nice enough, but totally disorganised and inefficient. We selected and booked the ground floor annexe specifically for work purposes, as we had heavy, expensive equipment to carry in and out. | Reema’s house was the perfect home from home. The house is fabulous and really well equipped. It’s in east walking distance of shops and the station but is off the main road so is very peaceful. <br/> | Lovely compact 1 bed flat in Kew. Walking distance to so many lovely things to see and do.<br/>Rosie made us feel welcome and helped with the parking permits needed. <br/>It’s a shame the council has "
E02000786,Richmond upon Thames 003,E09000027,Richmond upon Thames,london,246,0.8615,1.6199999999999999,1.6199999999999999,96.76,"Horrible man obviously going through some personal crisis -- shouting on the phone all afternoon. Bangs on my door in the middle of the night screaming about water on the bathroom floor. Screams and m | This is the perfect London adventure launching pad. Laura responded immediately and answered any questions we had right away. White Hart Lane is a sleepy little corner of the outlying London area. If  | Great place to stay close to bus stops and train station, easy walk to Barnes High Street and shops. Very nice bathroom and cosy bed. Rachele was very accomodating. Just be aware that the steps up to "
E02000786,Richmond upon Thames 003,E09000032,Wandsworth,london,1,-0.2755,1.6199999999999999,1.6199999999999999,96.76,"Horrible man obviously going through some personal crisis -- shouting on the phone all afternoon. Bangs on my door in the middle of the night screaming about water on the bathroom floor. Screams and m | This is the perfect London adventure launching pad. Laura responded immediately and answered any questions we had right away. White Hart Lane is a sleepy little corner of the outlying London area. If  | Great place to stay close to bus stops and train station, easy walk to Barnes High Street and shops. Very nice bathroom and cosy bed. Rachele was very accomodating. Just be aware that the steps up to "
E02000787,Richmond upon Thames 004,E09000027,Richmond upon Thames,london,182,0.8538,1.6500000000000001,1.0999999999999999,97.25,"I spoke to Aisha on several occasions before I arrived. I was going to book the single room but she then started talking about the double.<br/>I arrived to find the downstairs windows all open. I rang | Kuli is an incredibly kind and hospitable host who goes above and beyond to make his guests feel welcome. From the very first night, he invited me to a Diwali celebration and generously shared delicio | Nice, simple room. Perfect location and good communication with Naz."
E02000788,Richmond upon Thames 005,E09000027,Richmond upon Thames,london,120,0.854,1.67,0.83,97.5,"We stayed for 3 separate week periods over a month in May 2025. <br/>Location - excellent for us, close to family, easy access to transport & shops.<br/>Being on a main road was noisy at times.<br/>Ni | We had a lovely stay at Vanessa’s place. Vanessa was brilliant to communicate with and was very friendly and helpful. The house is beautiful and it felt like a home from home. Little things like the k | Rita's place was a wonderful retreat to spend the night. We loved the decoration, everything was as described and we felt at home."
E02000789,Richmond upon Thames 006,E09000027,Richmond upon Thames,london,71,0.8017,2.82,2.82,94.37,Elizabeth is a perfect host. She has arranged an early baggage drop and was in constant contact with us during our stay. The only problem is that her apartments are not comfortable for long stay. It i | The location couldn’t have been better – close to everything I needed but still tucked away enough to feel peaceful. I loved how quiet it was. I had a brilliant night’s sleep and never heard any noise | A very nice place in a great location close to everything that you need.
E02000790,Richmond upon Thames 007,E09000027,Richmond upon Thames,london,77,0.8884,1.3,0.0,98.7,"Well equipped flat but very noisy not only during the day time but all night long. Flat is street-facing, single glazed | Easy to find from St Margarets Station, and the perfect distance from Rambert School for their summer school. As soon as we arrived we felt straight at home. It was tidy, bright and spacious with ever | Beautiful part of London, close to transport links.  Spacious apartment with access to 4 acres of communal gardens.  Laura is a friendly and generous host."
E02000791,Richmond upon Thames 008,E09000027,Richmond upon Thames,london,163,0.8224,2.45,0.0,97.55,"I do not recommend for the following reasons, I hope I can attach pictures. The key is 1 mile away, Broken double bed 2 mattresses stacked on top of each other, broken single bed, smelly sheets, dirty | What a gorgeous apartment in a gorgeous location!! Location couldn’t be any better - beautiful views out from of the apartment and lovely gardens round back. Liz was a wonderful host, incredibly frien | Great location. Comfortable if you need to work. Full of choices for food, coffee and hot chocolate!"
E02000792,Richmond upon Thames 009,E09000027,Richmond upon Thames,london,144,0.8771,0.69,0.0,99.31,"A find in a neighborhood with a dearth of offerings! A short walk to shopping and transportation. Antonia was instantly available for anything I needed. I’ll hope to return soon! | We loved our stay at the cottage, which was even nicer than the Airbnb description and photos!! Freddie communicated well and quickly, was very responsive to the smallest issue, and was kind, thoughtf | loved the place ,Catherine did everything she good to make the stay pleasant"
E02000793,Richmond upon Thames 010,E09000018,Hounslow,london,5,0.8251,0.7799999999999999,0.7799999999999999,98.44000000000001,"we had to pay £300 to get key code,a camera on entrance, and on door to flat,pity none inside.On entering it was disgusting.<br/>Marks on walls,broken door handle,no cleaning done.There were crumb on  | A lovely family home to stay, very convenient for Twickenham and great to have parking on site. Suitable accommodation for 5 of us and helped to share cost. Well furnished with comfortable beds and gr | Excellent room, brilliant host in a very central location."
E02000793,Richmond upon Thames 010,E09000027,Richmond upon Thames,london,123,0.8219,0.7799999999999999,0.7799999999999999,98.44000000000001,"we had to pay £300 to get key code,a camera on entrance, and on door to flat,pity none inside.On entering it was disgusting.<br/>Marks on walls,broken door handle,no cleaning done.There were crumb on  | A lovely family home to stay, very convenient for Twickenham and great to have parking on site. Suitable accommodation for 5 of us and helped to share cost. Well furnished with comfortable beds and gr | Excellent room, brilliant host in a very central location."
E02000794,Richmond upon Thames 011,E09000027,Richmond upon Thames,london,117,0.8313,1.71,1.71,96.58,"It was a little further away from the underground than I thought at first glance, some travel problems, but that's not their fault.<br/>Very friendly and accommodating had a nice chat on day one, tea  | Lovely family home on a quiet street. It's right across from Mormead park so great for kids.  It's also a great base for exploring Richmond and London.  Jessica couldn't have been more welcoming and f | Fantastic place. Perfect for rugby. Basic but all you'd need for a trip to the Stoop or Twickenham and within 5-10 minutes walk or each. Thanks K!"
E02000795,Richmond upon Thames 012,E09000027,Richmond upon Thames,london,50,0.893,0.0,0.0,100.0,"Absolutely incredible host and easily the most memorable stay I could ask for | I can quite understand why this little idyllic and charming apartment is usually booked up, because it’s lovely! We didn’t have a real opportunity to sit outside on the patio as it was wintertime, and | Juliet was a lovely host. She was flexible with my late check-in and the place was immaculate. Would definitely recommend to anyone!"
E02000795,Richmond upon Thames 012,E09000032,Wandsworth,london,4,0.7426,0.0,0.0,100.0,"Absolutely incredible host and easily the most memorable stay I could ask for | I can quite understand why this little idyllic and charming apartment is usually booked up, because it’s lovely! We didn’t have a real opportunity to sit outside on the patio as it was wintertime, and | Juliet was a lovely host. She was flexible with my late check-in and the place was immaculate. Would definitely recommend to anyone!"
E02000796,Richmond upon Thames 013,E09000027,Richmond upon Thames,london,45,0.7853,4.44,0.0,95.56,"Title: Unexpected Charges and Poor Communication<br/>Rating: 1/5<br/>Be cautious when booking with this host! I had a nightmare experience with an automatic jam door that wasn't mentioned in the listi | The room was really nice and pretty, spotlessly clean and comfortable. I loved the added bonus of the kitchen/ utility room. It felt like an apartment and had a very private feel to it. The bed is als | Great hosts nice place"
E02000797,Richmond upon Thames 014,E09000027,Richmond upon Thames,london,97,0.8933,0.0,0.0,100.0,"Too expensive<br/>Lovely flat with comfortable bed and furniture<br/>There was no freezer which was required especially in the hot weather and there was no fan in the flat<br/>There were 7 flights of  | Staying at this beautiful house was a wonderful experience for our whole family. The home was beautifully maintained, cozy, and full of thoughtful touches that made us feel instantly welcome. Hannah w | Great location - cool building and great apartment"
E02000798,Richmond upon Thames 015,E09000027,Richmond upon Thames,london,54,0.8886,0.0,0.0,100.0,"Having a kitchen and clothes washing facilities was great.  It was comfortable but the bathroom was very small and over the landing - it was fine for us but probably not ideal for some. | Really lovely and friendly family who made us feel like at home during the few days we stayed with them🥰 They always helped us with everything we needed even going further to what we expected when set | Peter’s pad was lovely and quiet, tucked at the rear of the garden. Spacious and had basic amenities. Could do with some more tlc and some modernising but perfectly suitable. Unfortunately wifi was be"
E02000799,Richmond upon Thames 016,E09000027,Richmond upon Thames,london,58,0.8811,0.0,0.0,100.0,Worth every penny | We were looking for a place to stay for a local sporting event and found Dani’s studio.  We drove in from the Cotswolds and it was a very easy journey and parking our car on the private driveway was a | If you’re looking for a relaxed setting that’s the next best thing from taking your own home with you then stay with Sallie. She is very accommodating and just lets you get on with it. Very nice room 
E02000800,Richmond upon Thames 017,E09000027,Richmond upon Thames,london,48,0.8624,2.08,0.0,97.92,"Following an amazing first AirBnB experience in Hawaii earlier this year, I was so impressed that I thought I would book a room in London for Friday and Saturday night for my husband’s birthday. I pla | I had a wonderful couple of days. Danielle and Chas were so welcoming, friendly, kind and helpful. They are also a very interesting couple. They bake a lot and the house always smelt so good.<br/>The  | We had a great stay, perfect location for a family celebration. Really impressed with the way all our queries were dealt with and we had lots as we had a family wedding. Nothing was too much trouble. "
E02000801,Richmond upon Thames 018,E09000027,Richmond upon Thames,london,86,0.8599,0.0,1.16,98.83999999999999,"Hair found in shower,<br/>Stains in bed covers<br/>Drying left on airer <br/>Missing partial floorboard <br/>Spider webs <br/>Bathroom sink leaking <br/>Terrible WiFi | I had the pleasure of staying a long time at this wonderful place, and my experience was truly exceptional. The room was comfortable, bright, and very well-equipped, making my stay cozy and enjoyable, | Poppy was a very kind host and communication was very easy. The place is so so cozy. I can very much recommend staying at Poppy's place."
E02000802,Richmond upon Thames 019,E09000027,Richmond upon Thames,london,61,0.8336,4.92,0.0,95.08,"Worst accommodation ever experienced.  <br/>Worst host ever experienced.  Very helpful until payment was made and then silence with only automated messages. <br/>Disgusting accommodation, shameful beh | A tranquil stay in a cosy haven staying in this wonderful apartment and it was an absolute delight. From the moment I arrived, I felt a sense of calm and relaxation. The apartment itself is cozy and b | Great house and location.  Was perfect for us."
E02000803,Richmond upon Thames 020,E09000027,Richmond upon Thames,london,48,0.8755,0.0,2.08,97.92,"Quiet place to stay | A great place to stay with a family. We enjoyed our stay in Matt’s house very much. Loved the garden for our children- the trampoline and space to play after a busy day out was hugely appreciated, as  | Great stay with Ana again. Perfect hosting. I will use again for sure."
E02000804,Richmond upon Thames 021,E09000027,Richmond upon Thames,london,81,0.8798,1.23,1.23,97.53,"Excellent location to Teddington city centre..  8 min to train station..  very cosy and beautiful flat... equipped very well.. but we had some dispute with the host regarding cleanliness in the second | We loved our stay at Jo’s so much! Possibly my favourite AirBnB experience. Clean, light and filled with good energy. Jo has made this place so comfortable and homey. Beautiful towels and bedding, bea | This was our first Airbnb experience and thanks to the high quality of the accommodation and Allan's welcome and thoroughness, I will definitely use airbnb again. Thank you Allan."
E02000805,Richmond upon Thames 022,E09000027,Richmond upon Thames,london,135,0.8825,0.0,0.74,99.26,"Handy location , surprised I got charged extra for taking a muffin and orange from the breakfast buffet without any prior notice | We really enjoyed our stay in this apartment. You would hardly find more welcoming and cosy place to stay in London. The apartment is brand new and really well and thoughtfully equipped - you will fin | Lovely host, nice big room. Perfect location."
E02000806,Richmond upon Thames 023,E09000027,Richmond upon Thames,london,100,0.8501,3.0,0.0,97.0,Beautiful and frat place to stay in but unfortunately host was quite rude and unreasonable | Mary and Ken were both fantastic hosts. Not only are they both lovely people but they are also wonderfully accommodating and will do their utmost to ensure your stay is as comfortable as possible. Eac | Very kind and helpful people. Like home.
E02000807,Southwark 001,E09000028,Southwark,london,190,0.8015,3.16,0.53,96.32,"Everything about this place is disappointing. We started facing issues right from the moment we checked in. I went to this property with my mother and younger brother, all of us had to go through a to | Wow! Just wow. Honestly the best place I’ve stayed in London by far. It’s close to the city and also in such a peaceful quiet area! The landlord is super friendly and has a wonderful character, it jus | great location and a very nice apartment"
E02000808,Southwark 002,E09000028,Southwark,london,761,0.792,2.63,1.97,95.39999999999999,"This is the worst Airbnb I've ever rented. Besides its great location, it has nothing special about it. The service is also terrible. They barely respond to your questions, but they don't help you sol | I stayed with a colleague at Vito's place to attend a conference in the beginning of April. Besides that we had pretty good weather slightly untypical for London at this time - it was Vito's place tha | Excellent place. Enjoyed my time"
E02000810,Southwark 004,E09000028,Southwark,london,453,0.8154,2.4299999999999997,0.88,96.69,"Extremely hostile and unsafe environment<br/>I strongly advise against booking this property. The host was extremely aggressive and created an unsafe environment for all guests. <br/>After booking, I  | We had such a wonderful stay at Keshi’s place, and I can’t say enough about what an incredible host she was. From the moment we arrived, Keshi went out of her way to make sure me and my family felt co | Made our visit to London so enjoyable, the location and area made us feel right at home, with transport so easy to access from this location."
E02000812,Southwark 006,E09000028,Southwark,london,418,0.8096,2.63,1.2,96.17,"The location was convenient as it was close to London Bridge and the flat is spacious. The kitchen is literally bare, don’t expect to cook a meal. Not 1 condiment in the kitchen. Furniture is old and  | We had a wonderful stay at Kirsty's place and felt right at home. Kirsty was super responsive and so friendly. We had the chance to meet her as we arrived and she was lovely. Her place is also lovely. | Very good place, would definitely recommend this place."
E02000813,Southwark 007,E09000028,Southwark,london,206,0.8282,0.97,0.49,98.54,"Dirty, smelly, messy, unhygienic place. | The apartment is bright and welcoming, and it is conveniently located with easy access to all major attractions in London. The high-speed internet was great, and the bed was incredibly comfortable. Th | Fairly new interior, right next to the tube and Sainsburys. Very clean bathroom amd free amenities for guests, like food and drinks. Normally sized beds (90x200) which you don't see in other listings."
E02000814,Southwark 008,E09000028,Southwark,london,278,0.8642,1.44,0.0,98.56,"Avoid - useless host, urgent maintenance needed in the property.  To start, I had to chase the host several times for various details on the day of our booking. Upon our arrival (at 6:30pm) the cleane | Lily and Dejan's place is a modern day boarding house, very useful for people who are in London for longer periods and would like a clean. comfortable room with shared kitchen facilities. I really lik | Lily is a fantastic host, extremely helpful and very responsive. I stayed at the place for a month and felt right at home. The location is in a nice and quiet area, but is within 8-10min walking dista"
E02000815,Southwark 009,E09000028,Southwark,london,471,0.7278,7.01,1.49,91.51,"This type of airbnb feels very unethical to me. The photos make it look like an extra room in an apoartment, but the whole appartment is empty with individual lock pads on each bed room. There is no h | Highly recommend Omar's place for anyone visiting London! <br/>It is extremely close to Borough market, an extremely popular spot for all the delicious food bites (see Netflix special: Somebody Feed P | Clean, new with convenient location. Worth to recommend"
E02000816,Southwark 010,E09000028,Southwark,london,282,0.738,5.67,2.13,92.2,"Main Gate entrance is wooden and broken, have to use great deal of force to open the door very inconvenient <br/>When i arrived i was already 30 minutes after the Check in time the Cleaner was still t | A Gem in the Heart of London<br/>From the moment we booked Andrea’s AirBNB, we knew we were in for a treat. The communication was outstanding – Andrea was incredibly responsive and provided us with al | Very quiet place, clean  apartments and comfortable bed"
E02000817,Southwark 011,E09000028,Southwark,london,122,0.8082,2.46,0.8200000000000001,96.72,"The locks are simply not working well with the set of keys we got - that causes a lot of problems. Also the keys are hidden behind dirty waste bins - you need to move than to get inside. The bathroom  | Luke’s place is in a great location, just a short walk from the train station, which made getting around super convenient. Check-in and check-out were easy, and I really appreciated that Luke was flex | Good location, great communication!"
E02000818,Southwark 012,E09000028,Southwark,london,362,0.8163,1.9300000000000002,1.0999999999999999,96.96000000000001,"Terrible experience host was rude and insensitive | The apartment was exactly like the photos — clean, well-equipped, and perfect for a family stay. We really appreciated the fan in the bedroom, which helped a lot during the warm London summer. The spa | Milly was very responsive. We were quite comfortable for our 2 week stay.  Past comments about bus and train access were accurate. As well as being two flights up. The local neighborhood pub noise was"
E02000819,Southwark 013,E09000028,Southwark,london,147,0.7974,3.4000000000000004,1.3599999999999999,95.24000000000001,"Unfortunately, our stay at this property was disappointing in several ways. Upon arrival, we found that the dishes were not properly cleaned, and to make matters worse, there were no clean sponges ava | * 혼자 런던을 여행하는 한국분들에게도 정말 추천드리고 싶습니다 :) 호스트분이 정말 친절하고, 방과 플랫 전체가 정말 청결해서 지내기 좋아요. 지도상으로는 중심에서 조금 멀다고 생각하실 수 있지만, 24시간 나이트버스도 숙소 바로 앞에 있고, 중심지와 전혀 안멀어서 편리합니다. (버스로 15-20분 정도) 내리는 정류장이 테스코 앞이라서 숙소 가실때 쉽게 | Cosy apartment, well equipped. Soap, shampoo, and even dishwasher tablets were available. However, there was no wardrobe or chest of drawers. Air conditioning would also be useful in the summer. It's "
E02000820,Southwark 014,E09000028,Southwark,london,356,0.8141,2.25,0.5599999999999999,97.19,"We had high hopes as the host was lovely and the flat was in good condition, but the overall experience was terrible. The location felt very unsafe, and the front door lock was flimsy, it seemed like  | I love to travel and have stayed in many places, but this was a particularly wonderful stay.  I felt like I was in my own room.  Above all, Rita and Alfred are wonderful hosts and you can tell that th | Gabriela was very helpful and great with communication"
E02000821,Southwark 015,E09000028,Southwark,london,115,0.8306,1.7399999999999998,0.0,98.26,"When we entered the Passcode to get the key, the Passcode was wrong and we could not enter the property. We immediately contacted the owner, but there was no response from the owner at all. We were so | This is a gem of a flat . So stylish and so much attention to detail  and looks like it has been very recently renovated.  Tracey comfortable . Everything was perfect , so warm and homely also. It was | Would highly recommend if you’re planning a trip to london, lvaylo was easy to communicate with and was very helpful."
E02000822,Southwark 016,E09000028,Southwark,london,125,0.7785,4.0,1.6,94.39999999999999,"Georgina’s place was disgusting a mouse in the house and a mouse in the garden…. Stains on the carpet, broken curtain (we she said she would fix) neighbour put rubbish through the front door for us pu | It’s not a resort or anything but the affordability of the place is what made the stay worth it for me. I didn’t mind sharing a bathroom and a kitchen (as you have your own fridge to put your own groc | Great place ideal for Central London with parking which is always a bonus in this area off the main road so traffic is not a problem but within walking distance of public transport . with a park oppos"
E02000823,Southwark 017,E09000028,Southwark,london,222,0.7843,4.95,0.8999999999999999,94.14,"This place is suitable for adult visitors, but not ideal for families with children. The corridors had a strong smell of marijuana, and foxes roamed around at night, making it unsafe to be outside wit | We did not meet Savie but David, her husband, was really warm and friendly. We had all our needs met. The room was cosy and comfortable as well. We could travel around easily by train or bus. The neig | Apartment was great and Osei was very responsive."
E02000824,Southwark 018,E09000028,Southwark,london,134,0.7336,3.73,2.9899999999999998,93.28,"This place wasn’t what we expected. It’s way smaller than the pictures led on. The “pull out couch” doesn’t turn into a bed, just flattens out, so it’s very uncomfortable. There was a pipe issue so th | Staying at Pedro’s was one of the best Airbnb experiences I have had so far. This is a really beautiful home, everything is brand new, top notch but also with a strong zen energy and you can definitel | Very friendly host. Will definitely book again whenever I’m in London"
E02000825,Southwark 019,E09000028,Southwark,london,112,0.8132,2.68,2.68,94.64,"Boiler broke down shortly after I arrived. Very limited tepid water for a shower. This was notified to me the morning after. No bulb in the bedside light. Thin walls - noticeable noise from next door. | Fabricio and Tasha are very friendly and hospitable young people!<br/>The house is in a central, but quiet location in a nice and safe neighborhood. Bus stops to the sights of the beautiful city of Lo | Georgia was amazing. Very kind and attentive to all my needs"
E02000826,Southwark 020,E09000028,Southwark,london,198,0.8037,3.54,1.01,95.45,"The place we stayed in was alright in terms of location close to the city. The area around the air bnb was rough and noisy. I wouldn’t travel outside alone at night. <br/>The host was the biggest prob | This accommodation is wonderful! You’re staying in a room of a shared home which can feel iffy sometimes, security wise - but this was not an issue whatsoever. George and his family were so friendly & | It was a very nice stay at Giorgia's place. The apartment is as described in the description and was perfect for our 3-days week-end. Everything was clean and ready-to-use, we did not miss anything.<"
E02000827,Southwark 021,E09000028,Southwark,london,215,0.7977,2.79,1.8599999999999999,95.35,"This was one of the worst nights sleep I’ve had in an Airbnb. <br/>The room was clean, comfortable and well located but there was a constant loud and aggressive noises from other guests until 5.30am.  | I had a wonderful stay at Caprice’s flat in Camberwell. The location is ideal — very central and just a short walk to shops, cafes, restaurants, and public transport, making it easy to get around Lond | We had a wonderful stay at this place. The host was very welcoming and responsive, always ready to help us with any issues we had. We had some minor problems with the WiFi and bed sheets, but the host"
E02000828,Southwark 022,E09000028,Southwark,london,139,0.8422,1.44,1.44,97.11999999999999,"I came here with my family and the place did not look like the photos, photos led me to believe that it was a single story building but just know that there are stairs especially if you have a baby. C | I saw the previous review and was very sceptical but I booked Rai’s place very last minute after my original place cancelled, and I couldn’t be more grateful. Rai went out of her way to make sure ever | Highly recommended! It's like coming home. And Gemma is a so nice landlord !"
E02000829,Southwark 023,E09000028,Southwark,london,211,0.8338,1.4200000000000002,0.47000000000000003,98.1,"Listing doesn’t match the property at all. Everything is dirty and unkept, and things are also broken in which the owner will not replace or fix because it is “up to Airbnb standard”. | A true gem in London! I initially booked for a week but ended up extending multiple times—I really like this place.<br/>The location is fantastic, with a bus stop just 3 minutes away that connects dir | Very friendly host and provided clear instructions about self check in and very responsive even though we arrived at 11:15 pm"
E02000830,Southwark 024,E09000028,Southwark,london,185,0.7545,6.49,1.6199999999999999,91.89,"The host is not Sarah it is a company called flex living. They are good at charging for any extras and you get an automated message very quickly but th fill up is poor. We arrived to a dripping tap wh | I can only say good things about Laura and Bernie, their lovely flat and great hospitality. <br/>From the start the communication was great - I was travelling with my 5 year old son and they wanted to | I loved the place! It was cute and perfect for a solo stay! There is no air conditioning so you would have to open windows at night to stay cool, however, the place is next to a busy street, so it was"
E02000831,Southwark 025,E09000028,Southwark,london,190,0.8654,1.05,0.0,98.95,"Terrible from the start. Trawling around on the floor on the Main Street to collect keys. The area had a horrible feels to it. The area stunk of drugs. The flat itself was run down, not clean, things  | Thank you for sharing your lovely home! The house is in a great area - brilliant transport links but really no need to leave the area. We had a wonderful weekend around Peckham and Dulwich. <br/>The h | the venue was perfect for us as it was near our uni daughter. the apartment was excellent with every convenience that we required. it was within walking distance of shops, restaurants and amenities an"
E02000832,Southwark 026,E09000028,Southwark,london,216,0.8851,0.9299999999999999,0.9299999999999999,98.15,"Terrible location, Bedbugs infested, dirty apartment. Would prefer not to stay there again | I had a wonderful stay at this Airbnb! The room was nice and quiet, facing the beautiful garden. The house itself is stunning, with a spacious living room and a fully equipped kitchen. <br/>The garden | Beautiful place, great value,  near park and bus stop. Very communicative."
E02000833,Southwark 027,E09000028,Southwark,london,125,0.7981,4.0,1.6,94.39999999999999,"Quite messy and way too dirty, not suitable for guests in my opinion. We did not feel comfortable and would not go there again. | This is a delightfully welcoming and nurturing place to stay. It is a home that is cleared loved and expresses the owners' personalities and yet makes space for the visitor. The setting is delightful  | Flavia was very helpful and staying at her place was very comfortable<br/>She is a fantastic host!"
E02000834,Southwark 028,E09000028,Southwark,london,168,0.8472,1.79,1.1900000000000002,97.02,"Overall it was fine. Dulwich is lovely but it was summer time so quite noisy with the windows open. A few things in the flat were not great, for example the hot water tap in the shower wasn't working  | Phil is the true embodiment of what Airbnb originally stood for (Hosts that offered their own homes, as opposed to companies renting out lifeless spaces). He is the perfect host that brought us into h | Fatima was very responsive and friendly! Will definitely come back soon"
E02000835,Southwark 029,E09000028,Southwark,london,123,0.9003,0.8099999999999999,0.0,99.19,"The location is good - next door to The Ivy House pub, close to Stuart Road bus stop and a short walk from Peckham Rye Park and Nunhead. The beds were comfortable and the bed linen and towels were cle | Just back from a fantastic wedding weekend in London. Nick's place was absolutely perfect! - A great location, very easy to get to on the tube/overground/short walk, and wonderfully tranquil despite b | We had a very enjoyable couple of nights staying with Ewan.   A very quiet area ,very close to the Ivy House where we were attending a party, comfortable room and bed. We thoroughly recommend staying "
E02000836,Southwark 030,E09000028,Southwark,london,130,0.8886,0.77,0.0,99.22999999999999,"As we have family in East Dulwich this was very central for us, was also very easy to commute into the centre of London, unfortunately one of the showers was out of use so 4 adults had to share a smal | What a fantastic place to stay. Location was perfect, very quiet but local enough to the train station, bus stops and eateries etc. Great links into central London but also you have everything you nee | great ! second time staying there - thoroughly recommend ! will book again :)"
E02000837,Southwark 031,E09000028,Southwark,london,119,0.8639,1.68,0.84,97.48,"Overall, not comfortable with glass door which made me uncomfortable. Anyone coming into the house can clear look into the room. Check in instructions where not clear asked us to come at 7pm when chec | We had a fantastic week in London and Tom's flat was the perfect base. As ex-south Londoners we had easy access to Dulwich, Herne Hill and Brixton. Easy access for central London too, but we decided t | We loved staying in Ha & Adam’s home. She welcomed us with a freshly baked cake & made us feel immediately  at home.  Highly recommended staying here."
E02000838,Southwark 032,E09000028,Southwark,london,173,0.8933,0.58,0.0,99.42,"Bethel’s room was very conveniently located for our visit. The street is in a quiet residential area and we could park which was essential. It was our first time using Airbnb and she was very helpful  | This is our second stay here, this time for two weeks. We love the location, for us it is perfect.  We were able to spend two weeks getting to know our little granddaughter who lives locally.  There a | We had such a wonderful stay in a lovely home. Thanks so much for having us!"
E02000839,Southwark 033,E09000028,Southwark,london,88,0.8382,1.1400000000000001,0.0,98.86,"Overall decent stay, just note a few uphill battles from the metro station | I take great pleasure in writing this review on Patrick's property. This is probably by far one of my best AirBnB experiences ever. This was the first time my partner and I traveled with our children, | Good host. Responsive as well. Will recommend anytime"
E02000840,Sutton 001,E09000029,Sutton,london,16,0.9146,0.0,0.0,100.0,"Great property with high finishes and owner very contactable | Maria and her husband are such amazing hosts! They made us feel at home. <br/>Maria did not only communicate quickly and efficiently with us but she also gave us suggestions of places to go and gave t | Thank you for the most amazing stay, we enjoyed our time at The Nook so much and look forward to coming back :)"
E02000841,Sutton 002,E09000029,Sutton,london,6,0.6118,0.0,0.0,100.0,The bedroom and the bathroom are good but don't expect to be able to use the kitchen much. The shared spaces are very clustered and might even be dirty. I couldn't finish my stay there because I could | Lovely stay with a very nicely built bed and bathroom. Extended my time here due to work and the host was super friendly and cooperative. <br/>Recommended 👍🏼 | This was a quick find for us and we stayed comfortably. The hosts were highly communicative and provided us with everything we requested. Totally recommend.
E02000842,Sutton 003,E09000029,Sutton,london,4,0.4723,25.0,0.0,75.0,I had a very unpleasant stay here. As soon as you walk in you cannot avoid the terrible smell of the house and if you have a dust allergy you will suffer like I did. The bedsheets had blood on them an | Very friendly owner. Answers any question super fast. Allowed us to stay one additional hour to collect out staff for free. Will definitely stay again. Thank you. | Nice house and good response from the host. However too much items in the fridge and the wardrobes. I also had an experience with a fox at the backyard which was quite scary for my kids. I also think 
E02000843,Sutton 004,E09000029,Sutton,london,38,0.7754,2.63,0.0,97.37,Conveniently located flat for local green spaces and public transport (bus stop just opposite). A petrol station M&S and Sainsbury Local within 5 minutes walk. Main issue was with the kitchen/dining f | Marianne is a truly special host. She's incredibly kind and treats her guests like dear friends. The flat itself is wonderful. It feels so light and airy but was wonderfully warm even on cold days. Th | This place very nice everything is perfect
E02000844,Sutton 005,E09000029,Sutton,london,17,0.9263,0.0,0.0,100.0,"Remell is a great host<br/>Highly recommend! | If you’re looking for a place to stay in greater London, I highly  recommend Remell as your host. His home is incredibly modern, spacious, clean, and most importantly warm and welcoming, with everythi | Beautiful games room, with stunning view, can tell a lot of effort went into it. Next to perfect only wish it had a shower then it would be elite. Thankyou for your hospitality"
E02000845,Sutton 006,E09000029,Sutton,london,60,0.8531,0.0,0.0,100.0,"Really nice bloke and was very accommodating for us | Our stay at Rich’s place in London was amazing!<br/>The apartment was really clean, cozy, and fully equipped with everything we needed for a pleasant stay. It was nicely decorated, with plenty of natu | Exactly as it showed in the pictures. Lovely and clean. Quiet residential area with space to park in front. Only 20 minute walk to the station for the train to London. Would definitely stay again if w"
E02000846,Sutton 007,E09000029,Sutton,london,48,0.8781,0.0,0.0,100.0,"Nice surroundings, close to a lot of places. | I stayed at Sara's and Andy's place for 2 weeks and it was absolutely great! The room was nice and tidy, the hosts were super friendly and thoughtful.  I received lots of advice on places to see and g | Jass is such a lovely person that made me feel very welcome from the moment I arrived. Her house is extremely clean. Sutton common station is under 5 minutes walk away and from there you can get anywh"
E02000847,Sutton 008,E09000029,Sutton,london,55,0.8307,1.82,0.0,98.18,"Mary was friendly and gave me helpful suggestions about the local area. However, what was described as a luxurious property was a quite old house. I onyl spent time in my rented room and occasionally  | This was a wonderful stay and the host was a sweetheart.  The accommodation was very clean and spacious. Very peaceful and comfortable. All facilities were excellent and Devi was always checking that  | everything you need for a comfortable stay. I'd love to go back there!"
E02000848,Sutton 009,E09000029,Sutton,london,18,0.8072,5.56,0.0,94.44,"That was car garage turned in to a flat that doesn’t have a fridge and the wash base is microscopic <br/>I’m not sure how they have the got permit from council to turn in to a flat as I doesn’t meet m | Ria’s place was very lovely, a beautifully designed family home which I learnt was part designed & built by her partner Dave! It’s a really white space with ample amounts of natural light, great for t | Ria and Dave were exemplary hosts. They were generous and friendly, and ceded the kitchen and living space to me for most of my stay. They maintain a high standard of cleanliness, and the living area "
E02000849,Sutton 010,E09000029,Sutton,london,45,0.8603,0.0,0.0,100.0,"Very clean and exactly like the pictures, modern and clearly recently renovated. Very warm when we first arrived (very hot day) but all the windows were open for air flow. Only downside was the pillow | We had a week holiday in Nathan's house. A perfect hide-away for a couple but only 30 minutes from London centre by train. Train station is only 10 minutes away by foot. Dog friendly, which is a big b | very good apartment. it was very clean and very good place"
E02000850,Sutton 011,E09000029,Sutton,london,28,0.7379,3.5700000000000003,7.140000000000001,89.29,"The host was very nice and available every time I’ve messaged him. However the room was not clean I didn’t want to lie down on the bedsheets and the apartment itself was really hard to find . Other th | Christof is a very nice guy and the security guard, Leonardo is super cute. loved the area and communication with Christoph was easy and efficient. Only two issues. The mattress was very soft probably | Cozy, small tidy place, even has a loft concerted into a bedroom. Loads of bars, restaurants close by and the neighbours are friendly too. Most will definitely book here again in the future."
E02000851,Sutton 012,E09000029,Sutton,london,118,0.7727,1.69,2.54,95.76,"no lights  in the stairs | Absolutely loved my stay! From start to finish, everything was smooth and stress-free. The host was super polite, always quick to reply, and really went the extra mile when I needed to extend my booki | great, would recommend"
E02000852,Sutton 013,E09000029,Sutton,london,61,0.6604,4.92,0.0,95.08,"Good: Clean, pleasant location. Kind and caring communication.<br/>Bad: No information in the house about how to use the oven, hob, dishwasher, TV, or set the heating.  Not clear what the kitchen swit | I had a wonderful stay at this apartment. It was exceptionally clean, tidy, and well-organised. Everything I needed was available — from kitchen essentials to comfortable bedding. The space was exactl | Good stay with clean room and shower"
E02000853,Sutton 014,E09000029,Sutton,london,15,0.743,6.67,0.0,93.33,"She initially forgot to provide the house address and instructions for checking in, so we had some trouble finding the place and parking when we arrived. During our stay, we also had to put the bins o | We (a family of 4) had a fantastic stay at this house. The house was clean, stylish, and thoughtfully equipped with everything we needed - including tower fans for the current UK heatwave. Loved the l | Communication was excellent. The place had everything we needed. Good location for visit London."
E02000854,Sutton 015,E09000029,Sutton,london,70,0.8697,0.0,0.0,100.0,"This worked out OK in the end, but it was a somewhat difficult stay. Some of my troubles might have been avoided if I'd read the listing more carefully - I'd have worked out sooner which room was mine | Staying at Tamara’s gorgeous house was such a pleasure. In some AirBNBs the pictures oversell the house, but in this case I was blown away by how beautifully appointed the home is in reality. A lot of | My friend and I had a lovely time when she came to stay, and the studio flat was great to stay in for the 5 days we were there. <br/>There were a few issues, such as the window that didn't shut proper"
E02000855,Sutton 016,E09000029,Sutton,london,76,0.8042,1.32,0.0,98.68,"A well placed flat that is modern and has lots of amenities. John was very friendly and helpful.However the lack of a door to the second bedroom means lack of privacy and not being able to control the | Selva and his wife, Editha where helpful from the very start allowing me to leave my luggage early and contacting me to ensure I wasnt lost. <br/>I very much enjoyed my stay with them both thanks to t | Great stay, quite and good access to the town"
E02000856,Sutton 017,E09000029,Sutton,london,52,0.8486,0.0,0.0,100.0,"Very modern and stylish apartment. plenty of amenities available and helpful host. | Loved being back again this week.  Cookies are delicious, room is fab but best of all is this lovely family.  Great company, lots of fun with the beautiful kids and very relaxing with Darren & George  | Lovely family and a fab quiete en-suite bedroom! Highly recommended"
E02000857,Sutton 018,E09000029,Sutton,london,51,0.7502,3.92,5.88,90.2,"Unable to start stay cooking in studio.  No dedicated USB plugs.  Radiator on in the height of summer. | I recently stayed at Nata's home while having extensive work done on my own place, and it truly felt like a home away from home!<br/>I work in London and go into the office twice a week, so it was ess | It is a lovely place for my family . Highly recommend"
E02000858,Sutton 019,E09000029,Sutton,london,9,0.881,0.0,0.0,100.0,"highly recommended and I will surely book it again. | The place was super clean, stylish, and spacious — exactly like the photos. The host was friendly and responsive, even on short notice. I loved how bright the flat was, and the lounge was perfect for  | Nice place, close to supermarkets and direct trains to London center, very responsive host, we had great time."
E02000859,Sutton 020,E09000029,Sutton,london,44,0.8158,4.55,0.0,95.45,"The house suspected of harbouring stolen goods (and worse!) is very near; numerous guests saw police knocking on the door of that presumably ""abandoned"" house, which means that many reported it. Icela | I thoroughly enjoyed my stay with Christine. Her place was lovely , homely, spacious,  loved her garden and the beautiful flowers and plants too. I could cook my meals  as well. Angelina her pet dog a | Brilliant hosts, excellent communication and everything and smoothly."
E02000860,Sutton 021,E09000029,Sutton,london,30,0.7644,3.3300000000000005,3.3300000000000005,93.33,"The house is excellent and the location also is convenient. Two families on the street reported 6 cars stolen in a weeks time in July. The other thing to mention is the people in the house above the p | The host and his spouse are very responsive and supportive. They go out of their way to help, creating a very warm and homey feeling. They make you absolutely comfortable and frequently check on you t | Alfonso made me feel like I was at a friend’s apartment. He even cooked for me. It was a great experience."
E02000861,Sutton 022,E09000029,Sutton,london,31,0.8312,3.2300000000000004,0.0,96.77,"it was a really good stay with darren as a host, but cleanliness and functionality of bathroom was not the best experience, and although this can cause problems darren still offered to do his best to  | This is a lovely bedroom with a private bathroom included along with a kitchenette, in a beautiful and safe neighbourhood in Sutton. <br/>The room is well equipped with a large desk, king sized bed, c | Believe the reviews ! <br/>Great hosts, lovely place with good amenities."
E02000863,Sutton 024,E09000029,Sutton,london,22,0.7714,0.0,4.55,95.45,"compact but with everything you need | Nestled in a picturesque neighborhood which radiates tranquility and charm. From the moment you arrive, you’ll feel the warm embrace of a welcoming. Nirmal, the host, was an invaluable resource who ma | A couple of my relatives stayed here and enjoyed their stay. The host was very quick to respond and helpful with queries that were made."
E02000864,Tower Hamlets 001,E09000030,Tower Hamlets,london,468,0.8558,1.71,0.64,97.65,"This accomodation is in a great location. It was mostly clean and had comfortable beds. It has the potential to be a stunning property. <br/>We had multiple issues with this property and ended up chec | Clements place was great. I don't normally use air bnb in London but this air bnb experience felt like being on holiday eventhough I live in London. Gordon Ramsey bread street kitchen , westfield and  | Thank you, Laura. It was a great stay. The building itself is a bit out dated. The laundry room is unkept and sketchy. Laura was helpful and informed us of everything we needed before arrival."
E02000865,Tower Hamlets 002,E09000030,Tower Hamlets,london,215,0.8257,2.79,0.47000000000000003,96.74000000000001,"What can I say about this place. It was just ok not the best but just ok. Behind the bathroom sink was very moldy and dirty. Kitchen floors and bathroom floors were a bit dirty. I think he needs to ha | The accommodation at Jonathan and Matt's was great. Their house is located a few minutes from Victoria Park, the neighborhood is quiet and safe. The house itself is a gem - preserved wooden floors, be | Great flat overlooking Victoria Park. Very spacious room, comfortable bed and helpful/responsive host."
E02000866,Tower Hamlets 003,E09000030,Tower Hamlets,london,358,0.8639,0.84,1.4000000000000001,97.77,"Max' flat unfortunately did not work out for me. <br/>The bedroom and the bathroom seemed prepared for a guest, and the kitchen and the living room were alright. The space around all windows in the fl | I’ve been writing this review in my head from the moment I entered the home. <br/>I’ve stayed in many AirBnBs in different countries and throughout the U.S. This home was one of the best. I tried to f | Nice, clean modern apartment in a convenient location. Great communication from host."
E02000867,Tower Hamlets 004,E09000030,Tower Hamlets,london,309,0.8063,2.27,0.65,97.09,"Overall sub standard accommodation:<br/>- check in instructions arrived 2 hours before check in<br/>- no directions to property<br/>- links on instructions to photos did not work<br/>- wrong lockbox i | Rafal was amazing. I’m quite the germaphobe and his place was squeaky clean. His home was so warm and check-in was so easy with Rafal and Crumble meeting me at the door 🥰 Bed was comfortable with a he | Nice home, all tidy and clean. Thank you for your hospitality Silvia!"
E02000868,Tower Hamlets 005,E09000030,Tower Hamlets,london,248,0.8539,2.02,1.6099999999999999,96.37,"Complete waste of money, booked this place as it says in the description there is a hottub but when we arrived there was no hot tub and the outside garden bit was full of rubbish on the floor. When I  | This was my first ever Airbnb experience and it was absolutely perfect. I stayed at Vanessa’s flat for 8 days (March 4-11). The room was so lovely and extremely clean and nicely decorated - light and  | Amazing place and exactly as described. Very good location. Highly recommended!"
E02000869,Tower Hamlets 006,E09000030,Tower Hamlets,london,485,0.8165,2.4699999999999998,1.24,96.28999999999999,"I don't consider myself very demanding when it comes to cleaning, but it's very dusty: a layer of dust on the refrigerator, on the shelves, on the baseboards, in the TV area, in the work areas, the wo | I had the best week's stay at K.P.s gorgeous loft on Columbia Road!  Kristin was a fantastic host, with fresh flowers in the space upon my arrival, and with super helpful instructions for getting in/r | Maggie was extremely communicative and helpful as my travel arrangements changed. She has great information about the area and check-in/out was a breeze. The location was so central to several markets"
E02000870,Tower Hamlets 007,E09000030,Tower Hamlets,london,191,0.8093,3.66,1.05,95.28999999999999,"no AC despite claiming to have one in the amenities. we died of heat and were forced to open a window, that could have been very easily broken into by an outsider. this is a big security risk and made | As a frequent visitor to London & Europe from the US, I appreciate flexibility, thoughtfulness, accuracy, and convenience when booking with Airbnb.  Pratāp provided all of those things.  I've already  | Back in London with friends, and as promised, we checked into Kamala’s Airbnb. Just like last time, she was incredibly accommodating, and we felt right at home!"
E02000871,Tower Hamlets 008,E09000030,Tower Hamlets,london,249,0.771,2.81,2.41,94.78,"I chose this Airbnb based on the host's claim of 9 years of experience, but the experience was anything but professional. After booking and making payment, the host ignored my messages about check-in  | I had a wonderful stay with AJ and his wife – they were fantastic hosts: warm, welcoming, and incredibly kind.<br/>The apartment was spotless and beautifully decorated, with great attention to detail. | Great host and space.  Stephen was a terrific host, responding quickly to any requests or issues that I had.  The space was perfect for what I needed for a long term visit to London.  The only challen"
E02000872,Tower Hamlets 009,E09000030,Tower Hamlets,london,819,0.8182,2.44,1.0999999999999999,96.46000000000001,"I would not suggest this air b and b I honestly never write reviews but this place was not clean at all trash on the bathroom floor stains all over the sheets trash all over the hallway just not a cle | I would love to keep this place a secret but everything about this place is worth sharing about! <br/>The guest suite was very private, clean, and well designed, also very important the bed was super  | Great location ..... fabulous."
E02000873,Tower Hamlets 010,E09000030,Tower Hamlets,london,175,0.8309,1.71,0.5700000000000001,97.71,"we were from 27/12/2019 to 02/01/2020. To the most room claims there is no (purely). Take Slippers to go to the toilet and bathroom (there is no feeling of cleanliness). Be sure to read about the area | We absolutely loved our stay and would definitely visit again. Excellent location, with a community feel, with pretty parks and the canal nearby. Well priced.<br/>The flat was stylish and stunning and | Very nice and also very clean flat, overlooking the canal and very close to Victoria Park. Bus No. 8 takes you quickly to the tube or to hipster Shoreditch. Would definitely stay there again."
E02000874,Tower Hamlets 011,E09000030,Tower Hamlets,london,165,0.7999,1.82,0.0,98.18,"While the room itself was exactly as advertised and lovely overall and general interaction with the host was pleasant, the host will rightfully remind you that this is still her home if you do anythin | If you are looking for an amazing Airbnb with even better host, then you've found it. Enjoying Jennifer's delightful 1-bedroom apartment near Liverpool Street was unparalleled. Her warmth embraced us, | LV’s place had everything we needed, from fresh linens, comfy beds and ample soap and shampoo to snacks to sample and pods for the Nespresso. The large rooftop skylight in the living space gave us a p"
E02000875,Tower Hamlets 012,E09000030,Tower Hamlets,london,163,0.8053,3.6799999999999997,1.23,95.09,"A very disappointing experience.  Amenities not suitable and communication very disappointing.  Messages went unanswered and were fobbed off.  As the host showed no sign in addressing the safety conce | Very kind, flexible and friendly host. Sabrina was super flexible with check in and check out times to accommodate to my needs. She’s very responsive and always reachable. Her house is located in the  | Very responsive host and very helpful as well"
E02000876,Tower Hamlets 013,E09000030,Tower Hamlets,london,219,0.8114,1.83,1.37,96.8,"Nice apartment, but little value for money. When we arrived for check in they were still cleaning after previous guests, so we had to come back later. It was not cleaned very well either, we found dea | We stayed here for 3 weeks in June/July. <br/>Right from the start Stephen was super quick to respond and really helpful which set things off on a really positive note. <br/>Stephen was there at check | The host was really helpful, when we got there the WiFi wasn’t working, I called the host and in a few minutes it was fixed.<br/>The room was nice and clean, there’s only one bathroom and toilet but i"
E02000877,Tower Hamlets 014,E09000030,Tower Hamlets,london,282,0.7512,4.61,2.13,93.26,I arrived shortly before checking which was 2:45ish. I sat with no response for a total of 7 hours. Not only was the tenant careless and endangering my well being but AirBnB as well. <br/>After being  | This was my first AirBnB experience so I was a little nervous but everything went so smoothly. <br/>We were a small group of girls staying and we all agreed it was a wonderful home and was ideal for u | Jayne is an awesome host! The place was tidy and very homey. The location is a quite far from the center but the tube and busses are within walking distance. <br/>Would recommend!
E02000878,Tower Hamlets 015,E09000030,Tower Hamlets,london,1141,0.7527,3.5900000000000003,2.2800000000000002,94.13,"Horrible stay, the place isn’t clean there’s marks splattered on the wall an absolutely horrendous smell of gutters coming from the bathroom and won’t leave the room , carpet has rips with dirty count | Can's apartment was the ideal London base for me and my family. It was central, just a few minutes walk from amazing restaurants and cafes. It was easy to get to, being so close to Liverpool Street St | We had a great time at this apartment.  It was clean and comfortable and near Spitalfields and all the restaurants at Bricklane.  Be forewarned, this is East London and the neighborhoods are quite dif"
E02000879,Tower Hamlets 016,E09000030,Tower Hamlets,london,200,0.7878,2.5,2.5,95.0,"Wasn’t a bad stay but the noise in the room was a problem for me.  It seemed to go on quite late, after 11pm. There’s a restaurant downstairs which is where I imagine the noise was coming from. <br/>t | We had a fantastic stay at Shaz’s beautiful home in East London. Ideally located if you need get to the central London - Elizabeth line 5 minute away that’ll get you to Oxford Circus in just under 15  | Perfect stay in London !  Really appreciate this flat close to the district subway, direct line to the center of london"
E02000880,Tower Hamlets 017,E09000030,Tower Hamlets,london,358,0.7375,4.75,2.23,93.02,The location was nice and furnishings and fittings were good. But the hot water was not working in the bathroom including showers. One of the basins was not draining quickly. We had just checked in an | 👌🏻👌🏻👌🏻Amazing host👌🏻👌🏻👌🏻… definately recommend them… whole family is really nice ..<br/>Will definately stay here again when in town <br/>👌🏻👌🏻👌🏻👌🏻👌🏻 | Shinny was very patient & very responsive.<br/>Apartment was exactly what I was looking for especially the roof view. Quite a spacious apartment with comfy beds. Overall a great experience at Shinny p
E02000881,Tower Hamlets 018,E09000030,Tower Hamlets,london,220,0.7533,5.0,2.27,92.73,"Poor cleaning, we had to make our own bed from damp washing on the balcony as there was only a sheet on the bed and it was filthy, the second bedroom had 4 slats missing so essentially you can only sl | Firstly, Marco, the host is great - easy communication, he was available to answer any questions and gave the all needed instructions in advance, it was a pleasure and you can see it is a great person | Hosts were friendly and respected personal space, room was tidy and clean, albeit a little small for two people. Convenient location as well, and relatively safe. Occasionally there was the smell of c"
E02000882,Tower Hamlets 019,E09000030,Tower Hamlets,london,190,0.8288,3.16,0.53,96.32,"I liked the location, the studio was cosy and quiet, but the place was different from the photos - smaller and without furniture like in the photos (no red sofa or TV table, just a bed instead of it a | Beautiful apartment and great host. Even better than the photos - thoughtfully decorated, personal touches but felt like a boutique hotel, full of gorgeous design choices and everything had purpose. T | Mia was an amazing host. The room was perfect just as described and she thought of everything.<br/>A stress free stay! <br/>Thank you very much.<br/>The no shoes on the carpet also made it feel nice a"
E02000883,Tower Hamlets 020,E09000030,Tower Hamlets,london,153,0.7056,9.15,0.0,90.85,"Not what we expected. Very disappointing. <br/>Arrived to men working on the property - no notice of this. No apology either. <br/>Boxes and clutter in the porch. <br/>No blackout blinds in room 5, 2  | The place was beautiful, so well organised and just amazing ! It felt like home, we were so comfortable and enjoyed our stay immensely. Paige was an incredible host, with excellent communication and b | This was the first time we used the apartment and it was really good. We will definitely come back again"
E02000884,Tower Hamlets 021,E09000030,Tower Hamlets,london,1018,0.73,4.91,1.67,93.42,"Our experience was extremely disappointing. The steep stairs, not disclosed in the listing, made it extremely difficult for my elderly parents to manage. What concerned us even more were the hygiene a | My partner and I were in town for a day music festival and wanted something easy but also comfy and a bit sleek. I've stayed in a lot of Airbnbs but was so impressed by the location and all the amenit | The house is in a good location and close to public transport, so you can get around London easily. If you are a light sleeper, bring earplugs. The apartment is spacious. The host was responsive and g"
E02000885,Tower Hamlets 022,E09000030,Tower Hamlets,london,251,0.7664,4.38,1.59,94.02000000000001,"The listing was misleading — it claimed to have two bathrooms, but there was only one shower. This was a serious issue for our group and made the stay impossible for us, especially due to medical need | The place was 2-3 minutes walk from the train station and only 15-20 minutes away by train to the main attractions. However it is over an hour away from the airport. It has a couple of  grocery stores | Great place, thank you"
E02000886,Tower Hamlets 023,E09000030,Tower Hamlets,london,231,0.8021,2.16,0.8699999999999999,96.97,"We were very disappointed with our stay at this apartment. The listing was misleading:<br/>	1.	The description mentioned that “some train noise may be heard,” but in reality, trains run every 1–3 minu | I stayed at the Fethiye House for a month and couldn’t have felt more comfortable. From the very beginning, I was warmly welcomed and cared for by the two kind hosts.<br/>I tend to be quite sensitive  | Great location and parking. Helpful host!"
E02000887,Tower Hamlets 024,E09000030,Tower Hamlets,london,295,0.7398,5.76,1.02,93.22,"Terrible experience and very unprofessional host. I was locked outside in the cold for 2 hours and couldn’t get a response from host to get in. Had booked with him before and had problems before too t | What to say other than it was absolutely perfect. <br/>Honestly the best airbnb we ever had to book. <br/>Najia and her husband Salim were so so so friendly, it was like we were with family. <br/>The  | Very nice, thanks you for your hospitality"
E02000888,Tower Hamlets 025,E09000030,Tower Hamlets,london,314,0.8082,2.87,0.96,96.17999999999999,"The Aironb itself is ok and with spacious bedrooms inside, the beds were cleaned and we slept well there, nothing fancy but it has what's needed. However, the experience was not the best. The neighbor | I stayed at Angel's place for a week as I needed a temporary place and on the day!. He RESPONDED IMMEDIATELY and the room and flat was ready on my arrival a couple of hours later. The REVIEWS you migh | The apartment was great with a stunning view over the Thames.  The host Jason was very accommodating albeit a bit nervous when we turned up in Halloween costumes.  <br/>I would definitely use this apa"
E02000889,Tower Hamlets 026,E09000030,Tower Hamlets,london,318,0.8113,2.83,1.26,95.91,"Honestly, I was a bit disappointed, first we need to get the key on the other place with our lagguges. Its very inconvenient, our room is very cold no heating at all. Winter is very cold and we’re shi | had an amazing stay at this place for a couple months, unfortunately wasn't able to extend, but it's an amazing location, easy to get around, quiet and safe location, the other housemates were great a | Always a comfortable stay. Great location to explore the Docks area and the Tower."
E02000890,Tower Hamlets 027,E09000030,Tower Hamlets,london,200,0.8434,1.5,1.0,97.5,"Instruction to get inside was  not clear. Had to wait outside the house for hours to get a response. Later because of no response had to cancel our stay. | An amazing & beautiful boat, incredibly warm & comfortable from the moment you step on board. Very quiet too!<br/>The rooms each have their own radiator, but the main central heating system keeps the  | Loved the view and a great host"
E02000893,Tower Hamlets 030,E09000030,Tower Hamlets,london,191,0.7451,4.71,3.1399999999999997,92.15,"Great place to stay but sadly ruined by the other guest in the apartment who made a lot of noise in the early hours on two nights. I messaged Artur about this who did message the guest, but sadly mean | I stayed for 10 weeks at this AirBnB and I can strongly recommend it for anyone looking for short, medium or long-term stays. Both Alex and Mandy are very responsive and friendly communication-wise, a | Gurgan is a good host. I got a flu at this time and he was always very attentive trying to help.<br/>The room is good and the location for those who use the metro is great. The markets and restaurants"
E02000894,Tower Hamlets 031,E09000030,Tower Hamlets,london,199,0.7747,3.02,0.5,96.48,No check in details were provided. I had to message the host and got a response 45 minutes later to say I would receive check in details at 3pm. At 3.20 I had not received the details and was on my wa | Everything was lovely! The house was clean and the area was so nice and quiet in the evening at night so you do not have to worry about noise. The house is really nice and perfect for a one night stay | Omotoyosi communicated very well when an issue had come up with the original booking and found us a very nice alternative.<br/>Thank you
E02000895,Waltham Forest 001,E09000031,Waltham Forest,london,40,0.897,0.0,0.0,100.0,"Great location for the event we were attending<br/>room as described, very clean.<br/>great communication throughout stay | Had the absolute BEST time at Laurel House! The place was spotlessly clean, welcoming, and very well-equipped. We brought things we didn't even use, as there was a welcome pack of supplies! It really  | The room was perfect in any aspect and so it was the kitchen and the living room. Shame was a bit too cold to enjoy the garden. Eddy is extremely kind and when needed I will surely go back to his plac"
E02000896,Waltham Forest 002,E09000031,Waltham Forest,london,24,0.851,0.0,0.0,100.0,"Good location convenient parking | A very spacious and clean master bedroom located in a quiet area beside Epping Forest. The room benefits from it's own, modern bathroom which was a great bonus. The communal kitchen, lounge and dining | Great stay, highly recommended :)"
E02000897,Waltham Forest 003,E09000031,Waltham Forest,london,15,0.9252,0.0,0.0,100.0,"great host, very flexible space. | Kelly has a lovely place and she positively radiates warmth. A great welcome and a guided tour with a bit of history thrown in. The place was stunning. We were there for a gig at Ally Pally, and altho | Really helpful all the way through, very responsive when asking questions. No need to meet at a certain time to check-in, they work off your schedule. All in all I would recommend this place to anyone"
E02000898,Waltham Forest 004,E09000031,Waltham Forest,london,15,0.8312,0.0,0.0,100.0,"Walkable from overground. Easy to get there by bus too.  Many restaurants around.<br/>spacey bedrooms & dinner room.  Included breakfast. | It was my first AirBnB experience and I was pleasantly surprised by the whole experience.  <br/>The room was exactly as presented - if not prettier - and Claudette proved to be a warm and welcoming ho | Claudette was very friendly with clear instructions regarding the door locks, kitchen etc. Great room and en suite A+"
E02000899,Waltham Forest 005,E09000031,Waltham Forest,london,25,0.8064,4.0,0.0,96.0,"Avoid this place !!!. Broken garden door , broken window handle, unclean flat, no parking at all and also neighbours are extremely noisy and want to know your business.I also had a neighbour who infor | We had a wonderful stay at Ida’s place in London! She was a fantastic host — very welcoming and always attentive to our needs, making sure we felt comfortable and at home throughout our visit.<br/>The | Kristina is very accommodating, she has a lovely family too. My pleasure!"
E02000900,Waltham Forest 006,E09000031,Waltham Forest,london,29,0.8579,0.0,0.0,100.0,"Very friendly,we had everything we needed,would highly recommend | Stayed here as a couple and it was perfect for our needs! The accommodation was cosy, comfortable, clean and well equipped. There was Tea and Coffee and the Milk, butter, bottled water, bagels and swe | Sav was a friendly, attentive and generous host. The room was spacious and clean, and had everything you would need for your stay, and the home  is close to transport links to the nearest tube. Would "
E02000901,Waltham Forest 007,E09000031,Waltham Forest,london,73,0.8102,0.0,4.109999999999999,95.89,Return trip here. Very accommodating host. | we had a lovely time staying at this house. it was perfectly clean and really well decorated. a nice garden and in a very peaceful and quiet area. it's pretty far from London city centre but the train | It was an absolute pleasure to stay with  Kyli. The room was perfect.
E02000902,Waltham Forest 008,E09000031,Waltham Forest,london,19,0.7687,5.26,0.0,94.74000000000001,"The worst experience I have had on airbnb: smell of damp throughout the place, stains on pillows, uncomfortable bed/itchy and torn open at the side, not the amenities as stated, the list goes on. We e | It was a pleasure staying at Stacie's house! We were really impressed by the amount of space and the kitchen was a particular highlight – so sunny and genuinely fully kitted out with everything we nee | the rooms are cozy. We felt welcomed，and we chatted with Maria and Edward. <br/>The house is alway tidy and clean. During our stay，they took us to supermarket，and parks，etc. We have great experience t"
E02000903,Waltham Forest 009,E09000031,Waltham Forest,london,96,0.8628,1.04,0.0,98.96000000000001,Unfortunately Beatrice double booked this listing. It was misleading and I was offered another room which was not the one I had booked. She let me know last minute on the day of my check in.<br/>She a | The apartment is clean and in great condition. It is located in a flat complex but the neighbourhood is quiet. Modern and beautifully decorated apartment in London zone 3 with easy links to Central Lo | Jason has a perfect flat for one or two persons. Had my own bathroom Og the kitchen was large with all you need. Had my own place in the refrigerator. He was helpful og easy to talk to.
E02000904,Waltham Forest 010,E09000031,Waltham Forest,london,59,0.8329,1.69,1.69,96.61,"Broadly I enjoyed my stay at Jo's place. The two other tenants and one other AirBnB guest were welcoming, relaxed and nice to be around. <br/>The good points:<br/>- The house is recently renovated wit | I was greeted with the biggest smile and the warmest hug! Hazel is so thoughtful and kind, and she has the best sense of humour, always made me laugh! I'm so grateful to have met her, I loved living w | Rachel was a pleasure to deal with. I recommend staying here as it was easy to commute to the city.  Everything was as described online. Would return. <br/>Caroline & family"
E02000905,Waltham Forest 011,E09000031,Waltham Forest,london,151,0.868,0.66,1.32,98.00999999999999,"Thankyou so much for acomadating us in an emergency due to our original booking being terrible <br/>You were always contactable even tho is was late at night and dropped towels to us <br/>Thankyou | We stayed two nights at Deb's place while we visited London for a concert and general sightseeing. What a great find! A beautiful house, tastefully decorated, immaculate with lots of space for everyon | Good-size ensuite room with friendly hosts. Perfect for a stay in E17. There's also some good food to be found at the street market near the station at the weekends."
E02000906,Waltham Forest 012,E09000031,Waltham Forest,london,122,0.8279,1.6400000000000001,0.8200000000000001,97.54,"This was an absolute nightmare. The room I received wasn’t the one advertised, and the host canceled and changed location a day before moving in, leaving me scrambling. I endured two terrible months h | This accommodation is simply wonderful, spacious, and clean. It has plenty of space, making us feel free and comfortable throughout our stay.<br/>The hosts were excellent - they not only provided us w | Wonderful home in Walthamstow with super hosts! Very communicative and close to the tube"
E02000907,Waltham Forest 013,E09000031,Waltham Forest,london,72,0.8913,0.0,1.39,98.61,"this place is a place to be. | Vincenzo is a superstar host! I have really enjoyed my stay at his place. The room was great and had everything you need, the whole place is spotlessly clean and very well equipped. The building is ea | Sandip was incredibly responsive and helpful throughout my stay. He was always available to answer questions and went out of his way to assist with anything I needed. A truly attentive host—I highly r"
E02000908,Waltham Forest 014,E09000031,Waltham Forest,london,221,0.8373,1.81,0.8999999999999999,97.28999999999999,"The place looks just like the pictures. Bedding not fresh, the mattress is lumpy and feels like there’s nothing left inside it, place has a terrible smell that you can’t get out even after airing with | We had a lovely stay at Lily’s apartment when we visited our son who lives close by.  The location is perfect for exploring London with the underground only 2 minutes walk away but very peaceful and q | Clean, comfortable and suited our needs. Quiet location with good access to shops and transport links. Also close to wetlands for walks and bird watching in green space."
E02000909,Waltham Forest 015,E09000031,Waltham Forest,london,144,0.8518,0.69,0.69,98.61,"If I could give zero stars I would. The first morning we woke up there, we found cockroaches in the kitchen. I quickly wrote our host to let her know, she denied and said that was impossible. The next | We had a fantastic stay!! Cara was super communicative at every stage of our trip including in the lead up. We were traveling with our baby and she went out of her way to make sure we had everything w | Maggie is very welcoming, she's proposing a nice cosy room in a quiet district close to accomodations and transport. Very good experience for me. See you maggie."
E02000910,Waltham Forest 016,E09000031,Waltham Forest,london,237,0.7681,1.69,3.38,94.94,"Place is smaller than in photos. The apartment is up a narrow steep staircase. Uncomfortable bed.  Outside the windows we could see & hear rats.  Not host’s fault, but it made us feel uncomfortable.   | I stayed at Isla's place for an extended time and thoroughly enjoyed my time there.  The apartment itself is gorgeous and spacious, with lovely Victorian style decor.  The kitchen has everything you n | The apartment and location was lovely and although I never met Sahel he was extremely responsive to all our needs"
E02000911,Waltham Forest 017,E09000031,Waltham Forest,london,178,0.8486,1.1199999999999999,1.1199999999999999,97.75,"SCAM, AVOID AT ALL COSTS | Martyna and Haider are the loveliest kind, genuine people you could possibly meet.<br/>Martyna was very warm, kind and helpful before my stay with directions, she was very happy to answer any question | Felix’s home felt like our home. It was so nice to stay somewhere cozy with all the comforts of home."
E02000912,Waltham Forest 018,E09000031,Waltham Forest,london,110,0.8428,1.82,1.82,96.36,"Thank you for cancelling the booking and for understanding that I had an emergency. | It’s been a week since I left, yet I still happily think back to the wonderful ten days I spent with Chloe and Harriet and their two lovely cats, Oshi and Bandit – I’d book my next holiday there in a  | Fay's place is perfect for a short stay if you like to stay in a quiet room close to public transport and lively Walthamstow"
E02000913,Waltham Forest 019,E09000031,Waltham Forest,london,58,0.7624,5.17,0.0,94.83,"Positive:<br/>A well renovated attic room, plenty of cabinet space, a fridge, a desk, roof windows, nice bath, perfect lighting, small TV, good wifi, also USB plugs on bed side. Quiet zone allows slee | It was great to stay in JP’s house! Highly recommend for anyone who wants to have a  experience of getting away from the chaos in the city. Yet the transport is very close and convenient. The house wa | Thank you! We had a lovely stay"
E02000914,Waltham Forest 020,E09000031,Waltham Forest,london,79,0.8601,1.27,1.27,97.47,"Sabina’s place was fully loaded with everything we needed for our stay. It was walking distance to bus stops to get to central London. Wasn’t use to not having AC so the place was very humid and the w | The place was great - beautiful, clean, modern und cosy.  Sabina was a great host and communication was really good as well! we found everything we needed and hoped to have at the place. really nice i | Nina and Yuri are friendly and welcoming hosts. Their place is very relaxing to stay at."
E02000915,Waltham Forest 021,E09000031,Waltham Forest,london,166,0.7919,3.61,3.01,93.37,"Unprofessional, disrespectful and the worse thing was blaming me with something I have never seen it or even noticed it. <br/>Blaming others with its own fault is something terrible and unprofessional | A wonderful home from home - in fact, I wanted to move in! As others have stated, Gokce is a total sweetheart. As well as being a really interesting person, she is thoughtful, kind, respectful and hel | Good value for money and helpful host"
E02000916,Waltham Forest 022,E09000031,Waltham Forest,london,147,0.8341,2.04,2.04,95.92,"Unfortunately, the host has informed us the wrong check out time. This had lead to the housekeeper showing up hours early kicking us out. The housekeeper did not state he was housekeeping he just show | One of the best Airbnbs in my life! The place is even better than in the photos. Stylish and extremely cozy little chateau with a touch of the French style and a sprinkle of love. Having a private bat | Great stay at Laura’s - very convenient location and lovely apartment"
E02000917,Waltham Forest 023,E09000031,Waltham Forest,london,180,0.8287,2.78,0.5599999999999999,96.67,"The building is in a good location, easy to access good places . Host was good in the beginning but not considerate after stating the safety hazard , where I had to show them the floors which was not  | Thank you for the lovely stay!<br/>The accommodation placed in a quiet area (perfect after a day in busy London) but also has a good connection to public transport. The garden is a great addition when | Excellent flat also for longer stays. We visited as a young family. Parks, playground and supermarket in walking distance. We had a great time."
E02000918,Waltham Forest 024,E09000031,Waltham Forest,london,163,0.8443,1.23,1.23,97.55,"There were aspects of this house that were great. However, the host wanted to come over and water her plants. On the morning she was running early so we rushed to get the kids out.<br/>She provided us | Our family spent a pleasant time in this lovely terraced house. The house is very well located with excellent public transport connections. It is really well-designed and furnished with care. The kitc | Wonderful stay with Bella a very accommodating host very friendly and chatty even assisted with items I had forgotten! Room as described, we can’t wait to come back 😀"
E02000919,Waltham Forest 025,E09000031,Waltham Forest,london,158,0.8149,1.27,1.27,97.47,"The house was in a good location. Check in was quite awkward with no instructions on the listing, just saying keys were in a box but without leaving us a code. We waited for 4 hours for a reply ( 8pm  | I honestly can't recommend Phoebe and her lovely home highly enough. Such a beautiful property with stunning original feature ceilings and open fireplaces. We've treated ourselves to an open fire in t | Great Hosts that responded to all questions quickly before and during the trip. Was very flexible with the check in and out process due to airline flights. Was even more flexible with an additional co"
E02000920,Waltham Forest 026,E09000031,Waltham Forest,london,209,0.7885,2.87,0.48,96.65,"The place was spacious and had all the amenities as described in the listing. Very convenient to the travel via tube. <br/>It was clean to a certain extent however there were dirty dishes, half eaten  | Francesca's place is everything an airbnb property should be:<br/>1.  Location - excellent since its close to central London but also close to the country side.  The bus stop is a minute away and two  | Great location, easy comunication."
E02000921,Waltham Forest 027,E09000031,Waltham Forest,london,173,0.7522,4.05,2.8899999999999997,93.06,"Upon arrival the host did not confirm our identity, simply said “upstairs” handed us the keys and told us “no oven” and when we asked questions she indicated she could not speak English. <br/>The adve | Great stay at Fabrizio's place – I was very comfortable and enjoyed my short time there. Check-in (and check-out) were a breeze. Although we didn't see each other much during the week, we had a couple | The attention from hosts its impeccable. The clean it’s wonderful and airy house. <br/>It’s close to bus and train stops.<br/>super recommendable."
E02000922,Waltham Forest 028,E09000025,Newham,london,5,0.9255,2.08,0.69,97.22,"just as advertised but amenities could be more modern tv is tiny, kitchen utensils (plastics), no iron | Kon and Em have an amazing place. It's their own cute cozy place and they made me feel comfortable and at home. To know about London from them is super special because it's very honest and almost like | A great clean house with plenty of space. Was a perfect place to stay not too far away from central London but at a reasonable price per person.<br/>Lora communicated with us clearly and responded qui"
E02000922,Waltham Forest 028,E09000031,Waltham Forest,london,139,0.8511,2.08,0.69,97.22,"just as advertised but amenities could be more modern tv is tiny, kitchen utensils (plastics), no iron | Kon and Em have an amazing place. It's their own cute cozy place and they made me feel comfortable and at home. To know about London from them is super special because it's very honest and almost like | A great clean house with plenty of space. Was a perfect place to stay not too far away from central London but at a reasonable price per person.<br/>Lora communicated with us clearly and responded qui"
E02000923,Wandsworth 001,E09000032,Wandsworth,london,356,0.8515,0.84,1.69,97.47,"The flat was beautiful! It was near lots of stores, restaraunts and the train. It was a bit hot due to no Air conditioner but we were offered a fans ceom the owner as an alternative option. The only i | We had the most wonderful stay at Sam’s apartment — it truly felt like a home away from home. From the moment we booked, communication with Sam was warm, responsive, and thoughtful. He’s an open and h | Super quick communication and very accommodating hosts. The venue has been done out very well and is very smart."
E02000925,Wandsworth 003,E09000032,Wandsworth,london,303,0.8296,2.64,1.32,96.04,"This is without a doubt the worst accommodation experience I've had in all my years of travelling. Quite literally, 1hr30mins before check in the host cancelled our booking with absolutely no explanat | Had a really wonderful stay at Sue's place, was just like the pictures! So beautful, light - bright and clean! It's such a gorgeous space and particularly loved the terrace which is right off the livi | Aza's place was clean,comfortable, spacious, nice beds and well looked after. Communication with Aza was prompt and always helpful. A well run B&B."
E02000926,Wandsworth 004,E09000032,Wandsworth,london,461,0.8553,1.52,0.43,98.05,"Dismal, dirty, disappointing. No directions to the building, Google maps could not find by postcode; several minutes searching with nearby drunks shouting/breaking bottles. New description of a 'vibra | This was my first time using AirBNB, I spent a week at Louis's home and was very happy with the experience: 10/10!<br/><br/>Louis is a warm and generous host. He made me feel welcome from the minute | Firstly, the flat is beautiful. Spacious, clean - everything is done to a top spec. We did, however, experience a number of issues. Before arriving, we had to pay additional funds for a damage deposit"
E02000927,Wandsworth 005,E09000032,Wandsworth,london,191,0.8295,2.09,2.62,95.28999999999999,"The apartment was in a terrible state. The hallway was very dirty and the cleaning was poor. The sofa bed was supported by plastic buckets, and the towels and bedsheets were very old. However, the wor | It’s a steal!<br/>We loved our stay, it felt like home and  not like a rented house - beautifully designed, yet practical, it had everything we needed. Most important for us were sleeping arrangements | Wasn’t expecting the train at the end of the small courtyard garden, mentioned luxury and altho a large space was fairly basic. No real seating area for the size of the property.<br/>Lovely bath … no "
E02000928,Wandsworth 006,E09000032,Wandsworth,london,175,0.8564,1.71,0.5700000000000001,97.71,Soner wanted me to meet him at a second location 30 minutes away to pickup keys and then said he'd take me to the AirBnB. In the end his partner met us at the AirBnB but this request was extremely odd | Philippa and her family are so welcoming and lovely! Philippa checked with me multiple times during my stay to make sure everything was great and if I needed anything. Also she made sure I knew I coul | good value place in great location
E02000929,Wandsworth 007,E09000032,Wandsworth,london,166,0.7448,5.42,1.81,92.77,"Apartment was quite modern, clean and very close to Clapham Junction so easy access to the city, shops, etc.<br/>It was challenging to enter the property, we'd been travelling over 30 hours but were l | We had the pleasure of staying at Hande's lovely place for six weeks when we had our baby in London. Hande's kindness and hospitality made our stay incredibly comfortable and memorable. The apartment  | Very nice room in a convenient location and very nice people"
E02000930,Wandsworth 008,E09000032,Wandsworth,london,358,0.8486,0.84,0.5599999999999999,98.6,"I honestly don’t know where to start, I’ve never written a negative review on Airbnb before but I’m writing this in the hope it helps someone else not have the experience we did!<br/>The check in inst | Our original Airbnb was cancelled a few days before we arrived and I booked Zayd's place instead. Zayd was extremely responsive from the beginning and offered great instructions for arrival and made a | Great place and parking was perfect.<br/>Stunning place and great facilities."
E02000931,Wandsworth 009,E09000032,Wandsworth,london,277,0.8669,1.44,0.72,97.83,"Due to last minute booking cancelled by veeve , I had to find other arrangements which caused serious mess up with my plan, further slow response by veeve made things worst causing further uncertainty | Wow, what a great apartment. The location is incredible! Just a short walk from the tube station tucked away in the cute area of Clapham old town. Perched right on the side of a huge park, it's the pe | Lovely flat in a good location. We needed to be near our house which was being renovated so knew (and like!) the area."
E02000932,Wandsworth 010,E09000032,Wandsworth,london,493,0.8668,0.8099999999999999,0.0,99.19,"Host cancelled stay night before international arrival. Slow contact through Airbnb with no direct contact on supplied number which was stressful arriving in UK and not knowing what was going on with  | Staying at Cecilia’s Wandsworth town home was a delight. Beautiful interior design, perfectly comfy beds, and to entertain our 6yr old daughter was a lovely collection of books & toys & bikes/scooters | Booked this place for a weekend in London with some friends, good location & over all happy"
E02000933,Wandsworth 011,E09000032,Wandsworth,london,164,0.8462,0.61,1.83,97.56,"Ghost Hosts was a bit slow to help and at first we thought it was a scam because they did not follow through sending checkin instructions before checkin. We waited for 30 min for them to respond and a | Philippa and her family are so welcoming and lovely! I arrived a frazzled from helping my family move home, so I needed a base close by. Their home was a sanctuary and perfect location. It's a short w | A really lovely flat right near Putney high street and Christian was a wonderful host!"
E02000934,Wandsworth 012,E09000032,Wandsworth,london,450,0.8641,0.44,0.89,98.67,"It isn’t the same apartment as on the pictures! We also paid for early check-in for 11AM, while I was waiting for 4+ hours in front of the apartment with my luggage because we had access to the keys a | This was a great place for me and 2 of my children (16 & 18) to stay for the week. The location was great! Just a straight shot to Clapham Junction that was walkable, or jump on the bus and be there i | We had a perfect stay in the apartment, nothing was missing. All was great : the apartment itself, the location, the communication with Mel.<br/>The apartment is just next to Clapham Junction where yo"
E02000935,Wandsworth 013,E09000032,Wandsworth,london,46,0.8667,0.0,0.0,100.0,"Kai is an amazing host. She replies always very quick and precise. Before I booked the room, she warned me that the room was really small, maybe the smallest room I had every stayed. But it is not tha | I had a really enjoyable stay at the Arabella Flat where I’ve spent 7 weeks and would definitely recommend this place! Kai is incredibly kind, responsive, and always willing to help. The flat is cozy  | Great stay, nice and easy to get into central London."
E02000936,Wandsworth 014,E09000032,Wandsworth,london,181,0.8492,1.0999999999999999,1.0999999999999999,97.78999999999999,"There was a leakage and also en suite room was blocked. We report him the problem, he said ok you can cancel the booking and go somewhere else. We were four people and my mom and brother were abroad.  | Great hosts! Great location! Such a cute, clean apartment. The hosts were great people, they were really helpful and responsive! The apartment was so clean and well equipped. The location is really go | Lovely stay and great communication!"
E02000937,Wandsworth 015,E09000032,Wandsworth,london,237,0.8413,1.27,2.11,96.61999999999999,"Best to avoid Anton and the entire team here. We booked this location as we know it is fantastic and have stayed here before. I feel that it should be noted that there are a lot of hidden costs, Anton | Tess offers a warm welcome in her beautiful and stylish SW11 home. My room was clean and beautifully presented (as is the entire house) - the bed is very comfortable with  lovely bed linen. The adjoin | Stylish, child-friendly apartment in the heart of trendy and accessible Clapham Junction. We especially appreciated the washer-dryer, and the babysitting rec! All in all, exactly what we were looking "
E02000938,Wandsworth 016,E09000032,Wandsworth,london,170,0.8266,1.76,0.59,97.65,"The house is very nice, small but well-laid out. Biggest issues were:<br/>Cleanliness: <br/>1. The front garden had rubbish bags left outside & because the foxes had ripped them open there was rubbish | We had a wonderful 2-month stay at this home in Putney. The location was ideal — close to shops, public transport, and just a short walk to a lovely children’s park, which was perfect for our little o | Very convenient and comfortable place to stay in London and Tina is a great host"
E02000939,Wandsworth 017,E09000032,Wandsworth,london,97,0.9247,0.0,0.0,100.0,"The location is 10/10. Nice upscale safe neighborhood, conveniently located near clapham south tube station and near grocery stores and restaurants on Balham Road.<br/>The issues that we had were:<br/ | Mitch is the best host ever and his place is highly recommended. Everything smelled clean and new. every single detail is thought of,  never did I see such peculiar attention to all needs. Furnished w | A lovely and well situated flat with a pleasant and helpful host.  Would recommend."
E02000940,Wandsworth 018,E09000032,Wandsworth,london,217,0.8478,1.8399999999999999,1.38,96.77,"Had a very difficult time checking in. One of the keys was not left for my arrival and I had to wait 2 hours outside in the cold for a response. I then finally got to use another flats keys but had to | What a delight to stay at Swati’s place. It felt like a home away from home. I did not need to ask Swati for anything as everything I needed to know was proactively provided. Not just that, as it was  | Great, central spot and lovely host!"
E02000941,Wandsworth 019,E09000032,Wandsworth,london,274,0.8849,0.73,0.0,99.27,"Probably the worst AirBnB place I have stayed at. The place stank like cigarette smoke, all the furniture was stained, the lift was broken so we had to walk 4 flights of stairs every day (with a toddl | What an easy, non stressful and relaxing week. I needed a place to stay and work for a few days before heading home to family and Graziella’s flat in Clapham junction ticked every box and more. I trul | Rob himself was very lovely and very helpful. Easy check in and the apartment had everything you’d need ! Great area and easy walk to the station. The only thing was there was quite a musty odour comi"
E02000942,Wandsworth 020,E09000032,Wandsworth,london,247,0.8765,0.8099999999999999,0.8099999999999999,98.38,"Rosina's place has an updated kitchen and bathroom provide a comfortable living space, but it's essential to note that it's an annex of Rosina's home, connected through a door to their living room and | Absolutely loved my stay at Nat’s place! 🌿✨<br/>From the moment I arrived, I felt completely at home. Nat is the kind of host that makes everything feel easy, warm, and welcoming — with just the right | Great location for Wimbledon tennis tournament, very comfortable room and all amenities explained well by the host!"
E02000943,Wandsworth 021,E09000032,Wandsworth,london,148,0.8461,1.35,0.0,98.65,"Tanica’s attitude made me feel rather unwelcome: I offered an afternoon, after work or late arrival as best fits her, and she chose late and I said I’d aim for 10pm. I didn’t expect to be scolded when | We loved our stay in this beautiful apartment. It was our first time in Clapham and this elegant home is right across the road from the Common which is stunning. Perfect for a morning run! <br/>This w | Katharine was a great hoste my flight was really late and she stayed up to wait for me.<br/>Thanks for being such a great hoste"
E02000944,Wandsworth 022,E09000032,Wandsworth,london,134,0.8537,0.75,1.49,97.76,"The owner misinterpreted that I was looking for a rag to clean the bathroom (inside the bathroom) and accused me of interfering in private spaces. | Zita has been a fantastic host! <br/>She has been very quick to message and offered thoughtful recommendations. We were worried about parking— knowing how difficult it can be in london— but rest assur | Had a great stay without any problems, excellent location, near tube and bus stops, loads of places to eat around the area, and the hosts were very friendly and helpful."
E02000945,Wandsworth 023,E09000032,Wandsworth,london,86,0.8407,1.16,2.33,96.50999999999999,"We got in with the key he left but didn’t stay after we’ve seen the place. The kitchen and everything in it has never been properly cleaned. The room was a different one and also there was mould and d | The best AirBnB in London. Hosts are very friendly, welcoming and creative family. Host was very flexible with check in. House is beautiful. Room was great, warm and clean. Location is perfect. There  | Very flexible checkin and checkout, amazing place with a fully equipped kitchen. Would definitely come again!"
E02000946,Wandsworth 024,E09000032,Wandsworth,london,173,0.8763,0.58,1.16,98.27,"Worst Airbnb in London. <br/>DO NOT USE | Absolutely wonderful stay! Madeleine was a fantastic host and it was a great place to chill / relax and recover after a full day at Wimbledon! She left me an excellent cup of coffee and was super help | We had a great time in London visiting London from this centrally located flat. The triple bunk beds were a hit with our kids, and the location was amazing. We hopped on the Earlsfield train and were "
E02000947,Wandsworth 025,E09000032,Wandsworth,london,231,0.8348,2.6,0.43,96.97,"Clean and recently refurbished room and bathroom, but entrance pretty tatty (up fire stairs and then interior staircase with dirty stair carpet), and room in the eaves, so unfortunately very hot (we h | I had the pleasure of staying at Uzair's place, and it was a fantastic experience. From the moment I arrived, I felt welcomed and comfortable. The room was well-equipped with everything I needed, and  | beautiful home and great host."
E02000948,Wandsworth 026,E09000032,Wandsworth,london,197,0.8381,2.03,1.02,96.95,"The good:<br/>Tube station is quite close and there is grocery across the street. It has beds and a fridge. <br/>The bad: the place had a noticeable unpleasant odor on arrival, the bathroom smelled fa | We haven’t used air BnB for a while but tasha’s amazing house has now reminded us of how utterly brilliant it is.<br/>Firstly the utterly delight my Tasha was sooo wonderfully responsive to my endless | Even though we only spent 3 days with Ellie, I think she is a very open and communicative person. She was always smiling and asked how our day was. Her house was fully equipped, we lacked nothing. Und"
E02000949,Wandsworth 027,E09000032,Wandsworth,london,167,0.8844,0.6,0.0,99.4,"This was a nice place located in London-our main issue was there was no parking space for car and we did not know until we got there; Stewart was not helpful but then Amber took over and handled the i | Fantastic stay with Ben!  His apartment is so nice and he is an absolutely lovely man.  The bed was so comfortable and the room was really spacious, something I hadn’t dared to hope for in a city stay | Very nice flat, welcoming host, brilliant views!"
E02000950,Wandsworth 028,E09000032,Wandsworth,london,185,0.8185,2.7,1.08,96.22,"This was the worst Airbnb experience I have ever had. The house was dirty, musty and smelled horrible from the moment I walked in. The photos online were misleading and did not show the reality of thi | Denise and Jonathan were extremely welcoming and made us feel comfortable even from our first message with them. <br/>Perfectly situated for a wedding we had local to the area, the studio was incredib | Good stay! Thank you 🙂<br/>Peaceful place"
E02000951,Wandsworth 029,E09000032,Wandsworth,london,111,0.8203,1.7999999999999998,2.7,95.5,"Flat was very dirty and musty when we arrived, thick air and set off allergies. We complained and a cleaner came in the next day which was very helpful and responsive if the host however they only cle | We had a wonderful stay at Rachel’s place! From the moment we arrived, we felt right at home. The bedroom was spotless and beautifully styled, with bed sheets and towels that felt fresh and high-quali | Very comfortable and quiet.  Convenient to restaurants and grocery stores.  Harley had great recommendations regarding restaurants."
E02000952,Wandsworth 030,E09000032,Wandsworth,london,66,0.8531,1.52,1.52,96.97,"Vilma was good with communication before I stayed and I asked for an extra towel and she responded quickly. <br/>The location is good for the tube and local restaurants and bars. <br/>Sadly the proper | I've spent one month with Karin, Tony and their kids and, during all that time, I felt very welcoming. It was like home for me. I could have my moments of privacy, as I wanted, but I also had a lot of | Lovely place, clean and tidy, near the tube station. Would certainly stay again!"
E02000953,Wandsworth 031,E09000024,Merton,london,1,0.6249,0.8,0.0,99.2,"Very clean, good location. Nothing special in terms of hosting or accommodation, but for the price and the exceptional level of cleanliness you can’t go wrong. Would stay again. | This apartment is very clean and comfortable. Tom clearly lives here when not renting out the whole place, but, he leaves a perfect amount of space in drawers, closets and kitchen for guests to be com | Thank you Katie , we had a great stay at your beautiful home ."
E02000953,Wandsworth 031,E09000032,Wandsworth,london,124,0.8818,0.8,0.0,99.2,"Very clean, good location. Nothing special in terms of hosting or accommodation, but for the price and the exceptional level of cleanliness you can’t go wrong. Would stay again. | This apartment is very clean and comfortable. Tom clearly lives here when not renting out the whole place, but, he leaves a perfect amount of space in drawers, closets and kitchen for guests to be com | Thank you Katie , we had a great stay at your beautiful home ."
E02000954,Wandsworth 032,E09000032,Wandsworth,london,83,0.6852,6.02,2.41,91.57,"My experience with this host was deeply disappointing and frankly upsetting. Before my arrival, the host called me and made outright racist remarks, specifically mentioning he didn’t want me cooking I | What a gem. The place is located on a pretty quiet residential street, within approximately 10-15 minute walk either direction to a Tube station (Northern Line), restaurants, Broadway Market, pubs, fo | Very clean apartment and easy to check in and out."
E02000955,Wandsworth 033,E09000032,Wandsworth,london,126,0.7491,3.9699999999999998,3.17,92.86,"I stayed here for 3 nights and unfortunately lost over £2000 during my stay. I strongly believe someone entered the property without forced entry – most likely someone who had access to the key. On th | What a generous host you are! Thank you very much for your warm welcome. Your warm hospitality made our stay a pleasure. You didn’t think twice about providing whatever I needed to be comfortable, eve | excellent stay as always thank you"
E02000956,Wandsworth 034,E09000032,Wandsworth,london,165,0.7869,3.0300000000000002,1.82,95.15,"This was the worst place/stay I have ever experienced. I made a mistake with the booking accidentally selecting 1 instead of 2 guests as I was staying with my partner. The host said it was ok and sent | We absolutely loved our stay at Penelope’s beautiful home! From the moment we arrived, Penelope was incredibly welcoming, responsive, and attentive, truly a wonderful hostess. The house itself is spre | Ricks place was great for my Wimbledon visit. I took a uber early morning to queue and then took a bus after the last match. I highly recommend staying here if you are planning to visit Wimbledon."
E02000957,Wandsworth 035,E09000032,Wandsworth,london,231,0.8236,2.16,1.73,96.1,"Didn’t seem like it had recently been cleaned, no obvious stains or dirt but very obviously not clean. Host was very bad at replying, still waiting on a reply as have most likely left an item behind b | Tali's place in Tooting was great. We stayed for four days and the space was perfect for our small group of three. The layout and decor was lovely, welcoming, and comfortable. Loved having a little ba | The flat was walkable to the town and main street. It was also a good size, though it was over two floors, which we didn't realize. The main issue was that there was no AC or fans. The flat was extrem"
E02000958,Wandsworth 036,E09000032,Wandsworth,london,115,0.8359,2.6100000000000003,1.7399999999999998,95.65,"Hostel vibes for a much higher price. There was dust and pet hair everywhere, rotten food in the fridge, I had some Tupperware stolen during my stay. There were renovations going on while I was stayin | Rebecca was the perfect host, she was very helpful as well as open and responsive with her communication before , through and after the stay. Her family house is better than the pictures, immaculately | Sarah was a great host with a lovely home.<br/>The outdoor terrace felt very spacious and private."
E02000959,Wandsworth 037,E09000032,Wandsworth,london,82,0.8256,3.66,1.22,95.12,"100% unreliable!!  It was not until we were knocking on the door late afternoon that this owner cancelled on us! He did not have the courtesy to contact us earlier in the day when he already knew he w | I really enjoyed my stay at Fatima's place. She always keeps her place squeaky clean, meanwhile the neighbourhood is beautiful and peaceful. We had lovely talks and everyone I met there are extremely  | myself and my sister were heading to the tennis in Wimbledon, so we stayed in Sophie for 5 nights, our room was on the top floor, we knew this when booking, to say Sophie went out of her way to make u"
E02000960,Westminster 001,E09000007,Camden,london,5,0.8359,0.6,0.6,98.8,"Really nice place to stay with nice staff.<br/>Everything was as shown in the pictures.<br/>An outlet beside the bed wasn't working, but that's the only problem we got during our stay. | I went to London for five weeks for my PhD and had the luck to be hosted by Alina. She was not only an amazing host, but also an incredible housemate! We became friends from the very first day and she | Very responsive and great customer service. I had a few problems at the start that quickly got rectified. Great location for a basic studio"
E02000960,Westminster 001,E09000033,Westminster,london,161,0.8666,0.6,0.6,98.8,"Really nice place to stay with nice staff.<br/>Everything was as shown in the pictures.<br/>An outlet beside the bed wasn't working, but that's the only problem we got during our stay. | I went to London for five weeks for my PhD and had the luck to be hosted by Alina. She was not only an amazing host, but also an incredible housemate! We became friends from the very first day and she | Very responsive and great customer service. I had a few problems at the start that quickly got rectified. Great location for a basic studio"
E02000961,Westminster 002,E09000007,Camden,london,3,0.9282,2.0500000000000003,2.4,95.55,"The apartment was changed on the day before the flight, with the explanation that the hot water was broken in the booked one. <br/>An alternative was offered in a really good location, but unfortunate | Very nice cozy apartment! The place was as described in the photos! The one that we stayed at, is not on the road level (maybe some photos are a bit misleading) but the house has access to a great yar | The flat is situated in a lovely area and Assad is a very friendly and attentive host. The flat itself is in the basement of the building and a bit more dark and murky than we expected from the photos"
E02000961,Westminster 002,E09000033,Westminster,london,289,0.8034,2.0500000000000003,2.4,95.55,"The apartment was changed on the day before the flight, with the explanation that the hot water was broken in the booked one. <br/>An alternative was offered in a really good location, but unfortunate | Very nice cozy apartment! The place was as described in the photos! The one that we stayed at, is not on the road level (maybe some photos are a bit misleading) but the house has access to a great yar | The flat is situated in a lovely area and Assad is a very friendly and attentive host. The flat itself is in the basement of the building and a bit more dark and murky than we expected from the photos"
E02000962,Westminster 003,E09000033,Westminster,london,193,0.7421,6.74,1.04,92.23,"This was not a good experience.  Check-in was annoying. Meeting the person with the keys, the first people we talked to had no idea what we were talking about, but after 5 minutes figured it out.  No  | Amazing location we almost walked to everywhere. theres bus stop 1 minute walk from home so the times we didn't wanted to walk we took busses from central London to airbnb that was perfect for us. I w | Thank you for hosting me. You have a lovely home. xxx"
E02000963,Westminster 004,E09000033,Westminster,london,290,0.7762,3.45,3.1,93.45,Very small flat no window in kitchen/living room poor ventilation. Poor cooking facilities and equipments. two burner hob keep switching its self off while cooking. In pictures it shows coffee machine | We were relocating back from New York to the UK during the covid pandemic which meant a two week quarantine.  We had a lot to arrange due to the relocation so we wanted a place to stay that was in a g | Great for a group/family travelling and clean accommodation. Very close to Westbourne Station. Had everything we needed close by.
E02000964,Westminster 005,E09000005,Brent,london,8,0.1029,4.33,1.3299999999999998,94.34,"I had a very disappointing experience staying at this Airbnb hosted by Monica. From the beginning, the WiFi didn’t work properly, which was a major issue for me. I reached out to Monica several times, | This is the best Airbnb I’ve ever stayed in, and I’ve travelled to many countries. I rarely leave reviews, but Carlo and Claudio deserve it. The location is perfect: 5 minutes to Queen’s Park station, | Great stay! Thank you"
E02000964,Westminster 005,E09000033,Westminster,london,593,0.7924,4.33,1.3299999999999998,94.34,"I had a very disappointing experience staying at this Airbnb hosted by Monica. From the beginning, the WiFi didn’t work properly, which was a major issue for me. I reached out to Monica several times, | This is the best Airbnb I’ve ever stayed in, and I’ve travelled to many countries. I rarely leave reviews, but Carlo and Claudio deserve it. The location is perfect: 5 minutes to Queen’s Park station, | Great stay! Thank you"
E02000965,Westminster 006,E09000033,Westminster,london,463,0.8033,3.02,1.08,95.89999999999999,"Not recommended.<br/>The location was convenient, but this was my worst Airbnb experience. The flat was dirty, with spider webs, dust, and a damp, moldy smell. Cleaning wasn’t even finished by the 3 P | I stayed 45 days in Serge’s house and I felt like home! A very clean, tidy and  organized room with a comfortable bed, nice table, good space to put clothes, fast internet connection and an exclusive  | Loved our stay in the flat :) very homey and cozy!"
E02000966,Westminster 007,E09000033,Westminster,london,383,0.8204,2.35,1.83,95.82000000000001,"Avoid This Property – Serious Ant Infestation<br/>My friends and I stayed in Warm Little Venice over the weekend, and our experience was awful. Upon arrival, we found the kitchen crawling with ants an | Monica and Tom were lovely to deal with and warm and welcoming and very helpful when we arrived.  <br/>Their home was beautiful, spotlessly clean and smelt divine.  The bedroom was spacious with lovel | Nice spacious apartment close to Little Venice. <br/>Very clean and comfortable."
E02000967,Westminster 008,E09000033,Westminster,london,884,0.7992,2.71,1.02,96.27,"We had a terrible experience with Park Lane, and cannot recommend that anybody book this room or any room with them.  When we arrived, we were led to a room that was not the one we booked, and in whic | Great airbnb, really, best holiday home ever. Very good and peaceful stay. The property and facilities are really superb. The price is good and the location is excellent. Love the place better than ho | It was a great stay, and the host was very attentive and helpful."
E02000968,Westminster 009,E09000033,Westminster,london,1026,0.7266,5.46,1.46,93.08,"This was the worst experience I’ve had with a host. Beware of Blueground.<br/>The boiler was broken upon arrival, which meant a cold apartment and cold showers. Reported within 24 hours and it took 3  | Super perfect, hostel vibe! I thought it was an apartment with the host inside, but it was a building with about 4-6 other rooms & other parties/guests. The other people were so sweet and we bumped in | We were 5 girls on vacation and this apartment provided us with everything we needed, the host was responsive and checked with us regularly. Overall a very pleasant stay"
E02000969,Westminster 010,E09000033,Westminster,london,353,0.8352,1.4200000000000002,1.4200000000000002,97.17,"The flat itself and location was fine, but we were let down by the kitchen being unusable, due to an infestation of pantry moths / bugs caused by food stuffs left in cupboard and fridge. When we raise | I loved staying here! I stay for 3 months and it felt so much like a home and a space I felt happy to come back to after classes. Elizabeth and Dan were great hosts and so kind and sweet. They were gr | It's a great studio, clean and well located."
E02000970,Westminster 011,E09000033,Westminster,london,1211,0.7976,4.05,0.74,95.21,This was one of the worst Airbnb experiences I’ve had. The apartment was extremely hot with only two fans provided for the entire space. We ended up buying our own fans just to survive the heat. Unfor | This was such a great apartment! I was a bit nervous as it didn't have many reviews but I was coming out from the U.S. for a training on Harley Street and wanted to stay within walking distance of tha | Thoroughly enjoyed my stay!<br/>Thanks Caroline for being so responsive
E02000971,Westminster 012,E09000033,Westminster,london,1450,0.7675,4.21,1.0999999999999999,94.69,"The smell was horrid! Told we were getting ground floor n got the very top floor… with three kids location up dark dingy steep unsafe stairs with no lights was terrible! The kitchen utensils were shoc | 10/10 HIGHLY RECOMMEND!!! This is the best apartment I’ve ever stayed at in Marylebone! Well finished, modern, clean, and crisp. It’s huge and the layout is excellent. The bedrooms and living areas ar | Pros: Incredible location! Right by regents park and baker street station, making it easy to get anywhere in the city. The hosts also had great communication and responded right away whenever we had a"
E02000972,Westminster 013,E09000007,Camden,london,20,0.8563,2.74,1.04,96.21,"5 Stars for location but that’s it.<br/>We had a string of issues, numerous emails to report them and very little addressed. <br/>Worst one. They double booked our apartment and another couple unlocke | I had an extremely delightful time at Ben’s place. At first, I could not believe the location and when I entered the apartment I was stunned how cool this place was. It is not a palace, but fits every | Great stay! Would highly recommend and come back."
E02000972,Westminster 013,E09000033,Westminster,london,2859,0.8008,2.74,1.04,96.21,"5 Stars for location but that’s it.<br/>We had a string of issues, numerous emails to report them and very little addressed. <br/>Worst one. They double booked our apartment and another couple unlocke | I had an extremely delightful time at Ben’s place. At first, I could not believe the location and when I entered the apartment I was stunned how cool this place was. It is not a palace, but fits every | Great stay! Would highly recommend and come back."
E02000973,Westminster 014,E09000020,Kensington and Chelsea,london,8,0.9204,2.07,1.46,96.47,"Hosts rejected the compensation promised, once we reported through Airbnb to proceed with the claim.<br/>Hosts ruin the first night that leave me and my family to sleep in the chaos that was left from | When we first stumbled upon this flat on AirBnB, it seemed almost too good to be true. There must be a catch! But everything was as perfect as it seemed online. Luca is the most thoughtful and welcomi | 10/10. very comfortable,  clean and secure"
E02000973,Westminster 014,E09000033,Westminster,london,813,0.8384,2.07,1.46,96.47,"Hosts rejected the compensation promised, once we reported through Airbnb to proceed with the claim.<br/>Hosts ruin the first night that leave me and my family to sleep in the chaos that was left from | When we first stumbled upon this flat on AirBnB, it seemed almost too good to be true. There must be a catch! But everything was as perfect as it seemed online. Luca is the most thoughtful and welcomi | 10/10. very comfortable,  clean and secure"
E02000974,Westminster 015,E09000033,Westminster,london,1202,0.7107,6.819999999999999,1.7500000000000002,91.43,"I don't often or at all put places on blast but, when you walk upto the place outside looks ok. Get to the door code does not work. Great start, walk in staff are on there personal mobiles dirty towel | My first experience with Airbnb was at Robert's most wonderful London Bathurst Mews flat, and I was extremely  happy with everything.<br/><br/>The location of the Mews house is ideal, and as Robert  | I would highly recommend this place. Mr. Soul did answer all my questions and he also made the exception for us to get the early check in, and that was very helpful."
E02000975,Westminster 016,E09000033,Westminster,london,1485,0.7798,3.3000000000000003,1.7500000000000002,94.95,"Unfortunately one of the worst Airbnb experiences we’ve had. The reason we had picked this apartment was because it had and AC which is hard to find. Unfortunately the AC was broken and would switch o | This is a solid place to stay. The location is fabulous, a short walk to stores, pubs and Hyde park. Taxis were easily obtained right on the main road and the area felt very safe.  This is an “apartho | Great location, quick response, spotless clean"
E02000976,Westminster 017,E09000033,Westminster,london,1734,0.7748,3.52,1.5,94.98,"I will love to right a beautiful review but unfortunately I can’t. <br/>The flat didn’t have any maintain and  worse it was dirty. No one would like to bring their family for Xmas and next day when yo | I absolutely loved my stay at this apartment!!. The location was fantastic—just minutes from the Tube, charming cafes, great restaurants, and beautiful spots like Kensington Gardens and Portobello Roa | Lilly is a very welcome host. The room is small but as expected. Lilly's flat location is ideal, very central. The flat was under renovation and Lilly has adapted the price accordingly."
E02000977,Westminster 018,E09000033,Westminster,london,2795,0.8059,2.9000000000000004,1.11,95.99,"This apartment is nice inside and well located but so many frustrations. First, we paid extra for a 2-hr early check-in but did not get check-in instructions until after that 2-hr period started. Next | My fiancé and I stayed at Duncan's central London townhouse in the Herman Melville rooms on the 2nd floor. The rooms consisted of a private bedroom as well as a private room with closets and a full ba | The place is very nice. Clean and comfortable. It can be noisy in the weekend as it is in a very transited and central zone.  For the price to pay I would advice that a possibility to have a storage p"
E02000978,Westminster 019,E09000020,Kensington and Chelsea,london,12,0.8497,3.05,1.4500000000000002,95.5,"Location was brilliant in a safe building but the apartment was below average & needs an overhaul! Was confirmed that both bedrooms have an AC but that was not the case & no refund or anything. Took 2 | As an experienced traveler and host by myself I was blown away by this fantastic townhouse at an incredible location (just next door to Harrods) but also by the service of the host and the apartments  | Great location, Maria responded to issues. <br/>Issues with hot water and drainage in 1 bathroom upon our arrival.<br/>Mouse was in the unit.<br/>It was not clear to us that the unit was below the str"
E02000978,Westminster 019,E09000033,Westminster,london,610,0.7918,3.05,1.4500000000000002,95.5,"Location was brilliant in a safe building but the apartment was below average & needs an overhaul! Was confirmed that both bedrooms have an AC but that was not the case & no refund or anything. Took 2 | As an experienced traveler and host by myself I was blown away by this fantastic townhouse at an incredible location (just next door to Harrods) but also by the service of the host and the apartments  | Great location, Maria responded to issues. <br/>Issues with hot water and drainage in 1 bathroom upon our arrival.<br/>Mouse was in the unit.<br/>It was not clear to us that the unit was below the str"
E02000979,Westminster 020,E09000033,Westminster,london,612,0.8096,2.78,0.65,96.57,"The room was left uncleaned and messy from previous guest. Litter basket full and litter on floor. Beds seemed to be only just vacated.. <br/>There were dirty towels on the chairs, and when they were  | I recently had the pleasure of staying at this Airbnb in Westminster for a night with my 3 friends and it was a fantastic experience! From the moment I arrived, I was impressed by the stunning decor a | Perfect stay in this nice flat, very beautif sorrounding and easy to get everywhere in London, walking or by tube.<br/>I’d suggest blackout curtains because in the mornings rooms get very lightful and"
E02000980,Westminster 021,E09000033,Westminster,london,391,0.7966,2.56,1.53,95.91,"run!<br/>It's a scam when I pay more than $450 for one night and u get the following:<br/>1- At the check in, you have to go to the Beverly hotel to pick up the key and then return it back one check o | Perfect stay and fantastic host. The available tea and sugar was a welcome addition very much appreciated. The whole flat was spotless and warm. There were extras which we would have used if it were a | Charming place, with a park next store.  We enjoyed our stay there."
E02000981,Westminster 022,E09000033,Westminster,london,780,0.805,2.56,1.54,95.89999999999999,"The stay was so horrible that I had to report to Airbnb and got help to move out after 4 days. I felt gaslighted and so uncomfortable that I paid an excessive amount for a new stay. I would avoid it a | Karen is one of the warmest and friendliest hosts I have encountered in seven years of using Airbnb. She cared about our experience and was responsive throughout. We enjoyed our stay so much that we e | Very friendly, and ideally located close to Pimlico and Victoria Stations. Space in the bedroom was limited, but the sitting room was large enough and and comfortable"
E02000982,Westminster 023,E09000033,Westminster,london,350,0.8185,2.5700000000000003,0.86,96.57,"Ammar’s place was nice but the host showed a complete lack of professionalism by demanding to move off the app to What’s App where he proceeded to swear and yell at me. As a woman traveling alone in a | We had a wonderful stay at Helen’s elegant flat in Pimlico. The location is excellent, just a short walk from Victoria Station, yet peacefully tucked away in front of a private garden square. A real h | Host was ultra speedy with responses and very helpful. The place was close to many shops and I love the area!"
E02000983,Westminster 024,E09000033,Westminster,london,418,0.8121,2.15,1.2,96.65,"There is nothing really fantastic about this place unless you want to find unpleasant surprises. We paid around 330$ per day but there is nothing even close to a two star hotel quality.  A disappointi | We loved our stay in London at Nicola's and Jason's beautiful mews house. It was in a very nice area (quiet and peaceful and at the same time close to everything), spotlessly clean, and had all of the | Such a cute flat and walkable to everything- we had a great time!"
E02000984,Bolton 001,E08000001,Bolton,manchester,5,0.9162,0.0,0.0,100.0,"My third stay. Sarahs a great host. Comfy clean bed. Easy parking. Couldn't ask for more. | A lovely little room, perfect for a short stay. Very friendly and welcoming host. Home from home feel about the place. Great pub (The Flag) just around the corner too. | Staying at Sarah's was wonderful. The room is clean and very cosy and the house is in a nice quiet area, I slept very well there. Sarah is a lovely host, relaxed, warm and friendly, nothing is too muc"
E02000985,Bolton 002,E08000001,Bolton,manchester,8,0.8144,0.0,0.0,100.0,"Thanks, Brian | Alan is an Awesome host, same as Sophie the Co-host. He’s always willing to help at all times. Very communicative and supportive. He created a good rapport with my husband and I and supported us all t | Brilliant stay. Many thanks."
E02000986,Bolton 003,E08000001,Bolton,manchester,10,0.8601,0.0,0.0,100.0,Allan was responsive and property really clean.<br/>Would always be back there when in Manchester. | Alan and Sophia were warm and welcoming. The quirky Room 3 I stayed in was just the perfect match for resting the night on my long motorcycle trip to Scotland. Sharing the one guest bathroom with the  | I had a great weekend at Alan's place. Very well situated if you are looking for nice walks.<br/>Alan was a pleasure to meet and went above and beyond to make me feel at home.
E02000987,Bolton 004,E08000001,Bolton,manchester,32,0.778,6.25,0.0,93.75,"Everything was fine and as described. A bit noisy but it didn’t bother me. Will stay there again. | I had a lovely stay and a perfect nights sleep. Super easy to find, safe location, and a very helpful host. Would definitely stay there again. Perfect place to stay whilst away on business. <br/>Thank | Gjon was very very helpful and understanding of my late check in requirements.  Free coffee,  tea and milk were provided."
E02000988,Bolton 005,E08000001,Bolton,manchester,5,0.4599,20.0,20.0,60.0,"Adlaide asked me to cancel the reservation after paying full amount fully knowing that this would cost me cancelling charges. I had to get Airbnb involved who were very helpful | This was my first Airbnb stay, I could not have asked for a better place and host! Reshma made me feel completely comfortable. It was warm and cosy which I appreciated. We had the best conversations,  | Nice town , good spacious room."
E02000989,Bolton 006,E08000001,Bolton,manchester,2,0.8508,0.0,0.0,100.0,Lovely location. Simon and Kath were very welcoming and accommodating. | Absolutely stunning property and great host. Very helpful and the only downside was that we couldn’t enjoy it for longer!
E02000990,Bolton 007,E08000001,Bolton,manchester,27,0.7631,7.41,0.0,92.58999999999999,"The house was exactly what was booked. Very clean, well presented and location was perfect as we were at the Bolton FC Stadiums.<br/>However the thermostat for the shower is broken and set to extremel | Such a great find! Nick was super helpful from start to finish. The house was lovely, really clean, comfy beds, and just a nice place to relax. The area was great too, perfect for a walk around Riving | Brilliant stay, will definitely go back"
E02000991,Bolton 008,E08000001,Bolton,manchester,10,0.5777,20.0,0.0,80.0,"The pictures looked amazing and modern and I would say aside from the living room the rest was quite average. The walls were damaged and my niece found a broken glass in the cupboard. The shower drain | From the moment I booked, Jonathan was exceptionally responsive and eager to help with any questions I had about the stay. He went above and beyond to make us feel truly welcome. I highly recommend th | what a great host , will defo be using Johnathan again."
E02000992,Bolton 009,E08000001,Bolton,manchester,5,0.8156,0.0,0.0,100.0,"Kitsty was really amazing. Very Understanding and down to earth. <br/>Easy to relate to. <br/>Loveeeeeeetttttt<br/>x | Overall it was a nice looking safe place and tidy. Also the host was helpful when we need anything. Even the host said that the place is small we didn’t expect that the sofa bed to be very hard to ope | Stayed at Kirsty’s lovely place over the new year! Unfortunately had to leave early due to a family emergency but the place was lovely!<br/>Clean, quiet, and very modern! Kirsty was friendly and commu"
E02000993,Bolton 010,E08000001,Bolton,manchester,18,0.8255,0.0,0.0,100.0,"Good accomodation and house as described. <br/>Good communication with host and he checked in with us during our stay to see if we needed anything. | Hassan was a great Host, very kind and very helpful. His response time was excellent. He even helped organize our taxi from Manchester Airport to Bolton. His place was very nice and spacious and had a | Great place very nice"
E02000994,Bolton 011,E08000001,Bolton,manchester,30,0.7772,0.0,0.0,100.0,"Value for the money | Lovely house in a small cul de sac…   Very good and served its purpose… Enjoyed entertainment with all channels on tv… the host kindly fitted in a key box upon request last min, which was a godsend… G | Abiodun was very responsive and nice. Worth the money paid."
E02000995,Bolton 012,E08000001,Bolton,manchester,15,0.9396,0.0,0.0,100.0,"Had another great time here, top class hosting from Jay! | We had a wonderful stay and the space is absolutely beautiful! It provided us such peace and relaxation after travel. The design and materials used in the space are gorgeous and our hosts really had t | Great place very modern but cozy. Will be staying again in the future. Good work Jason love that you built that with your sons has a very personal feel to it!"
E02000996,Bolton 013,E08000001,Bolton,manchester,18,0.7204,5.56,0.0,94.44,Dipo was not responsive and his pattern of hosting is very poor. <br/>I booked his apartment before check-in  time by 3pm  and was pending only for him to respond in the evening and without house deta | This area of the UK is difficult .No doubt. But a place is often what people make of it. Dipo and his Air B&B are wonderful  . His<br/>entrepreneurship and his work ethic to ensure guests feel welcome | Room is nice and you got a tv and a fridge in the room which is lovely.
E02000997,Bolton 014,E08000001,Bolton,manchester,12,0.9115,0.0,0.0,100.0,"Pravina’s annex was exactly as described. It was a relatively new listing and was exactly what we needed as we were attending a wedding at the golf club that was a 10 min walk away. As described in th | Staying at Barry’s place was a fantastic experience! The home was clean, cozy, and exactly as described. Barry was an excellent host—friendly, responsive, and respectful of privacy. He made check-in s | The place is very clean, comfortable and in a great location. Pravina is an excellent host and we won’t hesitate to come back."
E02000998,Bolton 015,E08000001,Bolton,manchester,9,0.8471,0.0,0.0,100.0,"Apartment was lovely inside host where very accommodating and responsive just a shame that it’s in a run down area | Perfect stay, it was super comfortable. Very responsive host and the house itself was spotless and looked exactly like the pictures. Would definitely recommend. | Good house close to Bolton School, Bolton Hospice and of course - Bolton. Area was very calm and virtually no noise from neighbours even tho it is a terrace. No problem parking outside. Overall met ou"
E02000999,Bolton 016,E08000001,Bolton,manchester,72,0.6736,6.94,0.0,93.06,"I've rent this place before and everything was okay but this time the experience was very bad. The mail lock on the door was broken. The latch was very wonky so anyone could've enter the apartment. On | I recently stayed at this property and had a fantastic experience overall. The place was exactly as described—clean, stylish, and very comfortable. The bed was cozy, the kitchen was well-equipped, and | Nice stay, clean and tidy."
E02001000,Bolton 017,E08000001,Bolton,manchester,33,0.8392,0.0,0.0,100.0,"clean. comfortable.good space.<br/> as described. <br/>no hassle. | What an amazing stay with Rich and Ala! Check in was super easy, constant clear communication from them both throughout our stay. The house itself is lovely, was very clean and came with all amenities | Enjoyable comfortable stay, exactly what I was expecting, fully recommend and will be returning when back in the area."
E02001001,Bolton 018,E08000001,Bolton,manchester,15,0.7945,0.0,0.0,100.0,His communication was helpful | Thanks for the stay.<br/>Place was beautiful and clean. Easy to get to and the garden was lovely to relax in while the weather is so good! | Was staying here when working in the area at an event <br/>Property was clean and had everything required for our 3 day stay<br/>Host was communicative and met our last minute booking with ease. Hosts
E02001002,Bolton 019,E08000001,Bolton,manchester,16,0.8411,0.0,0.0,100.0,"The only thing I was not happy about is I left 3 days earlier for work and did not get any refund other then that was happy with everything. | lovely hosts. Exactly like the description very clean and comfortable.  Perfect location for exploring the surrounding area and easy access to Manchester.  Quiet area to stay. would recommend. | Comfortable, very well equipped and peaceful place to stay."
E02001003,Bolton 020,E08000001,Bolton,manchester,8,0.7335,0.0,12.5,87.5,"close to being a 5 star accommodation | Great location for easy access to explore beautiful west Pennines  moors or head into Manchester City centre for shopping by car or train.<br/>Irfan was on hand to deal with any questions and was very | good communication throughout , quick and easy check in! Only 18 minute drive away from Heaton park and just what we needed for a night stay for the parklife weekend !"
E02001004,Bolton 021,E08000001,Bolton,manchester,5,0.1974,40.0,0.0,60.0,"the 2nd bedroom was not useable because it had a snooker table filling it.<br/>The 2nd bed was a sofa/bed in the lounge not a separate bedroom. There wasn't adequate bedding for the 2nd bed; no sheets | Amazing host , great stay | Amazing little flat can not fault it will be returning again"
E02001005,Bolton 022,E08000001,Bolton,manchester,66,0.7218,4.55,1.52,93.94,The apartment is placed in the centre of Bolton and it is easy to walk to the interchange and railway station. Pups and many shops arround. The flat itself could be more warm. Don't get me wrong the h | A good couple of night's staying at Angela's place. Well described and perfect pitstop for us to attend an event weekend in the centre of Bolton. Walkable from Angela's although she was proactive in p | The hospitality of Angela is very warm. Discussion and white wine with her are very pleasant. The bedroom is comfortable.<br/>Recommended!
E02001006,Bolton 023,E08000001,Bolton,manchester,8,0.8106,0.0,0.0,100.0,Worth for money | A home away from home with a friend in home. A nice place and the host was so impressive and caring. There was no host and guest relations but was like a family. The kitchen was really good and the cl | Great place everything there that was needed for our stay. Only slight issue would be getting off the bed as it was difficult for me being raised up but found a way to get off it.  Would not  suit any
E02001008,Bolton 025,E08000001,Bolton,manchester,9,0.8033,0.0,0.0,100.0,"Great stop over | Nice house with a lot of space.<br/>The host is very kind, polite and helpful. <br/>The room is super equiped, i have all I need maybe too much 😂<br/>I love this house , I definitely recommend it ! | Cadija is such a great host. The house and toilet was clean and she even cleaned the room during my stay. She is very generous with providing all the necessary things. There was an issue with the wifi"
E02001009,Bolton 026,E08000001,Bolton,manchester,4,0.2914,25.0,0.0,75.0,"That was my worst experience, the moment I got there he showed me around , the toilet and bathroom was dusty and messy. The toilet had poop all over , seemed like they never washed it. I got there had | the host is a good man, friendly and easy to communicate with, the  house was nice and warm evening though the temperatures was very cold outside, i enjoyed my time spent  chatting to him,   many than | Satisfactory"
E02001010,Bolton 027,E08000001,Bolton,manchester,14,0.7606,0.0,0.0,100.0,"We got in quite easily with the self check-in. Neighbourhood was peaceful. It was also easy to commute to places with close bus stops. <br/>House TV connection was faulty on arrival and this took almo | Great place to stay, it was very clean, comfortable and felt like home! Would definitely recommend! Also had the pleasure of meeting the host himself, and he was so lovely and friendly! 😊 | Would recommend this listing …we enjoyed our stay and everything was ok!"
E02001011,Bolton 028,E08000001,Bolton,manchester,15,0.898,0.0,0.0,100.0,"Good place and good host 👍 | I don’t even know where to begin. Lisa and her family treated my partner and I like family. We received a warm welcome upon arrival and their flexibility for our traveling schedule was unmatched. The  | Great stay, excellent host.<br/>All as described and very helpful."
E02001012,Bolton 029,E08000001,Bolton,manchester,5,0.8797,0.0,0.0,100.0,"Good host nice house | Lovely house and nice and quiet and spotlessly clean. Kitchen is a big plus, lovely space and Olu was friendly and personable throughout. | Olu is a great host, communictaion is excellent. House was perfect"
E02001013,Bolton 030,E08000001,Bolton,manchester,17,0.8422,0.0,0.0,100.0,"Thank you Cath | An excellent stay at a beautiful family home. Kathleen is a warm and welcoming host and she is able to offer great advice on local amenities such as pubs and restaurants. The house is exceptionally cl | I had a very comfortable stay in Kath’s room. The bed was very comfy, and the room was quiet and spotlessly clean. Although a smaller room, there was lots of storage space. Would highly recommend!"
E02001014,Bolton 031,E08000001,Bolton,manchester,7,0.8494,0.0,0.0,100.0,"Lads travelling for work. They enjoyed their stay. | Such a lovely house, tucked away in a serene location with views across fields of horses. Comfy four-poster bed, good hot shower and breakfast provided. Daniel is a generous host who makes everything  | The house is beautiful with lots of space in the bedrooms. Lounge big enough to fit everyone for a relaxing moment. The area is quiet and has a lot of greenery to go out for a walk."
E02001015,Bolton 032,E08000001,Bolton,manchester,18,0.6467,11.110000000000001,0.0,88.89,"Unsanitary, unhygienic, and absolutely not worth the £300 deposit.<br/>I want to warn other guests very seriously about this property. The host described the problems as ‘minor signs of wear,’ but wha | Eva was a lovely host, very kind and helpful, let us check in early to drop off bags which was really appreciated. The house was clean and had every you would need. Location was quiet and just a 5 min | I arrived one day late, as I put the date wrong, but Abadur extend one day for free."
E02001016,Bolton 033,E08000001,Bolton,manchester,15,0.8761,0.0,0.0,100.0,"Had a great time. 4 guests stayed and there was plenty space. | Ideally located on a quiet estate, close to M61. Good off street parking outside the house.<br/>First impressions was nice, modern look and feel with plenty of space. Upstairs was clean but the main b | Great host with a great property."
E02001017,Bolton 034,E08000001,Bolton,manchester,12,0.9115,0.0,0.0,100.0,"Excellent one night stay, thank you! | We had such a great time here! What a cozy, adorable home and neighborhood! Everything was totally as described and Gemma left great instructions. The location was awesome—walkable to cool local busin | Saada’s home for very comfortable and Saada is a very welcoming and helpful host. I would definitely stay again."
E02001018,Bolton 035,E08000001,Bolton,manchester,5,0.7682,0.0,0.0,100.0,"Very clean and tidy 👍 | A nice home in a beautiful location. Host Tandy is very helpful and friendly | Very nice and tidy apartment, communication with host was very good"
E02001019,Bury 001,E08000002,Bury,manchester,99,0.8518,1.01,0.0,98.99,"Overpriced for the state of the accommodation. Everything was dirty, including oven, floors, bedding, | Absolutely! Here's the revised version:<br/>I recently had the pleasure of staying at a property managed by Pillow Partners in Ramsbottom, and I have to say, it was one of the best experiences I've ev | We had a fantastic stay would highly recommend, plenty of places for food and drinks. Holly was a wonderful host & we wouldn’t hesitate to book again!"
E02001020,Bury 002,E08000002,Bury,manchester,5,0.8545,0.0,0.0,100.0,"We have stayed before and everything was as good as it had been previously so we highly recommend the air bnb | Great stay at Sarah’s place over the weekend, lovely quiet location 5min from centre of Ramsbottom with great bus links only a few minutes walk away. Would definitely recommend! | A great base for a works trip- great accommodation and lovely surroundings."
E02001021,Bury 003,E08000002,Bury,manchester,23,0.9176,0.0,0.0,100.0,"Good stuff | Fantastic communication from the start from Sam and Lewis, went over and beyond to make sure we were satisfied. They even picked up a takeaway for us and offered breakfast in the morning. <br/>The pla | Book it! Loads of space, comfort and general goodness. A car parking space opposite the house. Easy in and out all in a quiet spot. Excellent!"
E02001022,Bury 004,E08000002,Bury,manchester,10,0.9046,0.0,0.0,100.0,"Great place | Home from home, everything you could need was there, great beds, fully fitted kitchen, <br/>with abundance utensils/crockery etc. Parking for two cars, full laundry room, bathrooms with plenty of towe | Thank you for a lovely stay.  Everywhere was spotlessly clean. The house is fitted out to a very high standard.  It is also close to the motorway which makes getting out and about very convenient.<br/"
E02001024,Bury 006,E08000002,Bury,manchester,20,0.7188,10.0,0.0,90.0,"The property has no living room. Just 3 bedrooms. Ground floor has a room and a kitchen. All bedrooms are Ensuit which is great. The place was clean. Hard to find as there was no house number at the f | David's house is absolutely stunning. It is close to local amenities yet offers enough privacy for you to have a quiet and peaceful stay. The house was in immaculate condition, incredibly clean and fe | Very handy for a couple of night’s stopover to get into Bury. Well placed if you wanted to travel to Manchester on the tram. Clean and tidy and very responsive host."
E02001025,Bury 007,E08000002,Bury,manchester,33,0.8183,3.0300000000000002,3.0300000000000002,93.94,"A fine place to stay, we had no issues | If Mother Theresa was an Airbnb host this would be it! The best host I have ever come across! So kind and happy to help! Farmina has allowed us to check in early at no extra cost. The place was spotle | Really grateful to Frank and his family, we have felt like one more, he has even helped us get home by car. we recommend it 100%"
E02001026,Bury 008,E08000002,Bury,manchester,40,0.7804,2.5,0.0,97.5,"Frank camcelled last minute leaving me stranded. Causing lots of stress and additional money. He also tried to get me to cancel it for him so he could avoid his cancellation penalty | Louise is an excellent host, super helpful and friendly making our stay really great! Everything about the apartment is superb and exceeded expectations! Beautifully decorated, comfortable and clean a | Great place and spotlessly clean. Would stay again"
E02001027,Bury 009,E08000002,Bury,manchester,23,0.9014,0.0,0.0,100.0,"We very much enjoyed our stay at Crew Quarters. It was exactly as described in the listing and was perfect for our family visit to Bury.<br/>We wouldn’t hesitate to stay here again when we next visit. | We had a wonderful stay at this cozy and warm property! It was perfect for our family, allowing us to spend quality time together. The lounge area was comfortable and ideal for relaxing, and the kitch | Stayed here for 7 days. Laura was so helpful and friendly. Very comfortable bed and if I'm ever back in Manchester I will be booking again"
E02001028,Bury 010,E08000002,Bury,manchester,6,0.8018,0.0,0.0,100.0,"I had booked Marias place and because of my daughter being ill I had to cancel last minute on the day. Normally hosts do not refund but Maria was very understanding and helped me with a refund. Would  | From start to finish Maria was a wonderful host, we had a delayed arrival time but she was right on hand to open the gates to let us in once we arrived! <br/>The bungalow was absolutely stunning, even | We had a wonderful albeit short stay at Maria's place.<br/>The place was very lovely.<br/>Maria was an excellent host."
E02001029,Bury 011,E08000002,Bury,manchester,31,0.7595,3.2300000000000004,0.0,96.77,"No use of kitchen which was no stated on Airbnb. | The place was exactly as described. The area is quiet and peaceful, with a convenience store nearby for groceries. There's also a bus stop just a few minutes' walk from the house, where you can catch  | Great stay thanks"
E02001030,Bury 012,E08000002,Bury,manchester,5,0.8401,0.0,0.0,100.0,"Very spacious and clean, Kristian is a great host. You won’t be disappointed. | Fantastic quiet retreat near stunning countryside and walks. The property was spotless and the bed extremely comfortable. I also loved the private patio area. Thank you so much for a fantastic stay! | Perfect accomodation for my needs. Good communication and helpfully flexible on my arrival time. Would highly recommend"
E02001031,Bury 013,E08000002,Bury,manchester,9,0.859,0.0,0.0,100.0,"Nice place to stay. | What a fantastic place to stay. Beautifully styled, spotlessly clean and warm. Petra is a wonderful communicator and so helpful. Thank you for the milk, tea and coffee which was much appreciated. Love | Stayed Friday to Saturday. The place was clean, comfortable, and convenient. The host went above and beyond to make our stay comfortable with snacks etc, and was easy to communicate with. Would stay a"
E02001032,Bury 014,E08000002,Bury,manchester,4,0.8351,0.0,0.0,100.0,"The house is beautiful! | Amazing host, with a fantastic house. The standard of cleanliness and organisation easily matches, if not rivals some of the 5 star hotels I've been to. There's a brief but detailed folder with helpfu | Immaculate as always, amazing communication with the hosts. Place was spotless and had some amazing Christmas decorations. Hosts were helpful and provided me with anything I need it. Don’t hesitate to"
E02001033,Bury 015,E08000002,Bury,manchester,5,0.9155,0.0,0.0,100.0,"If you want a home from home this is it. Lovely location local facilities close by. <br/>Would definitely stay again. <br/>Great host. | Best way to describe this place is a home away from home, lovely clean and bright property, very comfortable and had everything we needed for a 3 night stay, just a few minutes walk from metro which w | Perfect stay. Walking distance of train. Lovely quiet area. Lydia was a gem to deal with. Home from home . Small details that always make a difference - good sized bath towels . Umbrella at the door. "
E02001034,Bury 016,E08000002,Bury,manchester,19,0.7482,5.26,5.26,89.47,The house we stayed in was adequate for our needs. The only main drawback was the code entry system- particularly at night when it was difficult when putting in the code in the poor lighting condition | We stayed there for the weekend and it was a very nice and clean house. Towels Ans toilet roll available in each bathroom.  Hand wash in only 1 but we took our own.  There was fairy in the kitchen.  A | very helpful and responsive especially as the booking was at very short notice!
E02001035,Bury 017,E08000002,Bury,manchester,8,0.8961,0.0,0.0,100.0,"Great host, easy access and check in. | I enjoyed my stay at Mudasser's.  I was welcomed by Mudasser on check in and felt comfortable right away.  It is a peaceful neighbourhood, and I found I slept very well.  I loved Mudasser's cats, they | The host is a really lovely guy, who really loves his cats and who is inviting you into his home."
E02001036,Bury 018,E08000002,Bury,manchester,23,0.8122,4.35,0.0,95.65,"The stay was good but place was too cold we put the heating on but still cold we spend alot of hours to sort out the heating problem as it wasn’t enough | Thanks so much for a lovely stay, Angela. The place was one of the nicest Airbnb’s I’ve ever stayed in. It was so clean and great amenities, and also so generous with freebies in the kitchen, as well  | Worth the stay, friendly host and very neat and tidy place as described"
E02001037,Bury 019,E08000002,Bury,manchester,23,0.7427,8.7,0.0,91.3,"I’ll say just nosey neighbours !!!!! | My partner and I had a great time visiting Manchester — such a vibrant city with loads of amazing local restaurants, bars, and everything within easy walking distance. The location made exploring supe | Great host. clean place"
E02001038,Bury 020,E08000002,Bury,manchester,42,0.8129,2.3800000000000003,0.0,97.61999999999999,"The accommodation and hostess were delightful in equal measures! Bit of breakfast in the morning and turns out the cottage was once Dick Turpin's stables so how can you complain really?? | Leslie was great for responding to messages. Check in was easy and made us feel welcome and comfortable immediately. The room was well presented and comfortable, the bathroom was large and clean with  | Such a beautiful place to stay. We were there for the Oasis concert, the location is perfect for Heaton Park and the beds were so comfy"
E02001039,Bury 021,E08000002,Bury,manchester,19,0.8693,0.0,0.0,100.0,"The second time I've stayed at Pui's, very good room for the price! | Abida was a wonderful host who went above & beyond to make our stay a comfortable one. We were traveling with our 1 year old so Abida went out and bought a cot as well as 2 fans for the warmer days. S | Lovely place and fantastic host, thank you."
E02001040,Bury 022,E08000002,Bury,manchester,33,0.7588,3.0300000000000002,3.0300000000000002,93.94,"Nice location, but lack of amenities inside the house was a real disappointment. The kitchen extractor was dirty.  All the doors were binding on the frame. We had to request hand towels for the bathro | Thank you Laura & Lauren,<br/>We have had an outstanding stay at the property. You have a beautiful home, it was peaceful, private and perfectly located.<br/>When you want the hustle and bustle of Man | This was our third stay since December 2024.<br/>We like staying here as it’s spacious and comfortable.<br/>The location is easily accessible only a minute off the motorway exit, which is ideal<br/>af"
E02001041,Bury 023,E08000002,Bury,manchester,63,0.8574,1.59,1.59,96.83,"Was just what was needed after a hard days work. | We had a great stay at Grace and Daniel's house. We were meeting up with friends in the area so this was a perfect base. Everything was spotlessly clean with great decor, It felt like a home from home | very helpful and accommodating, really went out his way to make the stay as pleasant as possible! would definitely stay again"
E02001042,Bury 024,E08000002,Bury,manchester,56,0.8851,0.0,1.79,98.21,"The hosts are very accommodating and the place is | ⭐️⭐️⭐️⭐️⭐️ A Charming Stay at Penelope’s Place<br/>I had a wonderful stay at Penelope’s Place in Prestwich. The house itself is a beautifully preserved Victorian home full of character, with lovely pe | Awesome space! Clean and comfortable"
E02001043,Bury 025,E08000002,Bury,manchester,23,0.5224,13.04,4.35,82.61,"The property was in an unacceptable state on arrival:<br/>- broken toilet seat left detached in the bathroom<br/>- fecal matter on toilet brush<br/>- collection bins weren't emptied<br/>- unsanitary o | We encountered a few issues at the start of our stay, but Lauren was very apologetic and handled everything promptly and professionally. She stayed in touch throughout to ensure we were happy, which w | Marks place was fantastic"
E02001044,Bury 026,E08000002,Bury,manchester,36,0.7891,0.0,5.56,94.44,"House was just what we needed | I had a truly wonderful experience staying at The Green House. From the moment I arrived, I was impressed by the cleanliness, comfort, and peaceful atmosphere of the space. The host was warm, welcomin | Great place and price worthy ！"
E02001045,Manchester 001,E08000003,Manchester,manchester,47,0.7218,4.26,2.13,93.62,"Mould in bathroom, toilet seat broken, shower was unclean, holes in walls, bad maintenance throughout house, place was very cold, no heating in front room, bedding drying on sofa, only a small electri | From the moment we arrived, we felt completely at home. Claire and Darren were absolutely incredible - so warm, welcoming, and genuinely kind. Nothing was too much to ask, and they went above and beyo | Had everything we needed, easy to find and clean!"
E02001046,Manchester 002,E08000003,Manchester,manchester,65,0.7468,1.54,1.54,96.92,"We told him 2 hours before that we are coming to checking but still room is not even ready<br/>When it comes to cleanliness the kitchen is  horrible and i open the cub board there are lot of bugs(inse | Charming Home but Needs Better Upkeep<br/>The host was very responsive, which made communication easy throughout the stay. The place was nicely furnished with some fun decor and had a beautiful garden | hosts are amazing, fast responses to any questions. will definitely be coming back c"
E02001047,Manchester 003,E08000003,Manchester,manchester,51,0.7284,5.88,1.96,92.16,"For the price I paid can’t go wrong | It is one of the best stays  I've  had.  The hosts are very friendly, loving, kind and considerate. Always helpful and attentive and great food cooking, best than a lot of restaurants I've dined in. | Nice cosy bedroom and house overall, I had a comfortable stay."
E02001048,Manchester 004,E08000003,Manchester,manchester,40,0.833,0.0,2.5,97.5,"Economic place to stay for the night | The top floor room was like dream. So much space for your morning yoga streches, atmospheric paravan and lovely big mirror. Super comfortable bed and crisp clean sheets. Quiet and private. Powerful ho | I expected a strict 7pm check-in, but Racheal allowed me to arrive later. The house was easy to find and clean. Quiet neighbourhood. It was cold since the radiator wasn't on, but a heater was provided"
E02001049,Manchester 005,E08000003,Manchester,manchester,52,0.6367,7.6899999999999995,0.0,92.31,"Will not recommend this place. Although the host was nice, the place was dirty and unkept. No carpet on the stairs, bathroom unclean and unhygienic, no bin in the toilet, dirty floor and toilet seat w | Fantastic stay! The place was spotless, beautifully decorated, and even better than the pictures. The location was perfect—quiet yet close to attractions. Travelnest was super responsive and shared gr | Short stay no problem all good"
E02001050,Manchester 006,E08000003,Manchester,manchester,105,0.7213,5.71,2.86,91.43,THIS HOST LIED ABOUT THE LOOK OF THE PROPERTY. DIDN’T SHOW THE LEAKS IN THE CEILING AND FAILED TO CLEAN BEFORE TIME. HE LIED THAT THE GUEST WAS SOMEONE ELSE NOT THE PERSON WHO ACTUALLY BOOKED THE PROP | I had an amazing stay at this property in Manchester! The location was absolutely perfect—close to everything I needed but still tucked away enough to feel peaceful. The accommodation itself was spaci | A pleasant house in a quiet neighbourhood. Was spotlessly clean.
E02001051,Manchester 007,E08000003,Manchester,manchester,109,0.7045,3.6700000000000004,3.6700000000000004,92.66,"My friends and I were just in Manchester for the 2 nights so the house was standard for what we were after! There was a few marks and scruffs on the walls that were not seen in the original photos <br | Although I never met Danielle she was lovely and very personable over communication. <br/>The room was in a shared house and was as described, basic but clean and cosy- suited my needs. <br/>Having an | the home was exactly as described, good stay and good location."
E02001052,Manchester 008,E08000003,Manchester,manchester,104,0.7046,5.7700000000000005,2.88,91.35,"I strongly advise others to be cautious when dealing with this host. My experience was extremely disappointing and stressful. The man is unreliable and dishonest, and at one point, he even tried to ac | I am beyond thankful I came across Aaron's airbnb because this booking saved me during an extremely difficult time in my life and booking this was the best decision I ever made! Upon arrival, I had a  | Ayyan was very responsive during my stay and his son was very helpful with checking in and any questions."
E02001053,Manchester 009,E08000003,Manchester,manchester,108,0.7795,2.78,0.9299999999999999,96.3,"Not the best place. Located on the back of the main road with piles of rubbish as your view. <br/>The bed was far too small for my tall boyfriend and we did not sleep well at all. First night we had i | Wonderful Stay!<br/>Shaniqua was a lovely host—warm, welcoming, and super responsive throughout our stay. The house was spotless and well-maintained, with everything we needed for a comfortable visit. | Great stay, clean tidy, with tea, coffee, sugar, condiments etc.<br/>Just met us at the property with keys."
E02001055,Manchester 011,E08000003,Manchester,manchester,102,0.774,4.9,0.0,95.1,"Pedro’s place is relatively okay. He put everything in place for you. But rated two stars because my last day was unpleasant when Pedro had a girl over for the night. He sent  me a message to excuse n | I recently stayed at this modern home that truly exceeded my expectations. The spacious layout made it feel incredibly comfortable, and everything was very neat and well-maintained. The rooms were not | Lovely host, responded quickly, home was very clean and within walkable distance to the etihad campus."
E02001056,Manchester 012,E08000003,Manchester,manchester,109,0.7761,1.83,1.83,96.33,"This is not a family friendly area would not recommend this house to young family kitchen not up to standard oven didn’t work we were very disappointed will not be returning | The house was immaculate. Bed linens were brand new and all equipment  in the kitchen was good quality and  in great condition.<br/>The house felt really welcoming, loved the local art and scrummy bis | Spotlessly clean and great location."
E02001059,Manchester 015,E08000003,Manchester,manchester,448,0.7632,3.1199999999999997,1.1199999999999999,95.76,"Had high hopes for this stay. Massive flop. Was promised 12pm check in, for a 1pm shuttle which was revoked on the day leaving us for miss our shuttle and lose £30 and miss a set we were planning to s | I recently stayed at this lovely Airbnb in Manchester, and I was genuinely impressed! The place was very nicely decorated, creating a warm and inviting atmosphere that made me feel right at home. It w | Great location for the Etihad. Responsive owner"
E02001061,Manchester 017,E08000003,Manchester,manchester,158,0.7678,1.9,1.27,96.84,"We six stayed at that place, in the website they didnt mention it was in the six floor, that too not inside of the building we drenched , while climbing the stairs when with the elderly people.  They  | This delightful apartment features a spacious and beautifully decorated living room, ideal for relaxation and entertainment. The fully equipped kitchen simplifies meal preparation, and the peaceful in | Great all around for a last minute find, had everything we needed and responsive host"
E02001062,Manchester 018,E08000003,Manchester,manchester,239,0.7912,0.84,0.84,98.33,"As previous reviews pointed out, there was a complete lack of communication from Dan which lead to us having no response up until after our check in time. That lead to us having to find different acco | We stayed only for a week, but dyring our short stay we felt very comfortable and at home. The house was spacious, clean and very organised. It's the perfect place to stay if you want to be in Manches | Good communication and great place."
E02001063,Manchester 019,E08000003,Manchester,manchester,146,0.7704,4.109999999999999,0.6799999999999999,95.21,"When we checked in to the Airbnb, the host was waiting for us. Upon checking in, we saw the whole house and it was absolutely terrible. The dustbin trash was lying there. The bathrooms were all dusty  | This is a fantastic place to stay. I usually only book entire properties so wasn’t sure what to expect when I booked this place, but I’m very glad I did! The room was extremely comfortable and the ent | Lovely apartment, ideally placed."
E02001064,Manchester 020,E08000003,Manchester,manchester,157,0.7638,1.91,1.91,96.17999999999999,"Hey , the place is very cozy . The have an amazing garden with a trampoline 😆 . But I didn’t like that there’s no cleaning products , no tea , water , nothing to welcome the guest . | ⭐⭐⭐⭐⭐ Fabulous Home – Perfect Stay in Manchester!**  <br/>We had an amazing stay at this beautiful home! The furnishings and bedding were fresh and comfortable, making it a truly cozy retreat. The pla | I had a great stay. Thank you, Dzark."
E02001065,Manchester 021,E08000003,Manchester,manchester,64,0.7806,0.0,1.5599999999999998,98.44000000000001,"The picture dont depicts reality | I loved this place and would definitely come back. The host is super kind, attentive and fast. The house was super quiet, comfortable and clean (much nicer than the pictures!) and super close to town, | Great house. Very responsive host."
E02001066,Manchester 022,E08000003,Manchester,manchester,198,0.675,5.56,2.53,91.92,"While the location was satisfactory, we experienced some issues that significantly impacted the 1 night stay in this space. Firstly, the instructions for accessing the room were unclear, which made ch | A beautiful home away from home. The pictures do not do any justice! It was like stepping into a posh boutique hotel. <br/>From the welcome message to the extra added little touches for our stay. <br/ | Nice and clean. Full needed stuffs. Near downtown"
E02001067,Manchester 023,E08000003,Manchester,manchester,79,0.7497,3.8,1.27,94.94,"My stay was absolutely awful the accommodation was disgustingly dirty, stained bedsheets that look like they haven’t been changed. Belongings left behind from others. Due to all 3 beds being dirty wit | We stayed at this Airbnb in Manchester from June 10 to June 24, and it was a very good experience overall. The property itself is special — clean, well-kept, and equipped with all the basic amenities  | comfortable place and very helpful host"
E02001068,Manchester 024,E08000003,Manchester,manchester,187,0.7214,6.419999999999999,1.6,91.97999999999999,"While the price was reasonable, the experience was disappointing. The cleaning charges were surprisingly high compared to the room rate, but the cleanliness was not acceptable. Upon arrival, we found  | Fantastic! Very clean house and lovely host, I'll will come back for sure !<br/>I spent two nights at Sandra’s place — an exceptional host, truly one of the best I’ve encountered in all my years of ex | A convenient 2 bedroom flat with 2 bathrooms within easy access to Manchester City centre with an Uber coating about £6 around peak evening time. <br/>Asad was always very quick to reply to any messag"
E02001069,Manchester 025,E08000003,Manchester,manchester,301,0.7131,4.9799999999999995,1.9900000000000002,93.02,"This flat is a very bad experience to me. The host gave me a very dirty flat and charged us ""cleaning service fee"" but we had to clean whole flat ourselves (fridge and bathroom were dirty and it took  | I had a fantastic stay at this Airbnb. The space was incredibly clean — spotless from top to bottom, which immediately made me feel comfortable and at home. I really appreciated the attention to detai | Fantastic place. please use if going"
E02001070,Manchester 026,E08000003,Manchester,manchester,98,0.6745,6.12,5.1,88.78,"Not willing to give a refund after discussing the problems with  the provider. Arrived at 3 pm and stated  issues however as it had a 2 pm cut off time so no refund. Did offer ground floor upgrade, ho | I had a truly wonderful and relaxing stay at this property. It felt just like being at home. The neighborhood is beautiful and peaceful, and the furniture is luxurious, well-maintained, and absolutely | Clean and good quality students accommodation transferred to hotel during a summer break."
E02001072,Manchester 028,E08000003,Manchester,manchester,158,0.8095,1.9,0.63,97.47,"daughter’s hands&feet literally black after 10 minutes crawling.dirty floors, our socks too. disgusting&incredibly unhygienic! then had audacity to tell us flat was messy when she had to enter to recl | Lovely house - quite small but the decoration was lovely with some very stylish touches. It was also very clean with lovely good quality white cotton duvets and sheets. Good sized living room and kitc | Fiona was very responsive, the house was nice and had spare blankets and pillows. Would recommend!"
E02001073,Manchester 029,E08000003,Manchester,manchester,141,0.8389,2.13,0.0,97.87,"The location was spot on right next a fantastic  park great for dog walks and park run. <br/>Our host was friendly and thoughtful allowing us to ‘help ourselves’ to anything in the fridge which was ki | Sure! Here’s a review you can use:<br/>---<br/>I had an absolutely wonderful stay at this lovely 2-bedroom Airbnb! The space was cozy, clean, and beautifully decorated, making it feel like a true home | Absolutely beautiful home in a lovely bit of Chortlon. Would stay again."
E02001074,Manchester 030,E08000003,Manchester,manchester,142,0.7969,2.82,0.7000000000000001,96.48,"Our stay was initially marred by inability to raise either Laura or her assistant on the first day of our stay. Next morning Laura contacted us to explain that she had suffered an outage on her App th | I had a nice stay here. The accommodation was warm, clean and comfortable and touches like a fridge/kettle/coffee were useful. It's not a full studio apartment, as there is no real kitchen, but as a r | We stayed for a month, the place was very clean and comfy, would definitely recommend to anyone visiting Manchester as it is close to the city either by tram, bus or foot."
E02001075,Manchester 031,E08000003,Manchester,manchester,237,0.7522,3.8,2.11,94.08999999999999,"I had a very disappointing experience. The room was not ready at the time of check-in, and there was no bedding provided. The blinds were broken, and there were no curtains, compromising privacy.<br/> | We were on the look out for a Christmas stay so we could go and watch my son at Stockport Plaza theatre as he was performing in the Christmas panto which would then allow us to celebrate Christmas as  | Loved my 2nd visit to the blue room. Will be back again soon. Thank you"
E02001076,Manchester 032,E08000003,Manchester,manchester,125,0.781,2.4,5.6000000000000005,92.0,"Really funky flat, surrounded by pubs and eateries so plenty amenities. <br/>Kitchen very difficult to use. Cupboards almost impossible to open. | It was a great pleasure to stay for a longer period at The kindness of strangers. Katie is an absolutely fantastic host, as she manages - at the same time - to welcome her guests and respect their pri | Great place, would definitely stay again."
E02001077,Manchester 033,E08000003,Manchester,manchester,107,0.8513,0.9299999999999999,0.0,99.07000000000001,"Flat was good as a base to travel to Manchester airport in the early hours. Location ok, shops and takeaways nearby. Parking was on a street away, had to do several trips to unload. An early check in  | Laura and Jen's beautiful home is centrally located near main roads of interest, with a generous array of gorgeous places to eat and good transport links into the city. <br/>The house is a stunner: be | Michelle’s cabin was lovely and very well priced. Had a very nice stay"
E02001078,Manchester 034,E08000003,Manchester,manchester,111,0.8254,1.7999999999999998,0.8999999999999999,97.3,"It was not as seen in the photos, its actually a shared house which was not indicated on the page, no microwave to warm food and only one fridge which was full, all my meals went bad . I will not reco | I had an incredible stay thanks to Mark. He went above and beyond to ensure everything was perfect, from the moment I arrived until I checked out. His generosity and kindness was truly unmatched – alw | Cozy rooms in a clean house. Close walk to groceries and a charming little park. Easy access to busses that run to the airport and city center. Dianne is a warm and accommodating host, and Tito the do"
E02001079,Manchester 035,E08000003,Manchester,manchester,75,0.7783,4.0,2.67,93.33,"Avoid this place, and please check low reviews to know the truth, they are there for a reason so use your discretion. The host pretends to be nice at the beginning, but once you complain about somethi | I arranged this apartment for my colleagues, and their overall experience was excellent. The place was sparkling clean and very well stocked with essentials like tea and coffee—much appreciated! It’s  | We had a wonderful stay at this AirBnB. Robert was very helpful and responsive to messages. The locality was great for transport links to Manchester as well as local bars, restaurants and parks.<br/>S"
E02001080,Manchester 036,E08000003,Manchester,manchester,37,0.7861,5.41,2.7,91.89,"The people staying there are very dirty. Majority don’t have basic home training, took pictures of the property to show what I was dealing with. Other than that it was okay. | ⭐️⭐️⭐️⭐️⭐️ Amazing Stay – Highly Recommend! <br/>We had an amazing stay at Laura’s place! The house was spacious, stylish, and perfect for our group, with plenty of room for everyone to relax. The loc | Everything was fine, the room was clean and tidy and really comfortable."
E02001081,Manchester 037,E08000003,Manchester,manchester,73,0.893,0.0,1.37,98.63,"genuine first class experience | My wife, two young daughters and I stayed at Holly’s for 9 nights and her home truly made our trip. It had everything as described in the posting, and more. The girls (ages 2 and 5) used the play hous | My partner and I had a great stay in Kathryn's lovely home. I would definitely stay again."
E02001082,Manchester 038,E08000003,Manchester,manchester,138,0.8136,1.4500000000000002,0.72,97.83,"We were very dissappointed that the host cancelled our reservation 2hrs and 15 mins before check-in on the day of arrival. All guests were already travelling and we were left high and dry, with no exp | Another great stay here!  Good places that cater specifically for solo travellers are hard to come by so Sian & Martin's place was a great find. A cheerfully decorated, compact and fully equipped spac | Good host, good place overall happy had no issues and would stay again"
E02001083,Manchester 039,E08000003,Manchester,manchester,131,0.8572,0.76,0.0,99.24,"Kitchen mainly dirty - over grease and grill grease over, slaphback were dirty. Oven gloves dirty / brunt need a new pair. only 3 dinner plates and one small pot/wok - not suitable for 4 guest!!! Nick | Had a lovely week staying at the Mews last week.<br/>David was one of the most hospitable and friendly owners we've ever met and ensured we had a great stay and everything we needed. He lives in the h | Flat compliant with the description : Simple, practical and comfortable. Beds are good, allowing a good sleep. Metrolink station (Withington - 100 m) is very convenient to reach central Manchester."
E02001084,Manchester 040,E08000003,Manchester,manchester,102,0.7906,4.9,0.98,94.12,"When I arrived at the accommodation, it was not the apartment that I booked and was nothing like the pictures.  There was no hot water in the apartment, the sofa bed only had a duvet and pillows with  | Tahira was a most wonderful host! She was very polite to me and I felt just at home in the house. She gave me good tips on finding interesting things around Manchester and welcomed me to use the livin | Excellent apartment. Freshly decorated and very welcoming owner. Would stay again."
E02001085,Manchester 041,E08000003,Manchester,manchester,20,0.7541,0.0,5.0,95.0,"Hasmita was very hospitable and understanding. What more do you need from a host? | The flat is very nice , clean,  well-appointed and comfortable.<br/>The area is really safe and lovely.<br/>Excellent service and great host! Mo is very helpful and nice!<br/>I definitely recommend | Great experience, felt supported throughout."
E02001086,Manchester 042,E08000003,Manchester,manchester,88,0.8177,1.1400000000000001,1.1400000000000001,97.72999999999999,"Soundproofing is not very good. | We had a wonderful stay! I was a bit worried about arriving late but the host made everything so easy and welcoming, he even left snacks and drinks for us which was such a thoughtful touch after a lon | Pleasant stay in Manchester.<br/>The pictures are a good example of optical illusions. Disappointingly the 2 plants featuring in every picture don’t seem to actually be present in the house. The doubl"
E02001087,Manchester 043,E08000003,Manchester,manchester,114,0.8075,5.26,0.0,94.74000000000001,"I booked this flat for my parents stay but it was very disappointing. A few things for you to be aware of - there is no sofa, instead there is a deck chair. The shower head doesn't work properly. You  | We had lovely stay, as there was a plenty of space in the house.<br/>Michelle's house was very comfortable with a lovely garden. The check-in was very smooth, and we were very relieved to see a drive  | A comfortable night in a great part of Manchester"
E02001088,Manchester 044,E08000003,Manchester,manchester,60,0.7216,5.0,3.3300000000000005,91.67,"Really lovely apartment and looks like the photos. Had an issue where the fire alarm was going off for over 2 hours. Sanjay and the co-hosts were very slow to respond, did not apologise for the inconv | I recently had an absolutely fantastic stay at this Airbnb! From the moment I arrived, I was impressed by how exceptionally clean and tidy the place was, creating an incredibly comfortable environment | All as described, good communication from host - would recommend!"
E02001089,Manchester 045,E08000003,Manchester,manchester,59,0.8029,3.39,1.69,94.92,"Sorry but the house was a mess. There was hair on the toilet and the place had a dirty musty smell. This may not be how it usually is at William’s place so I can only judge how it was left by the last | I can't express enough how lovely my stay here was! Couldn't ask for anything better. Great and convenient location for shops, transport, things to do etc. Maria and her husband were super lovely and  | Aaron was a really attentive host, who went above and beyond to make sure we had everything we needed during our stay. The house was the perfect size and location for us. Would recommend."
E02001090,Manchester 046,E08000003,Manchester,manchester,79,0.7772,3.8,2.53,93.67,"Harassed by peiple banging on doors. Dirty towels on floor, dirty beds, cigarette butts on floor. Cannabis smell. Balloons and drug paraphernalia on floor. | I’ve just come home after spending the most wonderful weekend with friends at Phil’s gorgeous home! I can’t put into words how lovely the property was; each room had so much character, was beautifully | Esther was very welcoming and helpful.<br/>We were very comfortable and felt at home."
E02001091,Manchester 047,E08000003,Manchester,manchester,27,0.7307,3.6999999999999997,0.0,96.3,"This hotel was very unclean and did not look like the images at all. There was no access to heating, the room was really cold - icy. There was no running water and the room was full of damp, stains an | a great place to stay if proximity to Wythenshawe hospital is needed .The neighbourhood was quiet and neighbours friendly. Amanda our host was great and responded very quickly to any questions and req | The space is neat, with all the little conveniences we needed. Adam & Gemma even left us croissants and milk, which was very thoughtful."
E02001092,Manchester 048,E08000003,Manchester,manchester,33,0.8064,0.0,0.0,100.0,"Perfect stop after a long flight back from America. | One if the best place I ever stayed! <br/>Beautiful view of the park, An Amazing place if you’re visiting with children, wonderful decor, and an overall cozy and welcoming environment.<br/>Waqas’s pla | Parveen was amazing polite and very friendly and goes over and above of what she needs to.. will definalty recomend and stay again in the future.."
E02001093,Manchester 049,E08000003,Manchester,manchester,33,0.8025,0.0,6.0600000000000005,93.94,"All was ok, there were a few issues but Sowmya responded and sorted them quickly | Stayed at Hannah's place for two nights, arrived pretty late on the first night, but Hannah let me check in late, provided all the necessary info and even put small lights and the heating on in the ro | Good value for the amount that I paid. The house also had clear instructions in almost every section of the house that might need a guide."
E02001094,Manchester 050,E08000003,Manchester,manchester,50,0.706,8.0,2.0,90.0,"Just not having a key and no towels or clean bedding just really let it down. | This was a lovely, wonderful and beautiful place to stay with convenient transportation and walk distance shopping area. The house is sparkling clean,  the kitchen is well organized and the most amazi | The property did not match the description or the photos. There was nothing about the place that says retreat or comfortable! The WiFi didn’t work, and the room was much smaller than shown. The bathro"
E02001095,Manchester 051,E08000003,Manchester,manchester,19,0.7413,5.26,0.0,94.74000000000001,"I was unable to stay in the property. I was called by a random number saying ""there is an issue with the property"". After numerous attempts to contact Travelnest they were unresponsive until I made an | I had an absolutely wonderful stay at this Airbnb! The place was spotless, beautifully decorated, and had everything I needed for a comfortable visit. The host was incredibly welcoming, responsive, an | It was a comfortable place to stay, felt right at home. It had all the amenities listed and the host was proactive and understanding of my different needs for the stay."
E02001096,Manchester 052,E08000003,Manchester,manchester,59,0.7952,0.0,3.39,96.61,"It’s a quiet place close to airport and May responded quickly to my needs. | After a hard visit to see family in the hospital, it was a big relief to arrive in this beautiful house. The home is very nicely decorated, spacious, and peaceful. We felt comfortable right away. <br/ | May was very welcoming and the room was great 👍"
E02001097,Manchester 053,E08000003,Manchester,manchester,92,0.8033,1.09,3.26,95.65,"Budget option for close to the airport. The bed unfortunately was very uncomfortable and the blinds were only usable with a clothes peg, there was no lamp in the room and the room was a lot smaller th | I had a great stay at Larissa’s place! The location was ideal—just off the main road, with everything I needed close by. The area itself was really peaceful and quiet, which made it feel like a proper | Very nice and exactly as pictured. Great communication with host."
E02001098,Oldham 001,E08000004,Oldham,manchester,4,0.9074,0.0,0.0,100.0,"Beautiful property, with stunning views from the lounge <br/>Two good sized bedrooms<br/>Nice open plan kitchen and lounge<br/>Property looks brabd new inside <br/>Good parking on drive<br/>Great acce | Had a gorgeous stay at Lynn’s property - we enjoyed a peaceful coffee on the veranda looking into rolling fields! The host was responsive and very clean and deceptively spacious! The house is right by | Really lovely place to stay, beautiful views, clean and very comfy beds"
E02001100,Oldham 003,E08000004,Oldham,manchester,28,0.8307,3.5700000000000003,0.0,96.43,"My stay with Amy was probably the worst till date. I regretted each and every day in her apartment. First of all it is highly expensive compared to the amenities that were provided. The apartment has  | I had a wonderful stay at Amy's place. She is an incredibly friendly, considerate, and responsible host. I especially appreciated her attention to tenant safety, which made me feel secure during my so | It was a peaceful stay. Kind and supportive."
E02001102,Oldham 005,E08000004,Oldham,manchester,5,0.8834,0.0,0.0,100.0,"The place is great, Tracy is even a greater host. 5* | Very friendly, helpful host, her place is perfect for the stay and I will stay again if I travel to Manchester.<br/>I highly recommend this place.<br/>Her dogs are very calm and friendly. | CAN'T RATE THIS PLACE ANY BETTER ... friendly hosts..clean & tidy ..nice & warm...wouldn't hesitate to book again..."
E02001103,Oldham 006,E08000004,Oldham,manchester,136,0.9022,0.0,0.0,100.0,"The pictures don’t represent the actual property you may get! I suggest checking before you book that you’ll get what you think you are booking!  <br/>Attention to detail also somewhat lacking, no sal | **Review of Peregrine Cottage in Delph**<br/>Peregrine Cottage in Delph offers a charming and cosy escape in a picturesque village. Ideally located in the heart of Delph, it's perfect for exploring th | Wonderful place and wonderful host. Perfect for a quiet break."
E02001106,Oldham 009,E08000004,Oldham,manchester,6,0.5291,16.669999999999998,0.0,83.33,"The place was approximately as I'd expected it to be.<br/>Unfortunately, some elements made the experience a bit more uncomfortable than I'd hoped.<br/>The house seems lovely. When I rang the door bel | An amazing price, location and host, Bijur was incredibly responsive and reply to my messages within 5-10 minutes at maximum, he was flexible on my latest check-in time which I was incredibly apprecia | Excellent location for town centre, Queen Elizabeth Hall and football ground."
E02001108,Oldham 011,E08000004,Oldham,manchester,25,0.7948,0.0,4.0,96.0,Comfy stay | Had a amazing stay here with my family. The house is complete with everything you need. It has free parking outside which is always a huge bonus. <br/>The house is modern and has been renovated to a g | Kelvin is a great guy and the house is good.
E02001110,Oldham 013,E08000004,Oldham,manchester,135,0.8772,0.0,0.0,100.0,"Very nice, would return. Can’t fault it. | Stepping Stones was fabulous, beautifully done and with a great view through the treetops to the river and canal. Uppermill is a lovely place, lots of cafés, restaurants and independent shops and a re | wonderful place and a wonderful host.  would highly recommend a stay here very local to all amenities"
E02001111,Oldham 014,E08000004,Oldham,manchester,29,0.4873,10.34,10.34,79.31,"The room itself, no issues. Everything else, not good at all. The property outside the bedroom is really run down, felt like a crack house. Kitchen was very dirty, with bad equipment that’s old and di | Had a fantastic  time  in Oldham.   Location  was  very very  clean and  in perfect  condition and  feeling at ease  the  moment we entered the  building <br/>We will certainly  keep in touch for   th | Thanks once again"
E02001112,Oldham 015,E08000004,Oldham,manchester,5,0.675,20.0,0.0,80.0,"The house was nice over all but it was not mentioned that there is a small football pitch right behind the fence. Lots of noise from kids and knocking on the door for asking the ball back. Not ideal e | Victoria was a great host. Very friendly and helpful. Her place was lovely, clean and tidy. Would definitely stay there again | we had a lovely stay.. Nice an clean. would definitely recommend"
E02001114,Oldham 017,E08000004,Oldham,manchester,19,0.691,10.530000000000001,0.0,89.47,Unfortunately I would not recommend this place. I was not shown where the bathroom/kitchen was and was not aware there were going to be two young children in the house running around the house at 6am. | My stay  was an absolute delight. The hospitality is second to none.There are  incredibly welcoming and make you feel right at home from the moment you arrive. The house itself is both comfortable and | Lovely property would recommend
E02001116,Oldham 019,E08000004,Oldham,manchester,12,0.4663,25.0,0.0,75.0,"we arrived into a shop, not a full house, he came from back door but the whole place is terribly dangerous and feels abandoned and not maintained, he lead us through stairs which was narrow and broken | Mike is a wonderful, friendly host with a lovely cosy home with plenty of interesting books to read! Great value and quiet location for a city break in Manchester. <br/>Cannot thank Mike enough for be | easy to access to shops and transportation"
E02001117,Oldham 020,E08000004,Oldham,manchester,84,0.8271,3.5700000000000003,0.0,96.43,"With regards to Sykes I had no reply to any messages. My father passed away on the day we were to attend the cabin. <br/>My wife emailed, we tried Whattsapp, we tried the message service and no reply  | We were so pleased to have found this gorgeous cottage. It is located on a small farm in beautiful surroundings. I don’t usually sleep well when away from home, but I slept really well. The bed is ver | Perfect choice for a chilled stay , one of the bestvi have experienced .. great hosts"
E02001118,Oldham 021,E08000004,Oldham,manchester,8,0.9244,0.0,0.0,100.0,"Thanks for sharing your lovely home | I loved staying at the cottage, we stayed due to being guests at a wedding close by but I wished we could have stayed longer. When we entered the cottage had a beautiful christmas tree lit it was so w | Lovely little cottage. Great communication by the host. Exactly as described. I was hoping to be able to walk to a pub or something but didn’t feel safe to do that as the road didn’t have a pavement. "
E02001119,Oldham 022,E08000004,Oldham,manchester,2,0.9504,0.0,0.0,100.0,"The accommodation was very clean. Iron, towels and ironing board provided at the property. <br/>The host was very responsive and answered all my questions. The host checked I with me through my stay t | Amazing experience. The house was really clean and looked exactly like the pictures. The location is great and easy to drive into Manchester. The host was very responsive, very friendly and flexible. "
E02001121,Oldham 024,E08000004,Oldham,manchester,24,0.7663,0.0,0.0,100.0,"It was a lovely place for us to stay only problem was we couldn’t cook there as one of the residents who was there told us to get a takeaway as they didn’t want us using the cooker or microwave | I had a great time returning to Bella and Ed's lovely home for my second stay, and it was just as nice as the first. The room was spotless and had a warm, inviting feel. The location is perfect, givin | I really love the place almost felt like a 5 star accommodation. It’s a must try for all people visiting Manchester."
E02001124,Oldham 027,E08000004,Oldham,manchester,15,0.8522,0.0,0.0,100.0,"Nice place for a short stay | The flat was well priced, perfectly clean, free parking, on arrival we had some croissants, coffee, sugar, milk and some small bottles of water in the fridge. Clean towels, bedding was perfect.<br/>Th | Great Host, responds very quickly and great accommodation."
E02001125,Oldham 028,E08000004,Oldham,manchester,21,0.8679,0.0,0.0,100.0,"Nice house nice owner very helpful. But location is little noisy because of the road untill u open the windoe | Tom’s house is perfect for families and has everything you could need. It’s decorated beautifully inside and the garden is a lovely size for playing/ relaxing with the added bonus of the fish to marve | I stayed for 3rd time at their  Oldham accommodation because I loved this place in term of location , easy to check in and very responsive host.  I ll stay again n future."
E02001126,Oldham 029,E08000004,Oldham,manchester,5,0.7697,0.0,0.0,100.0,"Friendly owner, place as described. Thank u! | Stayed at Owens for a family wedding. Location was a good distance from the location and the price was excellent considering there was also a festival on in the area. | Great accommodation thank you"
E02001127,Oldham 030,E08000004,Oldham,manchester,29,0.7329,3.45,0.0,96.55,"Smell is not nice | I had a fantastic time here. The place was clean, comfortable, and exactly as described. Everything felt welcoming and well cared for, and the atmosphere made it easy to relax and enjoy my time.<br/>T | Lovely place, had everything we needed and was clean and tidy. The shower was broken and there was a ring doorbell with a camera inside the house which we weren’t made aware of and did make the stay a"
E02001128,Oldham 031,E08000004,Oldham,manchester,22,0.6297,9.09,0.0,90.91,"Awful worst air b&b I’ve ever stayed out. The guy who’s place it was confronted me after first 7 nights of a 14 night stay to tell me to stop using so much electric. Litreally was so shocked. Was bare | My stay at Steph’s place was absolutely wonderful! Steph was incredibly sweet and welcoming, making the whole experience so seamless from start to finish. Communication was clear and promp. Everything | Great place to stay and hosts were very good.<br/>Will return ."
E02001129,Oldham 032,E08000004,Oldham,manchester,135,0.8102,0.74,2.22,97.04,"Price jumped by £100 after initial enquiry host claiming the pricing was an error! 1st red flag Poor communication other than the generic copy/paste messages. <br/>Basic and cheap feel to the property | We went to Oasis and needed a last-minute Airbnb after our travel plans changed. That’s when we came across Rachel’s place. We were a little apprehensive at first, as it’s a new listing with no review | Exceptional Airbnb stay! The host was attentive, the place clean and cozy, with thoughtful details. Convenient location. Highly recommend for a memorable getaway."
E02001130,Oldham 033,E08000004,Oldham,manchester,44,0.8555,2.27,0.0,97.72999999999999,"We were very disappointed upon arrival to realise that the host lived in the property which was not mentioned in the listing. Bedroom was opposite the host’s bedroom so no privacy. It mentioned enhanc | Great place for holidays and relaxation. Went with my mum and enjoyed the views around the place. Very beautiful and the animals in the field are a charm to watch. Overall, great value for money and w | Beverley’s house are nice and quite.And we really enjoy our stay in her house.Would definitely come back again.High recommand!"
E02001131,Oldham 034,E08000004,Oldham,manchester,24,0.8502,0.0,0.0,100.0,"Enjoyably stay and location, any issues raised directly with our Roberta management company | Had a lovely stay at Tracy’s cabin! The cabin was immaculately clean and extremely comfortable. The bed was extremely comfortable and we had a great nights sleep!.<br/>The welcome pack went down reall | Great place to stay! Definitely would recommend!"
E02001132,Rochdale 001,E08000005,Rochdale,manchester,21,0.8099,4.760000000000001,0.0,95.24000000000001,"I have stayed in many Air B&B and this was the worst experience ever. <br/>The street the house was in was so run down and filthy with over flowing bins.<br/>The house did not match the description, t | Had a lovely stay at Adelle's, completely recommend. From the start it was obvious that they really care about you having the perfect stay. Everything you need is there and cleanliness is A******. It  | I only stayed one night as I had to leave early for family reasons, but in that short time I was made to feel very welcome. I'm likely to be back in the area again in the future and I wouldn't hesitat"
E02001133,Rochdale 002,E08000005,Rochdale,manchester,2,0.2743,50.0,0.0,50.0,"I was not satisfied with this property and whoever cleans the property needs to be sanctioned. | Had an easy and comfortable stay here, would recommend no problem"
E02001134,Rochdale 003,E08000005,Rochdale,manchester,39,0.8742,0.0,0.0,100.0,Like home from home | We really enjoyed staying at Jan’s property. We stayed here whilst visiting family and friends but wanted our own space with our two small children and it was absolutely perfect. We felt right at home | Can’t recommend enough. A lovely space in a beautiful setting.
E02001135,Rochdale 004,E08000005,Rochdale,manchester,5,0.8343,0.0,0.0,100.0,"Great place to stay a+++ | Booked on behalf of a colleague working nearby. Frank's place was perfect for him, he felt right at home which is always appreciated when working away. The apartment is spotlessly clean and well equip | Nice stay, Frank's communication is great.  I would stay again when I'm in the area."
E02001137,Rochdale 006,E08000005,Rochdale,manchester,25,0.8333,4.0,4.0,92.0,"Felt so at home it was a struggle to leave | Brilliant stay at Karen's Bunkhouse! The property itself was brilliant - super well finished, great details and immaculately clean. The farm was awesome too, able to meet all the animals and explore.  | Great place to relax and unwind. The views of the night sky are spectacular."
E02001138,Rochdale 007,E08000005,Rochdale,manchester,14,0.8716,0.0,0.0,100.0,"Lovely family, very welcoming but if need to commute into Manchester City centre you will need to get a couple different modes of transport. | We spend a night here for my friends birthday. Great location and such a good house for a girls night in. <br/>We surprised our friend (so a good few hiding spots haha)<br/>The host was so friendly an | Really lovely home and really enjoyed our stay.  Will definitely stay here again if we come back next year."
E02001139,Rochdale 008,E08000005,Rochdale,manchester,15,0.5251,13.33,0.0,86.67,"Warning to anyone who books… this place is terrible, dirty and smells. If your looking for somewhere to cook its unhygienic a lady was set up in the kitchen with a nail desk working on a client grindi | Great value for money. I was staying at Michael's place after 3 weeks solid work needed to relax and rest ready for another busy week. Michael's home was perfect, very quite just what I needed. Michae | Michael is a very nice person naturally, he was late but he apologised."
E02001140,Rochdale 009,E08000005,Rochdale,manchester,4,0.848,0.0,0.0,100.0,"Great place to stay !! | Great place to stay!  Plenty of space and felt right at home.  Shops are local and hot tub space was private and clean.  Stephen was great and answered any questions instantly.  Would stay here again! | Absolutely fabulous from start to finish! Will 100% be making this regular accommodation as we will be coming back and forth more often. <br/>Stephen was extremely accommodating, stayed in contact thr"
E02001141,Rochdale 010,E08000005,Rochdale,manchester,24,0.7976,0.0,0.0,100.0,"Top class accommodation<br/>Highly recommended | Me and my friends stayed here for 3 nights and it was brilliant. The staff were really friendly and helpful. The rooms were clean and modern, the TV was also a smart TV which was a bonus. Great locati | Perfect for a gig at heaton park! Massive house well worth the money paid!"
E02001142,Rochdale 011,E08000005,Rochdale,manchester,5,0.7188,0.0,0.0,100.0,"Clean place,responsive host | Nice host, very responsive and helpful & nice little place to stay | Comfortable place, good for an overnight or couple of days."
E02001143,Rochdale 012,E08000005,Rochdale,manchester,10,0.8329,0.0,0.0,100.0,"fantastic stay everything you need | the apartment was very nice and well equipped. The host was super responsive, always ready to help. | Great host <br/>Very responsive and understanding <br/>Would highly recommend to other user looking for a place to stay within Manchester area"
E02001145,Rochdale 014,E08000005,Rochdale,manchester,22,0.7758,4.55,0.0,95.45,"Was ok, but no Ariel in tv to watch normal channels, | What a place! Stayed for a weekend with a big group of us then spent Mon-Fri with my girlfriend and our cat.<br/>The location is great, on top of a hill with only a couple of farmhouses for neighbours | Lovely little place!<br/>Clean, tidy, welcoming."
E02001146,Rochdale 015,E08000005,Rochdale,manchester,32,0.7844,3.1199999999999997,0.0,96.88,"If we ever stay over in Rochdale again, I would be extremely disappointed if we could not stay at Elisha’s.<br/>I rate it so highly I would not swap it for a 5 star hotel. | My family and I have been living in this flat for an extended period, and we’ve just decided to extend our stay for another month—that’s how much we love it here! The location is absolutely perfect, o | Great place to stay, would recommend to others!"
E02001147,Rochdale 016,E08000005,Rochdale,manchester,9,0.8593,0.0,0.0,100.0,"Fantastic place, normally there are things missing, but Luke’s place was perfect for everything. Am staying again, and in the future, as I have my own Business and have booked a block for my lads. | I had a great stay at Lucia's. Lucia is a lovely, friendly person, nice to chat to and always happy to help. Relaxing in the hot tub was just what I needed. I hope i can come back soon. | Great property and host was helpful from start to finish! Would highly recommend this property and will be staying again"
E02001148,Rochdale 017,E08000005,Rochdale,manchester,4,0.7919,0.0,0.0,100.0,"a large comfortable home. me and the lads had plenty of space and the host was extremely helpfull | My employees stayed at the property as a home away from home for a work trip. Gozie was helpful and friendly, proactive with responses and very accommodating. The property is great value for money, ea | A very responsive host. Willing to assist when required. Enjoyed staying. <br/>Thank you"
E02001149,Rochdale 018,E08000005,Rochdale,manchester,16,0.6773,0.0,12.5,87.5,"Very quiet and comfy bed | Fantastic place to stay, Beebah made sure everything was sorted before hand and was easily contactable if I needed anything. The room is nice and cost and the bed very comfortable. Easily worth the pr | Great place to stay"
E02001150,Rochdale 019,E08000005,Rochdale,manchester,15,0.6935,6.67,6.67,86.67,"Nice and handy for work. It was quite dirty particularly in the kitchen. Boiler broke down on day 2 so there was no hot water, Holly was responsive but instead of sending out a plumper we were send a  | Rebecca’s place was amazing and exceeded my expectations. Being an Airbnb superhost myself I really did appreciate the little details throughout the property. It was immaculately clean and has everyth | Back as promised. Cracking pad for working locally. Good shops around the corner too."
E02001151,Rochdale 020,E08000005,Rochdale,manchester,10,0.7504,0.0,10.0,90.0,"Stayed over whilst travelling for work. Spotless and very handy workspace. | Such a peaceful and quiet area with beautiful landscaping—perfect for a short escape! The Wi-Fi worked great and the space was generally clean. I appreciated having access to the kitchen, and communic | Lovely house and helpful host"
E02001152,Rochdale 021,E08000005,Rochdale,manchester,28,0.7831,3.5700000000000003,0.0,96.43,"Very responsive host. Wifi didnt work at all during the stay which was really disappointing considering I couldn't get phone signal either. Would stay again if the wifi gets fixed | John’s place was amazing, beautiful and very welcoming! <br/>A warm and heartfelt home with an amazing living room! Great host and would definitely stay again!! | Great for our installation crew. clean and tidy with everything we needed"
E02001153,Rochdale 022,E08000005,Rochdale,manchester,44,0.7802,4.55,0.0,95.45,"We did not feel safe after someone broke the rear widow of my car during the broad day light. Not a safe and clean neighborhood to stay. We did not receive any video of the incident even though the in | Alison was a fantastic host. I didn't arrive until very late and she very kindly waited up to greet me with a cup of tea. She made lots of personal touches to make my stay even better, including water | Thanks for the stay lovely home and host would defo go again"
E02001154,Rochdale 023,E08000005,Rochdale,manchester,23,0.8231,0.0,0.0,100.0,"Clean, modern and convenient. Would stay again. | We stayed here for 2 nights (28th of Feb to the 2nd of March)and it was a great stay. Very smooth and hustle free check-in. The house was very clean and warm (heating was on when we arrived). There is | I loved the stay I felt at home it was exactly as described from pictures .very peaceful area"
E02001155,Rochdale 024,E08000005,Rochdale,manchester,58,0.6111,8.62,8.62,82.76,"I don't like to leave negative reviews, but I felt that this experience needed one...<br/>The house was not clean and clearly maintained poorly. The kitchen was falling apart and dirty, the toiletseat | Jan is a fab host, easy to talk to, very accommodating and friendly, happy to let you come and go as you please. Provided hotel standard amenities, beautiful bedroom and bathroom, photos don’t do it j | Loved our stay here, very homely and the host was very attentive"
E02001156,Rochdale 025,E08000005,Rochdale,manchester,15,0.8032,0.0,0.0,100.0,"satisfactory | A Truly Exceptional Stay<br/>I cannot recommend this place highly enough! <br/>It was a surprise trip for my partner’s birthday and he loved it so much.<br/>From the moment we arrived, it was clear th | Louise was a great host , the house was spotless clean , she even took herself out to show me the way to town , what buses to get , and to crown it off , she helped me get my phone back , which I had "
E02001157,Salford 001,E08000006,Salford,manchester,11,0.882,0.0,0.0,100.0,"Nice house. Comfortable and had most things we needed. No towels in the bathroom unfortunately we forgot ours but otherwise a good stay. | We had a great stay in John's apartment.  It was well located, very clean and perfectly equipped.  Our host, John, was very helpful and friendly.  We really enjoyed our visit and would highly recommen | Wonderful host. The place is beautiful within commuting to Salford, Bolton and Manchester. Really enjoyed staying."
E02001158,Salford 002,E08000006,Salford,manchester,8,0.9098,0.0,0.0,100.0,"Great host, was there to greet me and sow me around | We enjoyed staying at Alex's house <br/>Pam was there to meet us and was very friendly and welcoming. My children loved the place definitely be coming back again<br/>The bed was so comfortable my chil | excellent hospitality, decorated great, good location, fair priced and flexible..thank you"
E02001159,Salford 003,E08000006,Salford,manchester,10,0.833,0.0,10.0,90.0,"It was as described. Basic, but that's what we needed. | Perfect in every way - wish we could have stayed longer!!<br/>Where to start! Lydia's communication was excellent from the get-go, she was a really helpful host who gave really clear instructions. It' | Great host, even better stay. Serious value for money !"
E02001160,Salford 004,E08000006,Salford,manchester,15,0.8001,0.0,0.0,100.0,"Property is very basic. Everything seemed minimal but guess that's as it is a new place. Real lack of personal touches. But ok base for one night stay and good communication from owner. 1 loo roll for | Lovely clean and tidy house throughout, well equipped kitchen. 4 great sized double bedrooms and comfy beds. Nice to have an en-suite aswell. Great off street parking for 2 cars. Very quiet neighbourh | Great communication and clean property!"
E02001161,Salford 005,E08000006,Salford,manchester,10,0.8167,0.0,0.0,100.0,"everything was great <br/>thank you so much | Great stay! Had everything we needed for why we was in Manchester, great location for us all. Really clean and tidy and when we needed anything Ivie got back to us straight away! Great service! Thanky | Spacious 3 bedroomed  house which was perfect for 5 adults (and would accommodate a 6th easily too). A quiet street in a good location."
E02001162,Salford 006,E08000006,Salford,manchester,31,0.7194,3.2300000000000004,6.45,90.32,"House was cold as we couldn’t locate how to turn on the heater and there was no clear instruction to turn on the heater. | We had an absolutely wonderful stay at this cosy summer house — it truly felt like home. The space was thoughtfully equipped with everything we needed to both work comfortably and cook our own meals w | Beautiful flat inside, booked here because of the reviews of how well the flat is looked after. So many air bnbs aren’t very clean… this one was spotless and the attention to detail was brilliant. Fin"
E02001163,Salford 007,E08000006,Salford,manchester,37,0.7806,2.7,0.0,97.3,"Great space and easy location to central Manchester, but fell short of expectations.<br/>Several windows were either locked, had  missing keys or broken handles. As a ground floor flat none of the win | I stayed at this beautiful accommodation to catch up with my family a few days ago. It was very spacious and stylishly decorated with cozy bedrooms and a vibrant living area. I loved the air hockey ta | Great stay, will definitely use again."
E02001164,Salford 008,E08000006,Salford,manchester,42,0.8245,0.0,4.760000000000001,95.24000000000001,Small and cosy place with an incredible bed! | I had a lovely stay at Rich and Ala's property. A super smooth check-in coupled with the lovely calming vibe made for a great evening for me to catch up with a friend. The location is easy access from | Loved staying here it was amazing
E02001165,Salford 009,E08000006,Salford,manchester,40,0.8136,0.0,0.0,100.0,"I was very pleased that Clare was there to let us in and  show us around the Cottage. We had problems setting up the TV, I message clare and straight away she got back to us, and we were able to sort  | Couldn’t have had a better experience!<br/>Maureen and her brother are so helpful and welcoming, perfect place for anyone who enjoys vintage ,beautiful and classical  furniture the garden is also so s | great place. and a decent size..very comfortable"
E02001166,Salford 010,E08000006,Salford,manchester,45,0.797,2.22,2.22,95.56,"The owner made a mistake and double-booked one of the rooms. I sent him a message during the day to check that everything was okay although it was a self-check-in, but he never replied. Flight and tra | I had a pleasant stay here. I booked it EXTREMELY last minute (about 8pm at night) due to a cancelled train. I know it was a hassle & I could tell the host (Waheed) had worked really hard to get every | Would highly recommend. Great price quality and experience with these hosts."
E02001167,Salford 011,E08000006,Salford,manchester,113,0.7988,0.0,3.54,96.46000000000001,"It was a very smooth check-in and out | We stayed here as were were attending a festival close by. Pawel’s house is old, quirky and stunning, with a botanical feel. Beautiful plants everywhere and trendy decor. Photos didn’t do it justice.  | Very clean. offers 3 beds. has a very beautiful backyard 4/5."
E02001168,Salford 012,E08000006,Salford,manchester,20,0.8168,0.0,5.0,95.0,"Flat could do with some renovations.<br/>Tiles hanging off and  a hole in the wall of the shower.<br/>No oven.<br/>It served it’s purpose but was expensive! | The apartment has everything you’ll need, is basic but comfortable and very clean.  The beds were nice and I slept well all weekend. Photos are an accurate representation of what the apartment was lik | Very impressed with our stay and house is extremely looked after, host is responsive and accommodating, will definitely stay again"
E02001169,Salford 013,E08000006,Salford,manchester,19,0.7763,0.0,0.0,100.0,"Fantastic atmosphere.. | Absolutely fantastic place for long stay, house is very well equipped from kitchen to cleaning stuff <br/>Most important allocated in nice quiet location I highly recommended this place to anyone <br/ | Great accommodation and location. Would recommend."
E02001170,Salford 014,E08000006,Salford,manchester,14,0.8674,0.0,0.0,100.0,"Wow. How was amazing<br/>Defo will stay again<br/>Thank you so much | Wei is living out of Manchester city, but the place is very easy to get to - a direct city bus (£2 one way) and a 2 minute walk (or a train to Patricroft and a 10 minute walk). It's a nice house with  | Clean, welcoming and always a good night sleep! Thanks"
E02001171,Salford 015,E08000006,Salford,manchester,38,0.837,0.0,0.0,100.0,Leroy a top man! | It’s a very nice place and the price is fair enough <br/>The location is very good and closed to everything <br/>I love the bathroom  it’s so clean and beautiful inside <br/>Petter is an amazing perso | Great place to stay everything was clean and maintained well
E02001173,Salford 017,E08000006,Salford,manchester,261,0.7187,3.83,3.0700000000000003,93.10000000000001,"I don’t like giving bad reviews but this is the first time I have faced something like this in a foreign country. I had booked my room from 11th Oct, 2024.. as I was staying with my parents currently. | I had a wonderful stay at Neil’s place in Salford! Neil is a great host—sharp, witty, responsive, and always friendly. He’s respectful of guests’ privacy but happy to have a chat, which made sharing t | The place is extremely clean. Very responsive host."
E02001174,Salford 018,E08000006,Salford,manchester,20,0.8351,5.0,0.0,95.0,"Heed the warning, do not stay.<br/>Key was not where it was stated and so after 35 minutes of being stood outside, the property owner instructed me to knock on the basement flat which absolutely stunk | I had the pleasure of staying at Scott's house and was thoroughly impressed with the accommodations. The bed and the linens were top-quality, making for restful nights’ sleep. The room was kept at a c | Nice landlord and neighbour, good environment and cost effective."
E02001175,Salford 019,E08000006,Salford,manchester,38,0.7784,2.63,0.0,97.37,"This defo has character sadly a cross between a hostel and a slum,   Avoid !!! | DaitanandDebbie offers the loveliest, homiest and most welcoming place! It has a super well equipped kitchen and bathroom, supplied with care down to the smallest details (great shampoo and lotion), m | stayed here for a week and it was everything that we needed. Mary is a lovely host and was very helpful if we needed anything"
E02001176,Salford 020,E08000006,Salford,manchester,121,0.7657,3.3099999999999996,2.48,94.21000000000001,"The flat is well decorated and looks nice, like in the pictires. The kitchen had all the necessary equipment. BUT we had a massive issue with noise. There seems to be a night club on the ground floor  | Always apprehensive to book somewhere without reviews, but Claire and Lee's place was newly listed and looked ideal for our needs.  Having chatted with Claire over messages, I was comfortable to book. | lovely place, location good for coffee places, walks around the canal."
E02001177,Salford 021,E08000006,Salford,manchester,238,0.7349,5.04,2.1,92.86,"Where do I start. <br/>We first arrived to the place and inside it was clearly in the middle of renovating. <br/>We checked in and was given room 1, when first entering the room we noticed that the ro | Roxana was a fantastic and fast responsive host which made our stay very pleasurable and easy. Getting to the place and checking in was super easy due to easy instructions and detailed description. Th | Excellent stay, would recommend to anyone.  5*"
E02001179,Salford 023,E08000006,Salford,manchester,335,0.7618,1.79,2.69,95.52000000000001,"the property was a lot smaller than it seemed on the ad, there was no dishwasher so we had to wash the dishes, there were only 5 forks in the house, the house sleeps up to 7 people, we had 5 people an | We had an amazing stay here. Everything about it made our trip easy, comfortable, and very enjoyable.<br/>The house was spotless on arrival—floor to ceiling. The décor feels modern yet warm, with thou | Great place. Would recommend"
E02001180,Salford 024,E08000006,Salford,manchester,114,0.7043,7.02,1.7500000000000002,91.23,"the hosts were kind and responsive and i loved the decor and layout. but a few things made it a bit of a frustrating stay. our first day i let them know that the shampoo was empty and they said ‘it wa | We had an amazing stay at Rich & Ala place. The accommodations were clean, comfortable, and exactly as described. Rich and Ala were incredibly welcoming and provided us with everything we needed. The  | A convenience place for life. The room is clean and the owner is friendly."
E02001181,Salford 025,E08000006,Salford,manchester,19,0.6395,15.790000000000001,0.0,84.21,"ONE SHOULD NOT BY ANY MEAN WASTE THEIR MONEY AND ENERGY IN STAYING HERE ( IT HAPPENED TO ME BECAUSE I MISSED REVIEWS) fortunately i did complain Air BnB & was very helpful. Airbnb further need to make | Perfect small little house in Eccles which is only about a 5 minute drive from the Tarfford Center, 10 minutes drive to Old Trafford and 30 minute drive from Arndale.<br/>The house was lovely, cozy an | Naiem's place was clean and easier to find.<br/>The instructions of how to get in were straightforward.<br/>Thank you Naiem."
E02001182,Salford 026,E08000006,Salford,manchester,77,0.7844,2.6,1.3,96.1,"we've stayed there 35 days with my husband, the flat is really big and nice inside. Very close to shops, train station and metrolink. You have everything around, But I can't say the same for the build | I had a delightful month-long stay at David's apartment. The experience was truly positive – the apartment was lovely, and check-in offered flexibility, with David being highly responsive. I commend h | Perfect location for outbreak festival"
E02001183,Salford 027,E08000006,Salford,manchester,32,0.7936,0.0,0.0,100.0,"Exactly what I was looking for, although my needs aren't particularly difficult to meet | I had a fantastic stay at this Airbnb! The place was exactly as described clean, comfortable, and beautifully maintained. The host was incredibly friendly and responsive, making check in and communica | Good value for money, clean and spacious, apartment as described."
E02001185,Salford 029,E08000006,Salford,manchester,15,0.7851,0.0,0.0,100.0,"Jess’s property was a great stay over for us <br/>Good location and large property. <br/>Couldn’t fault Jess at all | The ground floor was a bit outdated but the house was very cozy and clean, with all essential amenities. The kitchen window added a refreshing twist to working from home. We loved the back garden, whi | Thanks Mark, what a lovely home you have!"
E02001186,Salford 030,E08000006,Salford,manchester,8,0.8097,0.0,12.5,87.5,"Spacious house with two bedrooms | Danny is a fabulous host and a very nice, friendly, welcoming and laid back person. <br/>Everything was as it says on the tin!<br/>Great location and great value for money. <br/>It's a very peaceful l | Enjoyed the stay, great place"
E02001187,Stockport 001,E08000007,Stockport,manchester,30,0.8485,0.0,0.0,100.0,"Firstly, the stay isn’t appropriate for anyone that has mobility issues, as the stairwell to get up to the apartment is effectively a ladder, you will struggle with carrying bags up there. <br/>The ki | One of the Best Airbnb Stays!<br/>This was truly one of the best Airbnbs I’ve stayed in. The location was perfect—within walking distance to visit family and close to everything I needed. The space wa | Loved our stay! We stayed 10 nights and really felt like it was our home away from home. We would definitely stay again"
E02001188,Stockport 002,E08000007,Stockport,manchester,48,0.8386,0.0,0.0,100.0,"Felt right at home and was even nice about every situation | loved my stay ,I felt at home ,enjoyed the lads company, the house looks good on the advertisement ,its actually even better in person..its genuinelyone of the nices houses I have been in ,the attenti | Comfortable room <br/>Clean , cosy warm and location excellent"
E02001189,Stockport 003,E08000007,Stockport,manchester,21,0.8275,4.760000000000001,0.0,95.24000000000001,"Nice space and quiet location, but would not recommend due to cleanliness and clutter. | Really lovely hosts - so welcoming and hospitable. Easy check in and check out. Lots of homely touches such as fresh flowers, a welcome hamper & drinks. Comfortable lounge area. All the amenities you  | It's a cosy place to stay in. I would recommend for 2 people who are not staying too long also because at some point you might want to cook yourself some food which is not very practical there. But ap"
E02001190,Stockport 004,E08000007,Stockport,manchester,35,0.8409,0.0,2.86,97.14,"This house was suitable for our purpose which was a family wedding in the area. There was plenty of space in the kitchen and bedrooms but the lounge is very small for 8 people. The house needs some TL | Pablo’s house is a perfect place for couples, family and friends getaways. All essentials, electrical appliances are ready to use, everything are immaculate clean and beautiful (even better than home! | Great place. Looks even better than pics. Easy check in and shops nearby"
E02001191,Stockport 005,E08000007,Stockport,manchester,5,0.8872,0.0,0.0,100.0,"Lovely place to stay for a few days and very quiet. Easy to access local places. | What a beautiful hostess Annette and her husband Martin was. <br/>They are so welcoming and very friendly always on hand if we needed anything. The property is in an ideal spot so close to the beautif | Warm, very clean and comfortable accommodation. Lovely, quiet location."
E02001192,Stockport 006,E08000007,Stockport,manchester,75,0.8001,5.33,0.0,94.67,"Very disappointed with this accommodation. Boiler wasn't working so no heat/hot water. Empty used potnoodle pot in kitchen with cig butt inside. Dirty bathroom, v.basic bedroom furniture, some falling | My friend and I stayed at Nick's place for a couple of nights while visiting from Scotland.<br/>The room was exactly as described on the listing and was very clean and comfortable and had some thought | Mehak’s place was perfect for what we needed it for. Little touch ups here and there would make it a perfect place to stay for a longer amount of time, like the addition of a tv and maybe an oven. Oth"
E02001193,Stockport 007,E08000007,Stockport,manchester,35,0.8507,0.0,0.0,100.0,"Thank you, Edmund, for allowing my family and me to stay. | Fantastic home from home!<br/> Beautifully decorated and furnished with comfortable beds and seating. Bathroom is very bright,modern and has a lovely, hot rainfall shower.<br/>All amenities available  | Great place to stay. Brand new and clean. Host attended to every need no matter what it was. Edmund was responsive throughout all communication."
E02001194,Stockport 008,E08000007,Stockport,manchester,31,0.7534,6.45,0.0,93.55,"I genuinely wish I could give this place zero stars. From the moment we arrived, it was clear this Airbnb was nothing like advertised. The living conditions were absolutely vile and completely unaccep | My wife an I stayed here for a month!<br/>The house was great. Beautiful decorations and garden, peaceful and pleasant.<br/>Chris and Debbie are very nice and friendly. we really enjoyed our time bein | Really comfortable stay and made to feel very welcome in their home."
E02001195,Stockport 009,E08000007,Stockport,manchester,12,0.8011,0.0,8.33,91.67,"This is our go-to when visiting family in Stockport, it has everything you need for a short (or long) stay | The photos don’t do the house justice, it really is impressive. We were lucky enough to have sun all weekend and the patio/garden is perfect for a BBQ. it was only 20 minutes into the city centre and  | it was a lovely place with a great kitchen"
E02001196,Stockport 010,E08000007,Stockport,manchester,20,0.8048,10.0,0.0,90.0,"Passable.<br/>Unfortunately this is the worst Airbnb we’ve ever stayed in. There are no home comforts (the property is reminiscent of a repossession inside). There are basic items missing (no teaspoon | Magpie Cottages were absolutely wonderful. <br/>From the easy booking and fabulous communication with Liz, to the well maintained, clean facilities and from the lovely welcome, information given to us | Great location, easy to find and exactly what we needed"
E02001197,Stockport 011,E08000007,Stockport,manchester,19,0.8467,0.0,0.0,100.0,"Mandy was hospitable and helpful and the room was just what I needed. I would stay again | Situated on a lovely quiet street with easy access to Stockport town centre, this house is absolutely delightful.<br/>It was absolutely spotless, decorated wonderfully and perfectly equipped.<br/>each | Perfect place for a short weekend break. Just far enough outside Stockport to feel quiet but close enough if you want to walk in and get a coffee. <br/>Lovely enclosed garden which was perfect for our"
E02001198,Stockport 012,E08000007,Stockport,manchester,5,0.5545,20.0,0.0,80.0,"We booked Geoffs place for an 8 night stay and stayed just 10 hrs. We arrived at 10.45pm after a 10 hr journey. We couldn’t get away fast enough!<br/>The place is not up to any clean person’s standard | Our 2-night stay at this cozy getaway was nothing short of perfect. The ambiance was warm and inviting, making it the ideal escape for my partner and me. Every detail, from the comfortable bed to the  | Very nice place I would highly recommend if you’re looking for a peaceful time out"
E02001199,Stockport 013,E08000007,Stockport,manchester,25,0.8263,4.0,0.0,96.0,"can't be better | I had a wonderful stay at this charming home! The house itself is cozy, beautifully maintained and exactly what you'd hope for when looking for a relaxing getaway. My host was incredibly polite and ca | Lovely house in a great location"
E02001200,Stockport 014,E08000007,Stockport,manchester,121,0.7786,3.3099999999999996,0.0,96.69,"The flat is very central, looks new and refurbished and had all the amenities.<br/>I had a bad impression on arrival because there was a huge bucket in the bedroom to hold water coming from a leak in  | Tom and Alex were very welcoming, and the flat is small and compact but great use of the space, the interior design of decorative things and plants was actually inspirational to me and my wife, the be | Great stay for the week, would definitely stay again."
E02001201,Stockport 015,E08000007,Stockport,manchester,5,0.8447,0.0,0.0,100.0,Very good house and very clean | Great host and communication was brilliant. Thanks for hosting x | Everything is good but washroom does not have lock itself but overall the house is clean <br/>If you have car its good but if you are traveling through public transport it will take you more than an h
E02001202,Stockport 016,E08000007,Stockport,manchester,36,0.7713,2.78,0.0,97.22,"Unfortunately, my stay at Sara's Airbnb was anything but pleasant. There's an unpleasant odor in the stairwell and throughout the apartment. The windows in the apartment unfortunately don't open. Over | Jens place really is absolutely beautiful. The place just feels so relaxing and I felt right at home. It has the most stunning style and I really enjoyed my stay here. Having blue tooth speakers in th | Great place to stay, inspiring decor and homely feel!"
E02001203,Stockport 017,E08000007,Stockport,manchester,93,0.9048,0.0,1.08,98.92,"Lovley scenery | My boyfriend and I stayed at the shepherds hut for a long weekend, and it was so serene! The hut is wonderfully located in the Mellor hills with a beautiful view right over Kinder Scout, surrounded by | Absolutely beautiful accommodation. Really quiet and peaceful. Spotlessly clean and warm"
E02001204,Stockport 018,E08000007,Stockport,manchester,33,0.8616,0.0,0.0,100.0,"Fantastically easy to deal with Siobhan<br/>Lovey property<br/>Thank you | Absolutely beautiful place to stay, next to a lovely park to walk through and the annexe itself is a very relaxing space that was immaculately clean and comfy. Alison is so friendly and welcoming, not | Everything was perfect... thanks for nice stay there..."
E02001205,Stockport 019,E08000007,Stockport,manchester,42,0.8535,2.3800000000000003,0.0,97.61999999999999,"I will be booking here again next time I’m in the area, no need to go anywhere else! | I just love staying in the Bunk Room, the bed is so beautifully comfy and I had the best nights sleep. <br/>I adore it here - its honestly the best Airbnb I’ve ever stayed in, from the warm welcome fr | Great host, great place to stay and would stay again anytime"
E02001206,Stockport 020,E08000007,Stockport,manchester,41,0.8921,0.0,2.44,97.56,5* host and room | What a truly amazing find. Both my friend and I stayed here for 1 night as the location was perfect for a wedding that we were attending locally. <br/>Gemma and Dennis were the perfect hosts. <br/>The | Beautiful cosy home and area. Appreciated the local guide to the local shops and restaurants. A fabulous stay.
E02001207,Stockport 021,E08000007,Stockport,manchester,26,0.8889,0.0,0.0,100.0,"Good value for money | We stayed here for 30 days and honestly, it couldn’t have been better! The house is super spacious with three comfy bedrooms and two bathrooms – perfect for a relaxing stay. The place was really nice  | Host was very kind and responsive! We enjoyed our stay!"
E02001208,Stockport 022,E08000007,Stockport,manchester,41,0.832,2.44,0.0,97.56,"I think this is the scam property. I booked for 2 days, they gave me the code of the key box but there was no key in there. We drove 5 hours to get there at 1am  and I have my infant 6 months old, we  | We had a wonderful stay at this Airbnb. The host was fantastic, providing quick and helpful responses. The house itself was lovely, featuring comfortable beds, charming decor, and a well-equipped setu | Enjoyable stay, friendly host, met my objectives of an affordable, clean and convenient stay close to motorway access in Cheadle."
E02001209,Stockport 023,E08000007,Stockport,manchester,52,0.8389,0.0,1.92,98.08,"Really nice<br/>Thank You | I had a fantastic stay in Stockport with A'Dell. The house is beautiful,  tastefully decorated, clean and tidy throughout. The bedroom was spacious and the huge superking bed was very comfortable, wit | We had a wonderful stay in the property. Definitely recommend  for family and traveller."
E02001210,Stockport 024,E08000007,Stockport,manchester,13,0.8812,0.0,0.0,100.0,"Everything you need Clean and tidy for a short stay | Stayed for a week in this lovely cosy but spacious annexe. Great location to explore peak district and also Manchester, also very close to Stockport Town centre so great access to shops if needed. Max | We had s happy stay and Max was very helpful and friendly as our plan kept changing"
E02001211,Stockport 025,E08000007,Stockport,manchester,34,0.8216,2.94,0.0,97.06,"Everything as decribed.<br/>Ensuite room shower and toilet is ok. Floor is a very old dirty carpet. Communal part are dirty ( mainly dependent on the actual occupant, so may have improve ...) | Uzair was a super friendly, fun and helpful host. We had nice chats and he gave me some tips for my stay in Manchester. Communication was perfect. His answers were fast and he explained how to get to  | Ideal for a quick stop over in Manchester, great value for money"
E02001212,Stockport 026,E08000007,Stockport,manchester,8,0.9225,0.0,0.0,100.0,"Lovely place and really clear instructions | My wife and I had a pleasant stay at this Airbnb! The host was incredibly nice and provided some fantastic sightseeing recommendations. The bedroom was clean and comfortable, and we loved spending tim | Easy going very friendly nice area and the whole experience was very easy going which is exactly what you want"
E02001213,Stockport 027,E08000007,Stockport,manchester,77,0.8057,1.3,1.3,97.39999999999999,"Extremely clean and quite comfortable although small. Kitchen was reasonably well equipped but no equipment for making coffee. <br/>It is located on the A6 next to a pelican crossing so was quite nois | We had such a wonderful stay here! The house was spotless and really comfortable – the duvets and pillows were so full and fluffy, which made it feel extra cosy. The décor is lovely, everything felt f | It was good value for the money very clean <br/>Just one thing there should me a sign near the shower to locate the switch ."
E02001214,Stockport 028,E08000007,Stockport,manchester,44,0.8274,2.27,0.0,97.72999999999999,"We stayed here for a week and the location was fantastic.However, we had a couple issues  such as; The cleanliness of the property needs to be worked on. There was mold In the shower, the extractor wa | I arrived from the US to take a new job in the UK and spent 10 days isolation (+7 after) in this flat. The place was clean, as advertised, and the hosts were kind and responsive. I would stay here aga | A lovely flat in a perfect location for local restaurants and shops.  The private driveway  is a great plus as parking spaces in Cheadle are very difficult to find. The flat had everything we needed f"
E02001215,Stockport 029,E08000007,Stockport,manchester,20,0.9218,0.0,0.0,100.0,"This is a fabulous apartment in the centre of Marple Bridge.   Jane went the extra mile to make our stay very enjoyable. | Lovely, cosy house in a great location. Easy to get into Manchester, and beautiful countryside and views around Marple.  The house was clean and tidy and some nice touches - milk in the fridge, and bi | Easy place to stay at, beautifully renovated. Lots to do locally, within walking distance. Would definitely stay again, great VFM."
E02001216,Stockport 030,E08000007,Stockport,manchester,35,0.7539,2.86,0.0,97.14,"Compact, well equipped and clean flat in convenient location.  Bit of noise from trains but didn’t really bother me and I’m a light sleeper.  Will book again. | Lovely stay! The studio apartment was clean and comfortable. Very easy to adjust the heating which is always nice. <br/>That was also top 3 best mattresses I ever slept on! <br/>Everything was perfect | A nice apartment Akiva was quick to respond . Nice to have security at reception to touch base with ."
E02001217,Stockport 031,E08000007,Stockport,manchester,48,0.7147,4.17,0.0,95.83,"the host was very arrogant and abusive. absolutely unhelpful and intimidating. she kept telling and abusing the guest for telling her that her fridge smelled like a dustbin and had fish smell, all ove | We needed to stay a few nights in Hazel Grove whilst visiting family. This place was perfect for us 4 as we wanted a cosy place we could use as a base. <br/>The cottage is very cute, well decorated an | We had a very peaceful stay with no worries."
E02001218,Stockport 032,E08000007,Stockport,manchester,13,0.8457,0.0,0.0,100.0,"Perfect place to stay Aline ir with a partner. | We stayed at David's house to visit family. it was a great location for us. Close to the park and a good pub (Jolly Sailor) close by as well. There's a Spa just 2min walk from the house so it's all su | The house is so comfy and let me say absolutely gorgeous, stocked with all the essentials for our stay , was also in a great location.<br/>Would 100% go back"
E02001219,Stockport 033,E08000007,Stockport,manchester,24,0.74,0.0,8.33,91.67,"just as described and lots of little things that count, milk/cereal. | It was my first time using Airbnb and my first time in the UK, and this host hosted me like a family and took great care of me, went above and beyond than anything I could have ever asked for. I truly | Great place highly recommended"
E02001220,Stockport 034,E08000007,Stockport,manchester,15,0.7453,6.67,0.0,93.33,"Unfortunately, our stay at this Airbnb was quite disappointing. The location is extremely far and very inconvenient, making transportation a hassle. The only reason we booked this place was that it wa | From the moment we walked in, Janet's place felt like home (so much so, we've already booked to come back again next week!). The flat was clean, spacious, comfortable, stylish and well-equipped, and w | Lovely place would definitely stay there again"
E02001221,Stockport 035,E08000007,Stockport,manchester,12,0.8424,0.0,0.0,100.0,Really nice place to stay<br/>We will be booking again | This deceptively spacious semi detached property is a real gem! The place was well appointed and the host even included amenities. <br/>A lot of effort was made to make this place feel homey so congra | Thanks for hosting my family! We enjoyed our stay and felt very comfortable.
E02001222,Stockport 036,E08000007,Stockport,manchester,29,0.7329,3.45,3.45,93.10000000000001,"Not very clean, in terms of dirty cupboards, tv places on a small cabinet and not attached to the wall which made it unsure especially for children. All needs some TLC, skirting boards dirty and scuff | Thank you Sue and Pete for a lovely stay. The room was clean and beautiful and the perfect place to relax before an early morning flight. We felt we had privacy. We enjoyed our stay. Sue was an attent | Very helpful and responsive"
E02001223,Stockport 037,E08000007,Stockport,manchester,24,0.8848,0.0,0.0,100.0,"Great host and amenities | Fantastic hosts!!!!! I would give 15 out of 5 stars. Lovely home, lovely people and made to feel so welcome. Very well organised. Nice touches. Good breakfast selection. You will want to move in perma | What a lovely stay I had. Janet was the friendliest host I have ever had on an AirBnB.<br/>I had my own room, bathroom and living room with a big wardrobe and a TV with 50+ channels.<br/>I will use Ja"
E02001224,Stockport 038,E08000007,Stockport,manchester,12,0.8271,0.0,0.0,100.0,The whole stay suited our needs very well. | The house was incredible and absolutely beautiful. The attention to detail was amazing. The pictures don't do the house justice and is an incredible size for the amount of people. The bedrooms and bat | Stayed for one night on our way through. A beautifully quiet spot with outlook over the fields and the sunset!  The accommodation was very comfortable and the standard of furnishings and fitting high.
E02001225,Stockport 039,E08000007,Stockport,manchester,16,0.5081,18.75,0.0,81.25,"No curtains or blinds totally unacceptable due to no privacy.  Blinded by sunlight waking you up at 6 am.  Dirty pans brown and unusable had to go out and buy our own.  Oven and freezer filthy.  Cooki | From the very start Alexandra was quick to get back to us with answers to any queries . Sadly we didn’t get to meet her on the day as we arrived earlier than we had first said, but Alexandra made sure | Very clean, comfy, convenient accommodation, with thoughtful host. I wouldn’t hesitate to book again."
E02001226,Stockport 040,E08000007,Stockport,manchester,48,0.8459,0.0,2.08,97.92,"Patrick is a real gentleman. He will look after you. | Highly recommend!!!!!This is the best airBnb with good location, near the Manchester airport within 5mins taxi drive(around £14). 10~15mins walk to the train station, local stores, cafe etc. fast WiFi | It is rare to find a place where the the place itself is even better than described.  Muhammad was a responsive communicator, the place was spotless and uncluttered and perfect for putting up our fami"
E02001227,Stockport 041,E08000007,Stockport,manchester,29,0.8442,0.0,3.45,96.55,"One small room<br/>One bed<br/>Shower and toilet only | A great place to stay, it's sparkling clean and has a separate door and keysafe, so check in is very easy. Mandy and Roy are lovely and very quick to respond to any queries. The neighbourhood is nice  | The accommodation was conveniently positioned, clean, very well presented and warm. I enjoyed staying.<br/>Thanks Mandy."
E02001228,Stockport 042,E08000007,Stockport,manchester,28,0.8963,0.0,0.0,100.0,"Very suitable for our stay between a house just sold and one just acquired. It gave us space, couple of local pubs and easy to reach shops and travel around. | Such a nice and spacious house for the 5 night stay. Clear instructions from start to finish, everything as described, very well equipped with all essential living facilities, comfortable beds, easy h | Clean and comfortable accommodation, conveniently located within walking distance of shops. Kevin was welcoming and easy to communicate with."
E02001229,Tameside 001,E08000008,Tameside,manchester,37,0.8168,2.7,0.0,97.3,"This was one of the worst places to stay in terms of communication with the host and lack of amenities which although advertised by the property was not present. The day of check-in the host replied t | Loved the roof nest! It’s even nicer than it looks on the photos and was spotless. It’s clearly new and everything has been done to a really high standard. Super comfy, good quality bed which is impor | The place was very tidy and homely. Haris was a great host with fast responses and flexible check in/out times. 100% recommend 💯"
E02001231,Tameside 003,E08000008,Tameside,manchester,13,0.7654,0.0,7.6899999999999995,92.31,"waqas himself was very much cooperative. Accomodation is little far away from train station and steepy too. | We had an absolutely wonderful stay at this charming farm. The beautiful views were breathtaking, providing a perfect backdrop for our getaway. The property was just as described in the listing, and t | Friendly & Very Welcoming Host!"
E02001232,Tameside 004,E08000008,Tameside,manchester,34,0.7136,5.88,2.94,91.18,"Disappointed after a previously positive stay.<br/>I’ve stayed with these hosts before and had no issues, so I confidently booked again. Sadly, this time was very different. My friend and I arrived at | I would definitely recommend Izabela’s place. I stayed for a month and my stay there was amazing! The check in process was easy and simple. The room was very spacious and super comfy. The whole place  | Geoff’s place was very clean-very important!Plenty of space for the two of us,but will hold 5 no problems!House was well equipped-heater worked well and plenty of supplies.<br/>Small issues with the B"
E02001233,Tameside 005,E08000008,Tameside,manchester,17,0.8035,0.0,5.88,94.12,"It  needed a bit of TLC | Staying at Naomi's was perfect for my needs whilst working at a festival 10 minutes walk away.  We had off road parking for my campervan and the bedroom was clean and tidy,  & the bed and pillows comf | Great place, thanks"
E02001234,Tameside 006,E08000008,Tameside,manchester,22,0.7861,0.0,4.55,95.45,"Building entrance is run down and needs some TLC <br/>Other than this the flat was spacious | The apartment is a quiet retreat which has essential shops nearby as well as public transport. It's great for someone who doesn't have a car to travel with. It's cosy and well worth it. The essential  | Great place to stay. Lots of room and amenities, would recommend"
E02001235,Tameside 007,E08000008,Tameside,manchester,21,0.5447,4.760000000000001,14.29,80.95,"So I booked this accommodation with my wife and 8-month-old baby. We arrived at the Manchester coach station as we don't live there and called the host Amir. To my surprise, he was very rude and conde | The house was great, all the rooms were a good size, it came with everything you needed. The bathroom was new and spotless. The beds were comfortable and Akintunde was a great host. He contacted us as | Great place to stay. I will book again and again."
E02001236,Tameside 008,E08000008,Tameside,manchester,4,0.8256,0.0,0.0,100.0,The apartment was just as discribed and clean. <br/>As its on a main road you do get noise from road but nothing bad. It was warm in the apartment however air con unit in rooms. <br/>Host replied to a | We booked last minute and we were so glad we did! Plenty of space for us (2 adults and 2 young children) the space is modern and well laid out with everything you could need for a pleasant stay. We wi | very nice room and friendly Landlord highly recommended
E02001237,Tameside 009,E08000008,Tameside,manchester,11,0.8732,0.0,0.0,100.0,"Excellent place to stay | Thomas was a lovely host. Super friendly, great communication, and all-around nice guy. I was made to feel at home and extremely comfortable. <br/>The house was REALLY clean and tidy and the bed was v | Beautiful place to stay! Michelle is such a lovely person and her home is stunning."
E02001238,Tameside 010,E08000008,Tameside,manchester,23,0.8178,0.0,0.0,100.0,Responsive and understanding host. | This is my second stay at an air BnB in Manchester and it’s by far the most amazing experience. The house was so nice and the host was very friendly and welcoming. Everything was made available.<br/>G | had a wonderful stat here. host very helpful. absolute bargain for the price.
E02001239,Tameside 011,E08000008,Tameside,manchester,102,0.7573,0.98,2.94,96.08,"booked this bnb on October 5th 2024 for 9th and 10th of November, put the offer in and it was accepted all good right? nope I messaged 2 days before asking how would we check in so we didn't have to r | Room: couldn’t have asked for more. Has everything needed for a comfortable stay: big cosy bed, large mounted TV, mini-fridge with a freezer &  tons of storage. Shared bathroom was always clean, spaci | The room was okay, the host was really responsive. Overall, a nice stay"
E02001240,Tameside 012,E08000008,Tameside,manchester,52,0.7694,0.0,1.92,98.08,"I would stay there again if I happen to be in Manchester again | I had a perfect stay at Sarah’s! This is a beautifully clean newbuild property with a fresh and highly functional design. Everything has been thought out carefully, the room is very calming and is ext | Beautiful stay! Thank you both for being so accommodating."
E02001241,Tameside 013,E08000008,Tameside,manchester,54,0.511,16.669999999999998,3.6999999999999997,79.63,"The worst airbnb experience in 10 years. The appartment was untidy upon our arrival. Nobody ever cleaned kitchen or bathroom, dirt on floor, even dirty toilet.  The rubbish bin was two thirds full upo | I stayed at Benjamin’s home yesterday for 1 night, and he has such a big heart, and the way he and his family welcomed me made me feel exactly like I was in my own home. The room was spacious, warm, a | We were a family of 9 and visiting family. They were able to come to us because we were a large group. They house was large and very comfortable to accomodate visitors."
E02001242,Tameside 014,E08000008,Tameside,manchester,33,0.8032,6.0600000000000005,0.0,93.94,"We were let down when our first bnb had unexpected problems so when we found this it was great!!!<br/>Unfortunately, on the first day we had to ask for check in instructions, we were then sent to the  | If I could give this 10 stars I would. Absolutely loved staying here and the hosts were fantastic. Yashika was so easy to communicate with and friendly & Vinayak welcomed us on our stay and was extrem | The place and room is very clean with welcoming hosts. Recommended to anyone visiting nearby areas near Manchester"
E02001243,Tameside 015,E08000008,Tameside,manchester,16,0.8581,0.0,0.0,100.0,"Location was perfect for my stay | This is a lovely place to stay. It is modern and well decorated. It is thoughtfully and carefully planned. It is well appointed and comfortable. It was beautifully quiet and safe. Patricia gave me a l | Thanks Hamed, he is a great host, very responsive."
E02001244,Tameside 016,E08000008,Tameside,manchester,10,0.6991,10.0,0.0,90.0,"Not a nice neighbourhood. Share with others and 1 communial bathroom. Did not feel safe there so cancelled our stay there. | Beautiful, cosy and friendly! Everything you need!!!! Sam is very responsive and kind person. His hospitality and the advice he provided was beyond my expectations, what made our stay in Manchester re | Lovely house, friendly host,"
E02001245,Tameside 017,E08000008,Tameside,manchester,39,0.6504,7.6899999999999995,2.56,89.74,"My second stay there in past 2 weeks. And I wouldn’t hesitate to stay there again and again absolutely Gem of a place.  No issues with car park noise and over crowded area. | I would like to mention how enjoyable my stay was here, Alex was very responsive and helpful, as soon as I sent a query he was more than willing to help asap,<br/>The place is located in a great peace | He helped a lot and it was nice and clean"
E02001246,Tameside 018,E08000008,Tameside,manchester,12,0.71,0.0,0.0,100.0,"Will recommend | It's a pleasure to be in this environment, a pleasant and splendid moment with a good host, thank you, Maria. | She is great person and money was worth it"
E02001247,Tameside 019,E08000008,Tameside,manchester,15,0.7103,6.67,0.0,93.33,"We needed a bed for the night. Perfect stop over. Place was spotless but we lost something and pulled sofa out to see if it was under there and it was filthy with dust and rubbish from previous guests | The room was a good size, everything I needed, nice little extra touches, really comfy bed! And the hosts just made my stay even better ! So friendly and couldn’t do enough for me! Will definitely sta | Very responsive and understanding with our situation and let us check in late at night. The place was cozy and he was very welcoming."
E02001248,Tameside 020,E08000008,Tameside,manchester,12,0.8357,0.0,0.0,100.0,"Very nice house and conventient, | Second stay and recommend highly! Super clean, stylish and spacious. Beautiful place to stay in a quiet area. Heather is also lovely and responsive will help with whatever you need. 10/10. | Great place and lovely hosts"
E02001249,Tameside 021,E08000008,Tameside,manchester,38,0.806,2.63,0.0,97.37,"Immaculate, tidy, well stocked.  Couldn't recommend this place anymore! | What a Beautiful home you have. We had a fabulous time. The home was beyond perfection. Absolutely stunning home. Great location. Safe and in a quiet environment. Joanne was a great host. Very informa | Tom helped us out at the last minute with a short notice booking. His place is as described in the listing and very convenient for the Denton centre as well as buses into Manchester.  We were visiting"
E02001250,Tameside 022,E08000008,Tameside,manchester,1,-0.5216,100.0,0.0,0.0,Only one issue. The key lock box is out of sight when approaching the front door. Look on the left side. Also thete are two. Dont waste time with the upper one which we wasted 10- 15 mins trying to op
E02001251,Tameside 023,E08000008,Tameside,manchester,39,0.8906,0.0,0.0,100.0,"We arrived at 10.30pm with our 10 month old, quickly we noticed that the rooms had mold and the bathroom was unclean.<br/>We left by 11.30pm and got a local hotel instead.<br/>The property is on a bus | The Peak retreat was exactly as described, clean comfortable and well equipped with everything I needed. Communication with the host was smooth and they were incredibly helpful and friendly throughout | Second visit, lovely cozy house near the pub and railway station. Excellent welcome pack and fully equipped kitchen."
E02001252,Tameside 024,E08000008,Tameside,manchester,37,0.675,5.41,0.0,94.59,"My recent Airbnb booking was not a pleasant experience overall. We paid for four guests, got confirmation from the host, but the host later said only 2-3 people could stay, conveniently after the refu | Amazing place to stay, accommodation was very clean, comfortable and spacious, the host Shabir was extremely responsive and helpful, the bed was super comfy like sleeping on a cloud! I definitely recc | A very nice and responsible host.<br/>Enjoyed the stay"
E02001253,Tameside 025,E08000008,Tameside,manchester,27,0.806,0.0,0.0,100.0,"House is lovely. Bit further out than thought.  Not much around. But Uber got us to where we wanted to go. | We had an amazing long stay here, whilst we moved house. Tamara is an amazing host, really helpful and friendly and honestly couldn’t do enough to make us feel welcome. The house is lovely, very clean | Great stay, would highly recommend!"
E02001254,Tameside 026,E08000008,Tameside,manchester,10,0.8349,0.0,0.0,100.0,"Great host! | Arthur was welcoming and provided clear instructions for check-in, making the process smooth and hassle-free. The space itself was spotless and cozy, exactly as described in the listing. Especially ap | Arthur is a smashing host and can't do enough for you, very friendly and supportive at the same time. I would recommend the garden pod and facilities in the house to anyone.<br/>***** stars !"
E02001256,Tameside 028,E08000008,Tameside,manchester,18,0.6033,11.110000000000001,5.56,83.33,This place was available for booking on Airbnb but after booking and paying for it was told by Shaheen that it's going under refurbishment. <br/>What a joke!<br/>So why list it on Airbnb?<br/>This was | I had a lovely stay in this beautiful home. Elektra was away however even from abroad she was checking in several times and encouraged me to ask if I needed anything. (Her lovely housemate let me in.) | Love the location
E02001257,Tameside 029,E08000008,Tameside,manchester,8,0.6985,0.0,0.0,100.0,"Stayed for work, was great. Council flat but decent. | I enjoyed Grace's place. From the onset, she communicated very well and was very responsive. I spoke to her about a later check-in as I was seeing a friend in Manchester before coming to the Airbnb an | Nice play for the night."
E02001258,Tameside 030,E08000008,Tameside,manchester,17,0.6782,5.88,11.76,82.35,"I'm sorry to say that we didn't enjoy our stay at all. I tried to find alternative accommodation so we could leave sooner, without success. I appreciate it was clear in the advert that it is not 5* ac | We had a short break at Kates caravan and thoroughly enjoyed ourselves. <br/>The caravan is lovely, spacious and very clean. <br/>The kids absolutely loved the hot tub and the outside seating area was | The most accommodating, thoughtful host. Went above and beyond. Will definitely be coming back"
E02001259,Trafford 001,E08000009,Trafford,manchester,326,0.7446,4.29,0.61,95.09,"The check in went to plan, and after that I was disappointed with a sofa bed that was disgusting and pillows and sheets that were dirty. We had to find another location as we couldn’t sleep, the apart | We absolutely loved our stay at this stunning new penthouse near Old Trafford. The apartment honestly felt more like a 5-star hotel than an Airbnb – super modern, spotless and really comfortable. The  | Lovely place thank you"
E02001260,Trafford 002,E08000009,Trafford,manchester,19,0.8453,0.0,0.0,100.0,"Nice suburb house close to park, train station and local stores. | Matt and Steph were excellent hosts. Really responsive. And the place was ideal for us. Good space. Brilliantly clean. Nice area. | Comfortable, clean place with a cozy bed and good communication. can't complain."
E02001261,Trafford 003,E08000009,Trafford,manchester,435,0.7929,2.3,0.9199999999999999,96.78,"NO HOT WATER!! <br/>NO RESPONSE! <br/>SCAM!! DON'T RISK!<br/>There was NO HOT WATER since the 1st night. We messaged the host immediately, and they said they'd contact their ground team and update us  | I recently had the pleasure of staying at this lovely Airbnb, and I can't recommend it highly enough! From the moment we arrived, we were greeted with a warm welcome from the host, who showed us every | Nice, tidy and cozy. I would definitely recommend it."
E02001262,Trafford 004,E08000009,Trafford,manchester,245,0.7725,3.27,2.45,94.28999999999999,"We received a dirty apartment and contacted the host. They said they would send a cleaner, but I told them I wanted a new apartment instead, as I didn’t have time to wait for cleaning. We were exhaust | Katy, thanks for your superb flexibility with accepting our reservation request despite your tight obligations. You made everything perfect through remotely managing us in your home: this level of tru | Great place to stay, check in was simple and clear instructions were given."
E02001263,Trafford 005,E08000009,Trafford,manchester,22,0.8746,0.0,0.0,100.0,"nice, cosy little flat. area is very quiet - bus stop and train station near by. | I have nothing but good words and thoughts for the place and the hosts. Absolutely cozy place with all the facilities one needs, beautiful interior and very friendly host made me feel right at home! V | Amazing stay on all points and a wonderful host. <br/>Would highly recommend."
E02001264,Trafford 006,E08000006,Salford,manchester,5,0.9507,0.0,1.8499999999999999,98.15,"After a long journey, had to wait an hour for the host to turn up to check us in. Even though we gave them plenty of notice of our arrival time past 6pm. Didn’t get in till 8pm. | I had such an incredible stay with Shamila and Eisa! From the moment I arrived, they made me feel like part of the family. They’re both so warm, welcoming, and easy to talk to, It honestly felt like s | A spacious house with lovely interiors. Good communication and host is helpful with answering questions ."
E02001264,Trafford 006,E08000009,Trafford,manchester,49,0.8495,0.0,1.8499999999999999,98.15,"After a long journey, had to wait an hour for the host to turn up to check us in. Even though we gave them plenty of notice of our arrival time past 6pm. Didn’t get in till 8pm. | I had such an incredible stay with Shamila and Eisa! From the moment I arrived, they made me feel like part of the family. They’re both so warm, welcoming, and easy to talk to, It honestly felt like s | A spacious house with lovely interiors. Good communication and host is helpful with answering questions ."
E02001265,Trafford 007,E08000009,Trafford,manchester,9,0.8404,0.0,0.0,100.0,"Good place to stay | Stayed here for a night with my wife and our baby, and we had a really good experience. The room was on the top floor, clean, comfortable, and exactly what we needed. The host was warm and friendly, w | Great host. Nice and clean room"
E02001266,Trafford 008,E08000009,Trafford,manchester,31,0.8169,3.2300000000000004,0.0,96.77,"Perfect distance from Old Trafford to allow me to calm down after the madness of last night... A very friendly host (only criticism is that he's a City fan, but we're not all perfect haha) who provide | Charlie was a fantastic host, so responsive and helpful. I had several questions leading up to my stay as I had never been to Manchester before, and she was so patient with all my questions.<br/>The p | Great location 5 minute drive from Trafford centre. Charlie was very responsive when I had queries. Did have an interrupted sleep due to the neighbour’s young child but not the fault of Charlie. Would"
E02001267,Trafford 009,E08000009,Trafford,manchester,23,0.8112,0.0,8.7,91.3,"just slightly confusing on the address as it says its number 1 on the confirmation but is actually 1A | we had a great 3 night stay in Rebecca's home.<br/>it was clean and very comfortable.  We did have a room that shared a  bathroom,  but this was not a problem at all and we always got to use the bathr | Had another great stay here, highly recommend!"
E02001268,Trafford 010,E08000009,Trafford,manchester,14,0.8409,0.0,0.0,100.0,"Quiet and comfortable place to stay a few days. Both bedroom and bathroom fitted out to a high standard. | Mary is such a lovely and friendly host. The place was clean and well organised. Loved that they left us breakfast in the morning which my husband and I appreciated.  Our stay here was worth it.  Love | Had everything I wanted/needed. Great host and great place to stay, would defiantly return."
E02001269,Trafford 011,E08000009,Trafford,manchester,93,0.8114,2.15,2.15,95.7,"parking was an issue it does say there is parking but unsure if this was on the road or a carpark? | Beautiful spacious flat in a good location, would be excellent for people staying over for the football. Bedroom downstairs is lovely and cool throughout the day even when it's hot outside. Pet friend | Good place to stay; nice and clean and centrally located. <br/>Host was very attentive and on the ball."
E02001270,Trafford 012,E08000009,Trafford,manchester,35,0.7996,2.86,0.0,97.14,"Issue after issue , smell after smell, no tv , won't even begin to explain the problems we had . Do not stay here save yourself the hassle and time and go elsewhere . | We had a fantastic stay at Charlotte’s! Lovely home on a quiet street, and the bedroom was so comfortable, making it easy to relax and get a great night’s sleep. Having a private bathroom was such a b | A Great stay has everything you need  . A Cosey and stylish little place.Thankyou :)"
E02001271,Trafford 013,E08000009,Trafford,manchester,16,0.8712,0.0,0.0,100.0,"Clean and tidy , exactly as described, easy check in | Amy’s house was beautiful, comfortable, and spotlessly clean. The neighbourhood is peaceful & friendly, and the shops are just a short walk away. And Amy is an incredible host — she was so helpful and | We had a great stay, Aaron was very helpful and the house is very well situated. Would 100% stay again!"
E02001272,Trafford 014,E08000009,Trafford,manchester,65,0.8082,1.54,1.54,96.92,"If you are after somewhere clean and fresh smelling you should AVOID this place like the plague. <br/>The place is shabby, dirty with poor quality furniture. The carpets are stained and on the stairs  | We want to express our heartfelt gratitude for the opportunity to stay in your beautiful home. The house was immaculately clean and well maintained, making us feel welcome and comfortable from the mom | Serena was very kind and a generous host. She offered to make us coffee in the morning and gave us restaurant recommendations!"
E02001273,Trafford 015,E08000009,Trafford,manchester,192,0.7774,2.6,2.6,94.78999999999999,"The property is beautiful, but I advise taking plenty of photos upon arrival. During my weekend stay, I was surprised to be accused of a previous iron mark on the living room carpet. My girlfriend and | I recently had the pleasure of staying at Robert Bolt House and I can honestly say it exceeded all expectations. From the moment we all arrived, I was impressed by the attention to detail and the beau | Having stayed here previously I was fully aware of what to expect and, like last time, I wasn’t disappointed. Thoroughly enjoyed my stay and Emily was an excellent host once again."
E02001274,Trafford 016,E08000009,Trafford,manchester,14,0.6774,7.140000000000001,0.0,92.86,"The house was clean and matched the photos, but the main issue was the hot tub (the reason we booked the stay). It didn’t work from the first night, showing “error 2” and beeping constantly. The host  | Wonderful home with a lovely hot tub and a pool table, very comfortable beds and modern style kitchen & bathrooms. Abubaker was very pleasant to deal with, he was responsive and very helpful! Will be  | Perfect little stop off while in the area, hosts were very responsive"
E02001275,Trafford 017,E08000006,Salford,manchester,4,0.786,0.0,0.0,100.0,Was clean and tidy on arrive. Would return. | We stayed for one night when our son was running the Manchester marathon. The house is beautiful and in the perfect location to get the tram to the start line. Big thanks to Ken for being the perfect  | Lovely friendly<br/>Family home made very welcome !!
E02001275,Trafford 017,E08000009,Trafford,manchester,19,0.8343,0.0,0.0,100.0,Was clean and tidy on arrive. Would return. | We stayed for one night when our son was running the Manchester marathon. The house is beautiful and in the perfect location to get the tram to the start line. Big thanks to Ken for being the perfect  | Lovely friendly<br/>Family home made very welcome !!
E02001276,Trafford 018,E08000003,Manchester,manchester,5,0.8187,0.0,0.0,100.0,"Room as advertised. Very close to tram stops. Shahab and his wife are nice people. | What a wonderful experience! Chiara and her partner are an incredible couple: warm, welcoming, and genuinely kind. My boyfriend and I stayed for a weekend in Manchester to attend the Oasis concert, an | Brilliant host courteous and accommodating."
E02001276,Trafford 018,E08000009,Trafford,manchester,15,0.8033,0.0,0.0,100.0,"Room as advertised. Very close to tram stops. Shahab and his wife are nice people. | What a wonderful experience! Chiara and her partner are an incredible couple: warm, welcoming, and genuinely kind. My boyfriend and I stayed for a weekend in Manchester to attend the Oasis concert, an | Brilliant host courteous and accommodating."
E02001277,Trafford 019,E08000009,Trafford,manchester,16,0.8877,0.0,0.0,100.0,"lovely stay will be back for sure | Couldn’t ask for more. Clean, quiet, communicative, and respectful. Satisfied with the services available at the house. The room was cozy, well-stocked and had all the amenities I needed to support my | Overall, this was a very good stay! The place was clean, well-located, and had everything I needed. The host was responsive and helpful."
E02001278,Trafford 020,E08000009,Trafford,manchester,25,0.7494,0.0,8.0,92.0,"Very quaint and cozy place. | Another fantastic stay here! Visited Manchester as a family of 5 with three young children and we love staying at this beautiful home. Lovely decor and comfortable beds. Close to shops, bars and resta | Another great stay in the apartment-perfect. Thank you!"
E02001279,Trafford 021,E08000009,Trafford,manchester,27,0.8295,3.6999999999999997,0.0,96.3,"Terrible stay, the room was dirty, stains all over the carpets and the shower was a trickle of water. We will never stay with you again. It was poor value at £50 but we paid £155 which was a daylight  | James’ home is very a very modern semi detached home within a 3-5 minute walk to the heart of Timperley village. Quick access to shops, a few restaurants and grocery and post office. We enjoyed our st | Very nice place to stay! Thank you for having us! Extremely welcoming"
E02001280,Trafford 022,E08000009,Trafford,manchester,28,0.7942,0.0,3.5700000000000003,96.43,"Room as advertised | Felt like a celebrity staying at Zoe’s fantastic house!! Perfect getaway to end the wedding weekend. It was immaculately clean, the hot tub was great and the perfect place to recline and watch a movie | Amelias, annexe is exellent, ideal location, private and in exceptional condition, very quite and comfortable.<br/>Amelia is a perfect host."
E02001281,Trafford 023,E08000009,Trafford,manchester,25,0.7109,4.0,4.0,92.0,"We did a search on what was important to us. First being off street parking, this is what we paid for and not what is there. Unless you have a dropped curb you can not offer this as such. The curb is  | We absolutely loved our stay in Tricia’s little garden house! Everything we could have possibly needed or wanted was there. Tricia and Mike were so friendly and welcoming and made us feel at home, and | Fang was nothing but kind to me during my stay. When I requested to leave my suitcases in his home after checkout he was flexible and accepted. <br/>Altrincham is a lovely city and when I come by agai"
E02001282,Trafford 024,E08000009,Trafford,manchester,94,0.8023,2.13,0.0,97.87,"This has a super host rating. Not sure why…..place is very basic, lumpy beds  poor quality bedding, decor is just grey paint with no homely touches. Lighting poor in rooms, lights flickering in lounge | This review is in addition to the one for the first week of the two we reserved, in September. Having a rental car, we stayed the first week and then drove to Cornwall for a week, returning for the se | Enjoyed our stay. Not too far from airport so easy access"
E02001283,Trafford 025,E08000009,Trafford,manchester,99,0.8244,2.02,0.0,97.98,"Accommodation is lovely. It was very difficult having to do the 4 really steep flights of stairs with bags, luggage, shopping,work etc. we do a lot of work from home and there was no Wi-Fi during the  | We had a great week-long stay visiting family in the area. The flat had plenty of space for the 3 of us and was in great shape. We loved the bright, clean bathrooms (great showers!!) and big kitchen/d | Amazing location, beautiful apartment, exactly as advertised"
E02001284,Trafford 026,E08000009,Trafford,manchester,60,0.8411,0.0,1.67,98.33,"Very quaint and cozy. Everything you needed in a self contained studio. | The Perfect Stay with the Sweetest Host!<br/>We had the most wonderful time staying at lovely home in Manchester. From the very beginning, she welcomed us with the warmest smile and made sure everythi | Excellent stay, great host"
E02001285,Trafford 027,E08000009,Trafford,manchester,36,0.8029,0.0,5.56,94.44,"Very convenient location | I really enjoyed staying in this lovely accommodation! Location was perfect and really quite convenient - I really appreciated how close I was to all the local restaurants, shops and attractions. The  | A great place to stay, very close to shops and public transport. Large room with lots of light. I enjoyed my time."
E02001286,Trafford 028,E08000009,Trafford,manchester,29,0.7435,6.9,0.0,93.10000000000001,"Very dirty house with hair in the bathroom, dust everywhere and a broken heating system | If I could give more than 5 stars I would! David and Margie and the best hosts to the most lovely air b&b! They are so warm and welcoming people! They recommended local areas and had lots of helpful t | Thank you for a lovely stay. Home from home"
E02001287,Wigan 001,E08000010,Wigan,manchester,14,0.6941,7.140000000000001,7.140000000000001,85.71,"Place wasn’t bad but looks tired and needs maintenance. | I didn’t find it easy to find a good place to stay in the central Wigan/Standish area. The house is in a great location, close to the motorway and to Standish centre.  It was very clean and had everyt | Ideal for our over night stop, only remark was that as we arrived mid evening it would have good to have a pint of milk in the fridge as we had to pop out again. Otherwise no complaints."
E02001288,Wigan 002,E08000010,Wigan,manchester,15,0.9022,0.0,0.0,100.0,"everything is good | The purpose of our stay was for work and I chose this space originally because of its wonderfully close proximity to the M6 motorway and easy access on the main road into Standish. <br/>And I couldn’t | Kevin’s place is great, so well stocked with everything you could possibly need. All the instructions provided were easy to understand. Highly recommend."
E02001289,Wigan 003,E08000010,Wigan,manchester,18,0.8538,0.0,0.0,100.0,"Comfy stay and clean | The room was spacious, very clean and modern. The ensuite was a very good size and again beautifully modern. The house was easy to find with excellent directions and communication from owner and I was | Great clean tidy  comfy bed slept  very well"
E02001290,Wigan 004,E08000010,Wigan,manchester,10,0.8358,0.0,0.0,100.0,"1st rate. <br/>Accurate listing,  fab Host. | Jd was really friendly and welcoming. The location was super convenient for where I needed to be and got Ubers really quickly. The room was really clean and had everything you’d need. Thank you JD 😊 | Easy and restful stay thank you!"
E02001291,Wigan 005,E08000010,Wigan,manchester,10,0.649,10.0,10.0,80.0,"No issues with our stay. Handy for the stadium. | Amazing host and super responsive. Very very clean and comfy. Marked down one star due to cleaning fee as it’s a little high, though this possibly is more of a me thing.<br/>Would highly recommend, on | This person wnat you to pay deposit and rental agreement when airbnb has already done for the booker, have unexpected rules like early coming must pay....all nonsence...avoid"
E02001292,Wigan 006,E08000010,Wigan,manchester,26,0.7991,0.0,0.0,100.0,"As described and very well presented. 5 ⭐️ | I had a really comfortable and enjoyable stay. The place was clean, cozy, and had everything I needed. The host was very nice, friendly, and approachable, which made the experience even better. Commun | Had to return to UK on urgent family business and needed a convenient place, close to family.<br/>The apartment had everything we needed, from location and private parking, through to comfort and ""pot"
E02001293,Wigan 007,E08000010,Wigan,manchester,9,0.8993,0.0,0.0,100.0,"lovely thank you | Deji is a wonderful host, and his home is located in a great locality with easy access to everything within walking distance. The property is well-maintained, clean, and comfortable, making it a pleas | Lovely chap, nice simple place friendly enviroment an very laid back stay <br/>Really good value for money"
E02001294,Wigan 008,E08000010,Wigan,manchester,54,0.7,5.56,3.6999999999999997,90.74,"This place does not reflect the photos they use to advertise it. It is worn and very tired. Window frame in lounge is held together with cellotape. Headboard on one bed broken. The place was dirty whe | Beautiful place!! I had a perfect stay here, the hosts are so kind and helpful. The decoration is stunning down to every little detail, highly recommend for somewhere to stay! The bed was like sleepin | Really homely. Heally welcoming host. <br/>Will recommend (5 star)"
E02001295,Wigan 009,E08000010,Wigan,manchester,30,0.7068,6.67,3.3300000000000005,90.0,"Extremely disappointing check-in experience. Had to wait about 3 and a half hours outside the appartment. Kept calling what sounded to be like a call center, talked to several people. Kept being told  | It was my first time booking Airbnb, I needed to get away for my holiday and Mo's place was the best for me. It felt like home.<br/>The bedroom was neat and big, the kitchen was amazing and I love the | We had a great stay, this property was exactly what we were looking for!"
E02001296,Wigan 010,E08000010,Wigan,manchester,9,0.6525,0.0,11.110000000000001,88.89,"Not suitable for families. Not enough seating in living room. Garden is a courtyard that needs maintenance, front garden overgrown. Whole property in need of maintenance. The only mirror is in the bat | Great stay, nice and clean. Felt safe. What more could you ask for. | Brilliant stay, would highly recommend"
E02001297,Wigan 011,E08000010,Wigan,manchester,5,0.9367,0.0,0.0,100.0,"A lovely place to stay, we had everything we needed. Stacey was really responsive, and even left us milk in the fridge so we could make hot drinks when we arrived - much appreciated. No extra charge f | Stacey was super friendly and accommodating. The house was lovely and clean with all the facilities we needed and this made our stay really easy. Stacey is a great host! | Hey,<br/>The accommodation was good, clean and similar to the advertisement. The place was easy to find and check-in was easy. The only negative thing was that the bedding (pillow, blanket, sheet) had"
E02001298,Wigan 012,E08000010,Wigan,manchester,18,0.607,16.669999999999998,0.0,83.33,Host was fault less. <br/>Responsive and very amenable. <br/>Top Airbnbr | can't fault house everything as described few minor issues but resolved quickly. Thanks for our stay all the kids enjoyed it would love to come back for the summer ☀️ | Lovely house and good neighbourhood
E02001299,Wigan 013,E08000010,Wigan,manchester,12,0.8118,0.0,0.0,100.0,"Good place to stay,the house it s quite new,plenty bathrooms,clean | The house was clean and well-maintained, quiet neighborhood and a peaceful place, really worth the price, the host answered messages within a few minutes, very nice and kind.  If we return to the area | Lovely place to stay, spacious and gives you the feeling of a home, host always responsive. Would stay here again"
E02001300,Wigan 014,E08000010,Wigan,manchester,27,0.8177,0.0,0.0,100.0,"We had a nice stay here with our family of 5. Plenty of room to feel at home. | Excellent stay at Kevin's place, he gave brilliant instructions and a really clear description of the place before we arrived. House was exactly as described, lots of space, very clean/tidy and we all | Amazing stay and will be staying again such a lovely home"
E02001301,Wigan 015,E08000010,Wigan,manchester,48,0.7428,4.17,2.08,93.75,"After booking this a week in advance I messaged the host to ask what kitchen equipment she had as I was cooking and wanted to make sure I had the right things. I didn't get a reply. After locating the | I had a fantastic stay at Sunny’s 2-bedroom house in Wigan. The location is ideal—just a short drive from the town centre yet peaceful and quiet, making it the perfect base for exploring or relaxing.  | Host was lovely, location was good. However the garden was awful, so over grown with old animal mess where I think people just couldn't see it to pick it up, thistles waist high, bins over flowing, ci"
E02001303,Wigan 017,E08000010,Wigan,manchester,22,0.8152,0.0,0.0,100.0,"Nice place would stay again | Really nice place, absolutely perfect for what we needed. Very clean and just an overall lovely house. Tosin was great with communication and checking we had everything we needed. Would definitely rec | Excellent property, perfect for what I needed"
E02001304,Wigan 018,E08000010,Wigan,manchester,54,0.6781,7.41,0.0,92.58999999999999,"The student flat you wouldn’t let your friend rent in the 1990s. <br/>The flat stank of old smoke. The surfaces were sticky. <br/>The mattresses didn’t fit the beds (mattress too big for bed frame so  | This is a great little cosy house for anyone who is looking in this area for accommodation! The place has clearly just been renovated and is immaculate, it looks just like the pictures! Really clean a | Once again  all good thanks"
E02001306,Wigan 020,E08000010,Wigan,manchester,4,0.7588,0.0,0.0,100.0,"Thank you very much for staying at your entire home... And probably I will repeat the experience again with my family... | Travelled for work purposes and felt like i hadnt left home.<br/>The property was very clean and it was as described.<br/>The host was very easy to contact and very friendly. | This is a lovely sized property and well the owner was attentive to our needs, thank you.<br/>The property looks like an old council house and is in a neighbourhood of that Ilk with a mixture of priva"
E02001307,Wigan 021,E08000010,Wigan,manchester,21,0.8702,0.0,0.0,100.0,"would stay here again, quiet peaceful location. easy distance from m6. convenient stop on journey up to scottish highlands. would stop here again. | This place was fantastic! The living room and dining room areas were very spacious, the entire space was clean and smelt like it had just been cleaned. Communication was very easy. The 3 rooms were pe | Great stay. Let me store my bike and recommended a pub for dinner. Let me make some breakfast and a coffee in the morning too. Fantastic"
E02001308,Wigan 022,E08000010,Wigan,manchester,7,0.9042,0.0,0.0,100.0,"Great little Flat and good value.<br/>Close to everything and public transport.<br/>Comfy bed | Tosin is a great host, in fact the best I’ve come across. And that’s saying something after the amount of places I’ve visited.  From the second I communicated with Tosin, he was right on it.  Any issu | Tosins Airbnb was exactly as described and is clean, comfortable and well appointed. I didn't want for anything during my stay. <br/>in communications, Tosin is very quick to reply and his help and in"
E02001309,Wigan 023,E08000010,Wigan,manchester,10,0.8838,0.0,0.0,100.0,"Met our needs perfectly. | Alison was so welcoming and also very sympathetic to the issues we had and the reasons we were staying.<br/>She provided us with tea, coffee and chocolates - plus an empathetic ear.  She even offered  | Great house, easy to find, great communication, no issues at the property, exactly as described!"
E02001310,Wigan 024,E08000010,Wigan,manchester,14,0.6565,0.0,7.140000000000001,92.86,"Will be booking again | We had a great experience with Peachy stays in their Wigan property. The proeprty was a good size, perfect for what we needed it for. There was 4 bathrooms so we had a bathroom each giving us maximum  | Everything fine with the stay apart from the front door didn't lock. No issues though and the place was very clean and tidy. Suited what we needed it for."
E02001311,Wigan 025,E08000010,Wigan,manchester,10,0.7236,10.0,0.0,90.0,"I'm afraid to say that our experience overall at Castle House was not a good one. The standard of cleanliness in the house, particularly at a time of heightened awareness of standards, was just not go | This was a perfect stay which is  well connected to public transport into Manchester. It's situated near a lot of amenities such as supermarkets and restaurants. Would definitely recommend for guests  | All as described, well located for a host of places. Great communication from the host.<br/>I would use again."
E02001312,Wigan 026,E08000010,Wigan,manchester,15,0.743,6.67,0.0,93.33,"Arrived there was a very strange smell which we could get rid of, Bathroom was very nice , bedrooms fine, beds clean and comfy, lounge ok, kitchen was not pleasant, mismatch of plates cups, cutlery, l | I’ve had a lovely stay at Carly’s house. Her 2 lovely dogs were great company too. Carly is an amazing host, super friendly and easygoing. The house is very clean, with everything you may need and the | Lovely home. While it did seem bigger in the pictures, especially the bathroom, it was still a comfortable space. Would definitely book again."
E02001313,Wigan 027,E08000010,Wigan,manchester,37,0.7309,5.41,2.7,91.89,"I’m afraid I regretted booking this house for our Christmas stay. We came up north to be with all my family, bringing our daughter, partner and their two little children, so looking forward to a long- | Audrey was a very sweet and awesome person, she was very respectful and responsive when I needed help. Her home was so CLEAN and NEAT. I would most definitely recommend and give Audrey a 10 star ratin | Clean and tidy house, perfect for our requirements, I stayed in the single bed which was comfy."
E02001314,Wigan 028,E08000010,Wigan,manchester,8,0.8407,0.0,0.0,100.0,"Perfect place to stay , be there few times now never fails highly recommend | Perfect property for six adults, tastefully furnished and decorated, well equipped and spotlessly clean. Relaxed and comfortable stay, great communication from the owner and a welcome bottle of fizz o | Amazing house, beautiful stay!"
E02001315,Wigan 029,E08000010,Wigan,manchester,18,0.8773,0.0,0.0,100.0,"Had a nice stay | Wow what can I say!!<br/>The property is even more amazing than the pictures, the pictures really don’t do it justice. It’s cosy and clean, the hottub and sauna area is absolutely beautiful, we listen | Great place - exactly as described on a really nice road.<br/>Jennifer communicated very well"
E02001316,Wigan 030,E08000010,Wigan,manchester,19,0.6447,5.26,10.530000000000001,84.21,"Me and my family booked the house to spend the new years together and we were extremely disappointed at the state of the house. The house was very dirty and I had to vacuum the floors myself so that i | Me and my friends stayed for a couple of nights in Jodie’s lovely house in Leigh. <br/>We had everything we needed, and the amenities were very close and convenient. <br/>The house itself is clean and | We had a great stay. It was very convenient for shops and plenty of food options nearby."
E02001317,Wigan 031,E08000010,Wigan,manchester,13,0.8301,0.0,0.0,100.0,"Relaxing, comfy and quiet. | Callum is friendly and proactive host. He setup the cosy en-suite room with good care. <br/>The room is designed with flexibility of bathroom usage, as well as quietness. The desk with refreshment is  | Perfect satay especially for 4-5 people. Location is great and also just has everything needed for a short or even long stay."
E02001318,Wigan 032,E08000010,Wigan,manchester,5,0.9033,0.0,0.0,100.0,"A quiet and clean place to stay, with a communicative host. Good parking for my van as well. | Pamela was a fantastic host who made us feel right at home.  Lots of lovely touches on arrival, everything we needed to settle in.  We had an extended stay and Pam was attentive throughout and also re | Felt right at home. Stayed at Pams due to work and she couldn't have made my stay more comfortable and convenient.  <br/>Pam left me with everything i needed and is available if you need anything else"
E02001319,Wigan 033,E08000010,Wigan,manchester,20,0.8623,0.0,0.0,100.0,"Great stay | The house and room was immaculate. Room spacious, welcoming and spotless with everything to hand, including super clean en-suite. Super comfy super king size bed. Jen thought of everything, she is fri | A Great place and lovely family. I felt at home with there hospitality and kindness."
E02001321,Wigan 035,E08000010,Wigan,manchester,11,0.6021,18.18,0.0,81.82000000000001,"Dirty, Basic, VERY thin walls. | Thank you for a lovely stay, <br/>The Space and the decor were excellent. Place had everything we needed and was clean and tidy.<br/>Was very easy to get to and from work and the host was really great | Great communication with the owners. A couple of issues which were quickly dealt with. <br/>Would stay again when next in the area."
E02001322,Wigan 036,E08000010,Wigan,manchester,31,0.7979,0.0,3.2300000000000004,96.77,"execellent host highly recomended | Really enjoyed our stay at peters place! We were in apartment 3 which was lovely, compact, modern and had everything we needed and more. We loved the wee garden space outside which we enjoyed when the | Nice flat great location"
E02001323,Wigan 037,E08000010,Wigan,manchester,29,0.8175,0.0,0.0,100.0,"Good stay environment | We traveled 6 hrs to open the door to a beautiful appartment.  Everything was there, great equiped kitchen, especially coffee, tea, sugar and fresh coffee. Bedroom was delish such a comfy bed and love | Clean peaceful private place. Would definitely stay again"
E02001324,Wigan 038,E08000010,Wigan,manchester,32,0.7138,0.0,6.25,93.75,"The location is very convenient | We stayed here for a weekend to visit Bolton as a group of six adults and a baby. The place was a good location for us and right next to B&M and Lidl to get supplies. <br/>The house was nice, the bedr | Good place for a girls weekend away, with easy access to Manchester being a half hour drive away."
E02001325,Wigan 039,E08000010,Wigan,manchester,5,0.7414,0.0,0.0,100.0,"Clean, is as described, owner responded quickly anytime I messaged | Had a lovely stay in a good central location with easy access to the main roads. we stayed here for the weekend whilst visiting Liverpool city centre, the stadium and Chester Zoo and the house was a p | Nice place perfect for what we needed."
E02001326,Wigan 040,E08000010,Wigan,manchester,36,0.8158,5.56,0.0,94.44,"A hidden gem. The ducky quacks will be missed! | Staying at the granary has been an amazing part of our road trip. We are used to travelling and staying at lots of different places, but not many can equal Walter and Glen's (if any at all). <br/>The  | An excellent stay at the Granary, like home from home. Can highly recommend it."
E02003012,Bristol 001,E06000023,"Bristol, City of",bristol,47,0.8681,0.0,0.0,100.0,"We stayed at Catherine’s place when we visited the Wave and I recommend it to anyone with similar plans or needs a stay in the area. | Amazing stay! Really friendly hosts and adorable friendly chihuahuas.  Had a wonderful stay with a nice breakfast and some lovely cups of tea! Fab communication and conversation more than helpful show | Great stay for our four employees. The place was nice and clean, had everything they needed."
E02003013,Bristol 002,E06000023,"Bristol, City of",bristol,69,0.7981,0.0,1.4500000000000002,98.55000000000001,"Would stay again | Great place to stay for myself and my friends for a bank holiday weekend in Bristol ! Had everything we needed in the kitchen, spacious living room, dining area and bedrooms are all good sizes. <br/>H | Thanks for another great stay, see you again soon."
E02003014,Bristol 003,E06000023,"Bristol, City of",bristol,60,0.7791,1.67,0.0,98.33,"The washing machine is very dirty and missed to clean. The ground floor’s toilet cannot locked the door. Not recommended to stay again. | This a very cute and stunning place located near a lot of activity. Very spacious, well decorated and clean. Lydia was very friendly, welcoming and proactive. She assured me that she will be almost al | Great stay, very communicative host will definitely return"
E02003015,Bristol 004,E06000023,"Bristol, City of",bristol,97,0.8212,1.03,2.06,96.91,"Sue was friendly and welcoming and the location was ideal for me as I was visiting my daughter and her new baby. However I feel the room isn't great if you are disabled ( I also got  flu ) Sue has sev | I had an absolutely wonderful stay at this charming ground-floor apartment! The space was exactly as described—a comfortable room, a well-equipped kitchen, a cozy hall, and a clean, modern bathroom. E | Beds were comfy covers sheets very clean including towels.  plenty of space to accommodate a family enough bathroom,  also toilets and sinks clean which is important <br/>However we feel as a family t"
E02003016,Bristol 005,E06000023,"Bristol, City of",bristol,107,0.7543,1.87,3.74,94.39,"Not great, wouldn’t recommend. | Brilliant stay — would definitely return!<br/>I had a really lovely stay at this property — it felt welcoming and well thought out, with everything I needed for a comfortable visit. The house has a wa | Laina was wonderful, respectful and super responsive, it's a shame that the room was full of damp and covered in wood louses. I spent 20 minutes in the room and decided to leave due to unsafe conditio"
E02003017,Bristol 006,E06000023,"Bristol, City of",bristol,50,0.8795,0.0,0.0,100.0,"Very large, nice spot. B be aware of the steep stairs to enter the apartment. | Beautiful property. It’s very well presented and clean. The beds are very comfortable and the reception rooms were great. There was also a very peaceful and private garden area with beautiful bifold d | We enjoyed our stay, house was easy to find and great location."
E02003018,Bristol 007,E06000023,"Bristol, City of",bristol,82,0.8581,0.0,0.0,100.0,"I recommend staying at this place . | Absolutely! Here’s a glowing Airbnb review you can use or tweak to match your tone:<br/>⸻<br/>Review:<br/>Wow what an incredible stay! From the moment I arrived, everything exceeded my expectations. T | Great place and great host"
E02003019,Bristol 008,E06000023,"Bristol, City of",bristol,63,0.8319,0.0,0.0,100.0,"Great place, can’t fault. | I loved my time staying at Sam's house. It's the perfect place to explore Bristol and the surrounding areas from. A quick bus journey get's you into the city, it's close to the M5 for easy access to n | Lovely cottage with a warm welcome"
E02003020,Bristol 009,E06000023,"Bristol, City of",bristol,33,0.8834,0.0,0.0,100.0,"Julia is a great host. <br/>The room is quite big and comfortable but also noisy.<br/>As some of the previous reviews mention, there was some shouting late at night. | I absolutely loved staying in Clare's Airbnb for 2 weeks! She is so lovely, helpful, and communicates regularly and frequently. The Airbnb was very clean, comfortable, and big enough for my fiancé and | It was pleasure staying at Helen’s place. The place looked exactly as described with all the amenities. It’s a lovely and cozy place to stay and the bus station is just a few minutes away which makes "
E02003021,Bristol 010,E06000023,"Bristol, City of",bristol,109,0.7938,0.0,2.75,97.25,"It’s what you get for the price | I stayed at this place for four weeks. It was a great experience: a clean house, comfortable bed, clean room, super clean private bathroom, and clean kitchen. Most importantly, Andrew was a great host | I had a great time at Tanya's home I would highly recommend her place!"
E02003022,Bristol 011,E06000023,"Bristol, City of",bristol,63,0.7785,1.59,1.59,96.83,"quite dispointed on the room condition and service.<br/>The room smells strange, all over dust on the furniture surface. Tried to communicate with the service people, who shows no respect to the custo | Great place! Great location, a room in a beautiful house with relaxed and friendly hosts. Lovely private bathroom and a great morning coffee. The mattress was one of the best I have slept on with love | Another great stay at Jane’s place. Highly recommend."
E02003023,Bristol 012,E06000023,"Bristol, City of",bristol,90,0.7966,1.11,3.3300000000000005,95.56,"Downstairs bedroom with upstairs bathroom. No key for bedroom and no large opening window for more air/ fire exit. Cheap stay. Friendly host. | I had a wonderful stay at this lovely apartment! It’s a cozy, clean, and welcoming space where you immediately feel at home. Every detail has been thoughtfully taken care of – you can truly see the ho | Really comfortable stay, very relaxed and cosy home."
E02003024,Bristol 013,E06000023,"Bristol, City of",bristol,106,0.7878,1.8900000000000001,1.8900000000000001,96.23,"not a bad flat. Functional.<br/>Quite small, and requires some small jobs doing.<br/>One window blind was missing which meant street light illuminated the room most of the night. | The place was exactly how described straight down to the amenities. No air conditioning but great airflow and very clean. Perfect size for 2 visiting Fishponds, easily accessible to public transport a | Lovely little place with everything you need and the owners are really helpful"
E02003025,Bristol 014,E06000023,"Bristol, City of",bristol,64,0.8022,1.5599999999999998,0.0,98.44000000000001,"This is one of the worst places I have stayed in. This review was necessary, to enable the host to sort himself out and to warn future occupants. This property should be taken off the market till a th | Our short stay in Bristol was wonderful, in part because of how much we liked our stay with Jess and Richard. They were both very welcoming and friendly, the room indeed is very cosy and the view is r | Nice tidy place, really handy for a night in Bristol. Felt safe and secure."
E02003026,Bristol 015,E06000023,"Bristol, City of",bristol,81,0.9001,0.0,0.0,100.0,"A home from home. Will definitely stay there again. | This is a very high quality, boutique house feel with a really homely peaceful vibe to it. Lynn and John are super friendly and easy to be around. Both are always up for a chat and good laugh in passi | Stayed in Michael's place in May with my young family. The house is well designed and laid out, spacious and airy. Kitchen has everything you need. The location is Stoke Bishop is great, close to the "
E02003027,Bristol 016,E06000023,"Bristol, City of",bristol,255,0.8802,0.38999999999999996,0.0,99.61,"Flat was described as basic which I think is a bit harsh. It had everything we needed. | I had the pleasure of staying at Robin's place in Bristol, and it was truly a delightful experience! The accommodation was charming, with a warm and inviting atmosphere that immediately made me feel a | Great host, easy to communicate with and very understanding. All while making me and my team feel at home in his property. Thanks Mark!"
E02003028,Bristol 017,E06000023,"Bristol, City of",bristol,110,0.8532,0.0,0.91,99.09,"We were billed $478 after we left: $269 for sticking blackout curtains on a window so our baby could sleep; and $209 to replace bedding which the host would not let us wash during our stay. | What a find! We needed a place for my brother's family last minute, and Rosamond's house was absolutely perfect. It was a new listing with no current reviews so we were a bit dubious, but we needn't h | great home and location.  had a great stay"
E02003029,Bristol 018,E06000023,"Bristol, City of",bristol,38,0.8083,0.0,0.0,100.0,"A nice place to stay | One of the most beautiful, inspiring places i’ve ever stayed! Incredible place and incredible hosts, I really can’t recommend enough ☺️ The pictures are great but honestly they don’t give justice to t | Definitely my place to stay whenever I am back in Bristol. Absolutely love it."
E02003030,Bristol 019,E06000023,"Bristol, City of",bristol,121,0.7538,3.3099999999999996,2.48,94.21000000000001,"The condition of the property was wholly unacceptable and bore little resemblance to the listing. We hosted over 15 guests, and it was frankly embarrassing to have brought family and friends to accomm | My husband and I stayed for 2 weeks over Christmas and New Years as our sons had recently moved to Bristol. Graham and Matilde's home was absolutely perfect - warm and cozy fireplaces, fabulous and sp | Thank you to Martha and Sam for allowing us to stay in your wonderful home!"
E02003031,Bristol 020,E06000023,"Bristol, City of",bristol,257,0.889,0.38999999999999996,0.0,99.61,"The kitchen space we were impressed with and the beds were comfy. Check in was 15:00. We arrived at 15:30 and the gardener was still at the property doing work, with his van blocking parking area. The | This place was fantastic, it’s even better than the photos. Wonderfully decorated and had all that you’d need plus extra to feel comfortable. This room had a lovely tv, everything was practical clean  | Clean, quiet, warm accommodation. Friendly hostess. Perfect for my needs whilst staying over for a conference. Would stay again."
E02003032,Bristol 021,E06000023,"Bristol, City of",bristol,50,0.8317,0.0,0.0,100.0,"Recommend it ! | staying with jude was so great. this is the perfect place if you want to slide into a well lived in and cared for homely dwelling. jude and the other residents are all so warm and kind and make you fe | Good location, very responsive host. Thank you!"
E02003033,Bristol 022,E06000023,"Bristol, City of",bristol,445,0.8328,2.02,0.8999999999999999,97.08,"I would not recommend this place. The rooms had a strong damp smell and visible mould, which made it very unpleasant to stay in. The bedding had visible blood stains and the towels were unclean, showi | First of all, I would like to thank Adam for his great communication, great hospitality and a great way of helping us with everything we needed. Our stay was very pleasant, it was great, the things we | We felt privileged to be the very first guests at this beautiful property. It’s a spacious two double bedroom home spread over three floors – super modern but full of character. Everything was spotles"
E02003036,Bristol 025,E06000023,"Bristol, City of",bristol,263,0.8264,0.38,0.76,98.86,"On the plus side, the flat is spacious and fairly central and close to public transport especially the bus station. However I never knew about the scaffolding and works just outside which made the fla | The apartment is well equipped but a few things could be of a higher quality for a little more comfort and homely feel.<br/>The beds and linen were of good quality and really comfortable, but the blin | Lovely little home, modern and clean! I had a  pleasant stay and would recommend. To be aware of - It is on a bit of a steep road. Parking is not free. The shower is located through the kitchen. No mi"
E02003037,Bristol 026,E06000023,"Bristol, City of",bristol,545,0.7947,2.75,0.9199999999999999,96.33,"A very disappointing stay and management of problems encountered. Bedlinen and towels were not provided for the guests on the sofa bed for half our stay. Slime trails on sofa bed, dishwasher not worki | Well best place to start is at the beginning...<br/>On arrival we parked outside the apartment but realised we'd need a permit for the weekend. So one quick message to Zahid and he sorted it for us wi | It was a great place to stay, and we enjoyed seeing actors from the theatre waiting to go back on stage.<br/>Friendly bar staff to give us our key etc.<br/>Generous help yourself breakfast, tea etc.<b"
E02003038,Bristol 027,E06000023,"Bristol, City of",bristol,51,0.8135,1.96,0.0,98.04,"I cannot recommend staying here until Paul and his team sort out the mould issue in the lounge. It is a very expensive place to stay and we don’t feel worth the price we paid. Sadly this was our first | I had a really lovely, comfortable stay at Grace and James. They were both very kind and helpful and accommodating to whatever I needed. I loved saying hello to the friendly dog as well which was a bo | Was very impressed with what Nikki has managed to do with such a small space. Everything was great."
E02003039,Bristol 028,E06000023,"Bristol, City of",bristol,111,0.8219,1.7999999999999998,1.7999999999999998,96.39999999999999,"Overall was fit for purpose albeit on the small side. We didn’t spend much time there we just needed a place to sleep as we were visiting family during the day. My only gripe was that the listing said | Noticing Jack’s entry was new to AirBnB I was initially dubious about booking, however I need not have worried. <br/>Jack’s house is a very comfortable, tastefully decorated and well furnished propert | Lee and Antonia were the perfect hosts.  Nothing was too much trouble.  The mini fridge with milk and water was a nice surprise.  We will definitely stay again should we visit Bristol."
E02003040,Bristol 029,E06000023,"Bristol, City of",bristol,226,0.8282,1.77,0.88,97.35000000000001,"Would never stay again. Flat is styled well, but not pleasant to stay in. <br/>Cheap mattress meant sleeping on top of duvet to avoid springs. I didn’t sleep at all. <br/>Missing hairdryer, spare bedd | we had a great stay at Helens,  it was easy to find, easy to gain entry and spotless, there were plenty of towels and cleaning products that more than lasted are stay, we had a slight plumbing issue o | Eleanor's place is a perfect home from home. it's beautifully designed and has everything you need. We'll be requesting to stay whenever we're back in Bristol!"
E02003041,Bristol 030,E06000023,"Bristol, City of",bristol,289,0.8058,2.08,1.04,96.89,"Our two night stay in Grange Road could (and for the price, should) have been a very pleasant stay. Parking is non-existent locally so there are better options if you're arriving by car.<br/>The flat  | what a beautiful place everything from start to finish was perfect i found this place on air b&b but never said come with parking i messaged  the hosts and was net with a speedy response less than 2 m | Very easy check-in and great location"
E02003044,Bristol 033,E06000023,"Bristol, City of",bristol,69,0.842,0.0,0.0,100.0,"The house is  nice and quiet and close to the Avon river. <br/>It is possible to walk to the city centre following the river. | This is a great place to stay - elegant and classy, very well equipped and in a quiet area. The house was spotlessly clean when we arrived. The garden is nice and private and a great place to sit arou | Wonderful property that suited us perfectly would highly reccommend"
E02003045,Bristol 034,E06000023,"Bristol, City of",bristol,259,0.8199,3.09,0.77,96.14,"A clean and modern space but as bare bones as you can imagine. No broom or mop so do not spill anything. Not enough comfortable seating for the four guests the flat can accommodate. Cheap outdoor furn | Beautiful, stylish, compact, period ground floor flat with lovely light. The flat was super clean, with nice fluffy towels. A standard double and a small double. Little storage space, but perfect for  | Thanks again, another great stay! Will be back again soon!"
E02003046,Bristol 035,E06000023,"Bristol, City of",bristol,133,0.8164,1.5,0.75,97.74000000000001,"Lovely location with parkland at the rear and woods in front.  Quiet at night.<br/>Well equipped with spacious rooms downstairs.<br/>It is, as described, a family's house and you should not expect it  | **Wonderful** <br/>Stayed 3 nights in Andrews beautiful home and I can not recommend it enough. Beautifully decorated, spotlessly clean and a great space.<br/>Andrew was a great host and responded to  | Good value of money for stay. Nicer accommodation!"
E02003047,Bristol 036,E06000023,"Bristol, City of",bristol,334,0.8626,0.6,0.0,99.4,"Avoid. <br/>The house is very basic and felt like student accommodation.   The fuse has blown when I arrived so no lights, the fridge was dirty, the floors were muddy and stained.  Curtains were thin  | Its been a great experience staying at Helens and Caspars flat. I would give 6/5 stars.<br/>The flat was super nice and comfortable. There was absolutely nothing missing! Very clean , the bed super co | Came up to Bristol for a St Patrick’s Day gig with partner and her kids, perfect place to stay, short walk into the city centre.<br/>Comfortable accommodation, clean and tidy as described. Thanks so m"
E02003048,Bristol 037,E06000023,"Bristol, City of",bristol,180,0.8657,1.11,0.0,98.89,"I had to cancel my reservation due to misleading information in the listing. The photos and description did not accurately reflect the actual condition of the property. This caused significant inconve | We had a fantastic stay at Rosie’s beautiful home in South Bristol. The location is peaceful yet close to town, making it perfect for a family getaway. The house is not only stunning and stylish, but  | All is perfectly clean and you have tea or coffee in your room.<br/>I recommend this place!"
E02003049,Bristol 038,E06000023,"Bristol, City of",bristol,86,0.8363,0.0,1.16,98.83999999999999,will be back %100 | Stayed here for a few nights for my partner’s birthday as she is obsessed with plane’s. Still all original internal furniture and fun to use some of the old parts like the wipers in the cockpit and th | wonderful stay. thank you so much.<br/>fully recommend.
E02003050,Bristol 039,E06000023,"Bristol, City of",bristol,183,0.8156,1.09,2.19,96.72,"Although the apartment itself is very nicely done, there was rubbish dumped outside several of the houses and when we looked it up, the street has one of the highest crime rates for the UK. We did not | Holly was a great host - super quick with communications and really easy to deal with. She was endlessly patient whilst the UK govt decided on the rules for our trip! The house is lovely, really well  | I wouldn't have normally stayed at a place like this but was very happy with my room and bathroom. I suspect it may get quite noisy at weekends but ideal for a midweek stopover."
E02003051,Bristol 040,E06000023,"Bristol, City of",bristol,108,0.8541,0.9299999999999999,0.9299999999999999,98.15,"House was fine but lots of work needed doing during our stay which impacted us. Very communicative host so no issues there. | We honestly couldn't dream of a better fit for our family's vacation. Michael's house both felt like home and the best introduction ever to the wonders of Bristol. Every room is exquisite, spacious, a | Always nice to stay with Paul, he's very friendly and it's easy to settle in."
E02003052,Bristol 041,E06000023,"Bristol, City of",bristol,83,0.7953,2.41,1.2,96.39,"Good  but not the best we have stayed in. | We didn’t arrive until late at night but we found everything easily. Free parking right outside, and our cars were safe and we had 0 issues with parking. We had a lovely stay and from what we later un | clean, well equipped and comfortable apartment"
E02003053,Bristol 042,E06000023,"Bristol, City of",bristol,105,0.8864,0.0,0.95,99.05000000000001,"Good venue for large group - some furnishings tired and kitchen basic provision.<br/>Host communicated well.<br/>Walkable to Bristol centre but also used Ubers | Wonderful host, lovely house, great location. Gavin made me feel welcome the moment I arrived, even cooked me a delicious meal on my first night (he continued to fatten me up with homemade cakes for t | Lovely flat! Kendon is very friendly and had a ton of recommendations for us. Would highly recommend"
E02003054,Bristol 043,E06000023,"Bristol, City of",bristol,94,0.8128,1.06,0.0,98.94,"The air BnB is lovely, it’s in a bit of a strange place but it’s not too far out if you get a taxi. The reason for my rating is that there was no hot water in the accommodation for in the morning to h | Mark’s place is perfect for us since it is located close by to where family live. The actual apartment is easy to locate, with shops nearby plus cafes, spotlessly clean, tastefully decorated and great | Great host, and clear instructions to find and check into the apartment. <br/>The WiFi was not good, and was not good enough to work from, but the amenities and kitchen were well provided and clean"
E02003055,Bristol 044,E06000023,"Bristol, City of",bristol,50,0.7556,4.0,4.0,92.0,"Ticked all the boxes at the time. | It was an absolute pleasure to be the first guests at Nick and Helen's peaceful, private tiny home right at the back of their lovely garden. <br/>This place has been expertly built by Nick himself. Th | Great stay, thank you."
E02003056,Bristol 045,E06000023,"Bristol, City of",bristol,32,0.8186,0.0,3.1199999999999997,96.88,"It's a little far from the city, accessible by bus, and the neighborhood is desolate, with only one Indian supermarket open and the nearby spar seemingly closed down. | There are not enough positive adjectives to describe Kat, her hospitality, her home, her garden and her cute cat!<br/>The pictures on the listing are just like in real life.<br/>She is so warm, kind,  | Nita was very nice, and very flexible. A good host."
E02003057,Bristol 046,E06000023,"Bristol, City of",bristol,82,0.8767,0.0,0.0,100.0,"Place was great but cups and plates could do with checking as some had stains in/on. Other than that would stay again. | A truly memorable stay with the most welcoming hosts- Les & Mark.<br/>The property is fabulous – spotlessly clean, beautifully maintained, and equipped with every amenity you could need. Our room was  | Very friendly, replied within the hour, clean and tidy, all round great."
E02003058,Bristol 047,E06000023,"Bristol, City of",bristol,61,0.8345,0.0,1.6400000000000001,98.36,"4th time of staying here whilst working in Bristol and was top-notch again, as expected | Another great stay, perfect accommodation in the ideal location. Lucy is a great host, very responsive to messages in an efficient and friendly manner, highly recommend. | Great stay made me feel right at home and made starting my new job as easy as possible. Russ was a great host made life easy with lovely home as well. Good location walking distance to a few close bus"
E02003059,Bristol 048,E06000023,"Bristol, City of",bristol,22,0.7735,4.55,4.55,90.91,"Our engineers stayed for a work trip, which was booked for the wrong date, Joseph changed this within minutes for us. | Geoff is a great host, very helpful and responsive. The flat is very cozy, clean, has comfortable beds and a beautiful view. Loved our stay. | Great to stay here again! Many thanks"
E02003060,Bristol 049,E06000023,"Bristol, City of",bristol,37,0.766,2.7,0.0,97.3,"The location was good. It is noisy but that's understandable because it's on a busy road.<br/>The accomodation was quite dirty, mainly the kitchen which had baking trays thick with baked on cooking ,  | I stayed in Matt's place during a work conference but was little bit worried about the review about the WI-FI, as I also needed to work from the apartment - I needed have worried! I messaged the host  | this was a lovely little place to stay,lovely and clean tidy,well equipped,very peaceful,shops within walking distance"
E02003061,Bristol 050,E06000023,"Bristol, City of",bristol,15,0.8726,0.0,0.0,100.0,"Nicely decorated house- only issue was the house and rooms were smaller than shown, heating wouldn’t turn off so very very hot radiators and on a noisy road | This place was perfect for exploring Bristol! We were able to reach the City centre in 15mins using cheap taxis and the bus stop was also really close by. The kitchen and the bedrooms were beautifully | A very comfortable stay in this lovely little house. It is on a main road but traffic noise was not intrusive and the night was very quiet. Very convenient to have an off road drive too. Communication"
E02003062,Bristol 051,E06000023,"Bristol, City of",bristol,14,0.8695,0.0,0.0,100.0,"Spacious bedroom and clean bathroom.Smooth check-in and provided essentials. Very good option for someone exploring Bristol. | A lovely welcome from  a family home. A nice comfy bed and everything you need and more for a good night's sleep . The host is really friendly and nothing is too much trouble. I felt really welcome an | lovely and helpful host, very clean and spacious room!"
E02003064,Bristol 053,E06000023,"Bristol, City of",bristol,31,0.7849,3.2300000000000004,0.0,96.77,"The house is nice, clean and roomy but relying on the customer to put the bins out is not a good idea. We arrived at the house - lockbox is in the bin store right outside the front door. The bin was o | My partner and I stayed at Luis' place for one night. The room was perfect for the two of us. Modern styled bedroom and lush private bathroom (loved the decor). Parking was available and was easy to a | Great stay. we used the kitchen during our stay.<br/>Having two bathrooms was nice to have."
E02006782,Bromley 040,E09000006,Bromley,london,50,0.8148,2.0,0.0,98.0,"From the minute I arrived at the house I was disappointed. There were long black hairs on the bedside table and bed sheets. I should have reported this to Komal at the time but didn't think any more o | Gigi was the best host, she was responsive and helpful the place was as shown in the pictures super clean rooms, a super clean bathroom, and a spick and span kitchen, and Gigi was very polite and help | Chloe was a wonderful host. Her place was lovely and tidy."
E02006783,Lewisham 037,E09000023,Lewisham,london,41,0.8922,0.0,0.0,100.0,"10/10 need I say more 👍🏾<br/>Apartment was just as described with the reviews backing it up well. 🙂 | Estela is a truly wonderful host! I stayed at Estela's place for 2 months and I really enjoyed my stay there. The place is very close to the railways station (hardly a 5 minute walk), and although Gro | Edelma place is on excellent location, just few steps away from the park. Studio is almost new with everything available. Edelma is always there to help and listen. Overall 10/10. Will definitely reco"
E02006784,Lewisham 038,E09000023,Lewisham,london,78,0.7588,6.41,1.28,92.31,"Check in - No key was provided, this meant my plans had to completely change and also meant the host had to stay up for me to get back , Inconveniencing both parties.<br/>Toilet - bath had no curtains | Our stay at Marylyns home was AMAZING! Marylyn is such a kind and caring, funny and outgoing and - most of all - heartwarming person!<br/>She made sure that we had everything we needed. I can't put in | Claud/ James has given the instructions crystal clear and was a huge help in navigating the transportation."
E02006785,Bexley 029,E09000004,Bexley,london,44,0.8136,2.27,0.0,97.72999999999999,"AVOID<br/>They make you fill out a form and pay a deposit which takes about 2 hours<br/>Then we got charged £120 because a poor quality key snapped while trying to open the door.<br/>Then they took mo | I don't have the words to describe the experience with Marie's Airbnb. Wonderful!💯🎊 It falls short. Marie is not only an excellent host, but one in a million💯. It's a blessing to meet a person with su | They are really kind. Everything ok. However, it’s really far from the London central. House is Very clean. <br/>I travelled with my boyfriend and they only gave us one towel. <br/>In general, everyth"
E02006786,Greenwich 033,E09000011,Greenwich,london,64,0.7132,1.5599999999999998,1.5599999999999998,96.88,"Honestly, this is my first negative experience with Airbnb....<br/>The host was rude and cold all time from my first up to my last day...<br/>They required to remove shoes with no prior notice indeed, | I loved staying here and wanted to extend my stay for another month but it was fully booked :( The room had huge windows with a lot of natural light, lovely view of the moon from my bed, quiet and pea | I really liked the location. whilst it was 40min out of the city centre. it was in a nice part of town and there were multiple bus routes really close by."
E02006787,Bromley 041,E09000006,Bromley,london,56,0.8625,0.0,0.0,100.0,"W host <br/>Always ready to help.<br/>Provides all the information and supplies you need | We had a wonderful stay at Jades home! The listing was beautiful, very clean and well kept. the bed is also very comfortable. Jade made sure to make us feel right at home She even provide a light brea | Vilma was very welcoming and accommodating. The place looked exactly like the photos and I loved my time there."
E02006788,Croydon 045,E09000008,Croydon,london,45,0.9014,0.0,0.0,100.0,"She was friendly and didn’t cause any disturbance. It was good. | Thomas and Devaki have been extremely welcoming and friendly from the start, I felt at home immediately. They are genuinely nice people and being musicians the vibe in the house is special.<br/>The ho | Good location for us, well kept and welcoming. Very beautiful bathroom facilties."
E02006789,Bromley 042,E09000006,Bromley,london,20,0.8552,0.0,0.0,100.0,"The Gate House is a cosy, modern property which is well equipped to a high standard. It is maintained to a high standard and the wet room in particular is extremely luxurious. | Miranda's home and it's location are stunning. A short turn off from the main road and you find yourself in the depths of the countryside. It's incredibly peaceful. The house is lovely and immaculate, | A fabulous place, a smiley and competent host. Highly recommended!"
E02006791,Ealing 040,E09000009,Ealing,london,96,0.8992,1.04,0.0,98.96000000000001,"The whole house is super-clean and very comfortable to stay in. The only thing disappointing me a bit was the water pressure of the shower, that was minimum as Sandra mentions. | Had a really great stay at Filipa's fabulous apartment. Very updated apartment was bright, light with lots of windows. Apartment had everything you could possibly need to make your stay just perfect!< | Lea’s flat is lovely and Lea is a wonderful host. Definitely recommended"
E02006792,Hounslow 029,E09000018,Hounslow,london,275,0.841,1.82,1.09,97.09,"nice place but poor maintenance, seems high end and well put together with alot of space, but bed frames were broken when we got there resulting in a bed not being able to be used and had to sleep on  | Where to begin about our wonderful 8-night stay at Nina's absolutely lovely flat!  First, Nina is a wonderful host!  Responsive, helpful, friendly, just great. As for the flat, the pictures of it look | Spacious apartment in Chiswick, on a nice residential street very close to Chiswick Business Park and Gunnersbury station.<br/>The apartment is basement level, below the main house, but has ample ligh"
E02006793,Enfield 037,E09000010,Enfield,london,32,0.6248,12.5,3.1199999999999997,84.38,"Everything was okay to start with until I found insects in the bed. Once I made Kalin aware of this, he asked me how to treat the bed bugs. When I told Airbnb he got my name wrong and said I was lying | When Esra opened The door we just saw a smilling angle.she warmly welcomed us with her husband&estates talking to us as a part of there family.we finde cozy&tidy room ready for us &beyond our expectat | Another great stay at Selam’s place."
E02006794,Haringey 037,E09000014,Haringey,london,101,0.7981,2.97,0.9900000000000001,96.04,"Great location out of London, near train stop. Unit had no hot water. Host sent someone to fix, not fixed. 7 nights with 4 people having cold showers. No hot water in the kitchen, very difficult to wa | Amazing location and place for the best price! Would recommend getting it for any event at the Tottenham Stadium! Ideal for concert goers, when transport is a hustle. It's definitely Beyhive Approved! | It was easy to locate and was really peaceful to stay<br/>Walkable from the stadium was a golden find<br/>David was not only responsive but really accommodating making me first time bnb user comfortab"
E02006795,Harrow 032,E09000015,Harrow,london,24,0.8282,0.0,0.0,100.0,"Location was really good, supermarkets And restaurants nearby . Just expected 2 proper rooms as mentioned 2b bedroom house but other room was very small room with 2 bunk beds . | A home away from home.. <br/>After the hotel quarantine landing from South Africa we needed a place for short stay and our friend had booked this accommodation. Everything was fantastic with this plac | It’s nice that it’s located near the station and has Tesco nearby. The house was comfortable to stay. Mr Naga always replied quickly, so I didn’t have to worry about things I wasn’t really sure about "
E02006796,Hillingdon 033,E09000017,Hillingdon,london,56,0.7336,7.140000000000001,1.79,91.07,"Dirty and unprofessional | A great stay for me and my mom during our visit to Wembley to see Coldplay. Pallavi was the perfect host, really responsive before and during our stay and shared some helpful /local tips and recommend | Nice place to stay with your family and we really enjoyed it."
E02006798,Lewisham 039,E09000023,Lewisham,london,214,0.7847,3.74,0.47000000000000003,95.78999999999999,"AVOID: Warning, this company expect you to provide Photo ID before you can check in, they also require £100 deposit. I clicked reserve then realised this. I immediately asked for a cancellation/ refun | Emmys house is gorgeous, comfortable, peaceful and an absolute pleasure to stay at. I loved staying here! The bedroom is super cosy and the bed is incredibly comfortable. The house is so clean and wel | Well designed and clean flat with really nice views and lots of light coming in. It is also conveniently located with station nearby and lots of places around within walkable distance 👍"
E02006799,Barking and Dagenham 023,E09000002,Barking and Dagenham,london,41,0.6878,7.32,0.0,92.67999999999999,"He wouldn't check in my wife, because my Name was on the booking. Airbnb asked him to cancel and return my money (almost 400 Euros), he refused.<br/>I pleaded with him to take money of first night and | Business trip, ive just stayed at A.Y's for 3 nights.  I have nothing but positive things to say about my whole experience from the initial booking, A.Y's communication and the flat was absolutely ama | I stayed for a week and would not recommend. I had issues with spotty  internet and there was a shortage of basic kitchen items such as glasses, cutlery and crockery in general. The host was responsiv"
E02006800,Redbridge 034,E09000026,Redbridge,london,56,0.8238,1.79,0.0,98.21,"We spent one month in Molly's flat. it's nice and spacious for the family of 4, well quipped with all the cooking essentials, coffee machine with capsules, close to everything (shops, post office, par | We had a wonderful stay at Sue’s place. It is located very close to the station where we were able to catch Elizabeth line, which took us anywhere we needed, from Stratford to central London. We arriv | Great place, excellent location !"
E02006801,Lambeth 036,E09000022,Lambeth,london,609,0.7904,2.79,1.31,95.89,"Hello, I do not recommend this accommodation.<br/>The bathroom is very humid, which has damaged the ceiling, and there is mold in several places. The bedroom window does not open.<br/>We could hear ev | Our stay here at J.O.’s apartment was absolutely wonderful! <br/>J.O. was patient and generous with our family: responded instantly and kindly to each and every one of our questions and requests. Comm | Great location and easy access"
E02006802,Southwark 034,E09000028,Southwark,london,433,0.8113,1.8499999999999999,2.08,96.07,"Pros: excellent location, easy check in, good space. The main double bed was comfy. Responsive host. WiFi worked well.<br/>Cons: the smell of damp was overwhelming, there was mould and the flat was da | I loved staying at Joy’s place! It’s only a less than a minute walk from Southwark tube station and 5-10 minutes from Waterloo so it’s amazing to get around London. :) Joy is super welcoming and accom | Very good stay, everything was walkable at a fair price. Better visit in summer, there is only one small heater in the room."
E02006836,Sutton 025,E09000029,Sutton,london,32,0.8585,0.0,0.0,100.0,"Nice place! Would stay again | We had an absolutely wonderful stay! The home was spotless, cozy, stylishly decorated, and exactly as described, with a well-equipped kitchen that made things so convenient. But what truly stood out w | I didn't expect it to be a house with rooms but it was ok, the people who were there were kind, the host responded to me very attentively, I would come back, it was a good stay"
E02006853,Tower Hamlets 032,E09000030,Tower Hamlets,london,381,0.7838,3.15,0.26,96.59,"DO NOT STAY HERE.<br/>If I could give a negative star rating, I would!<br/>Issues are as follows: <br/>1. Apartment is unbearably hot, even with thermostats set to the lowest possible temperature. Lef | Great place to stay near Canary Wharf! The home itself is beautiful, spacious and clean. The hot tub and sauna are luxurious and a fun treat! Kitchen is fairly well stocked and easy to cook in. A/C wo | Wonderful host and very safe and convenient location."
E02006854,Tower Hamlets 033,E09000030,Tower Hamlets,london,424,0.7765,4.25,1.6500000000000001,94.1,"The apartment is in poor condition-it is worn-out, with unkempt, stained walls, with hooks on the walls in all rooms, but no paintings, with stained, crooked and broken furniture, with frayed and stai | A true home away from home! This place offers not just a beautiful view, but also a peaceful, relaxing atmosphere that instantly puts you at ease it’s the kind of stay that makes you never want to lea | Great just and fast response!! Highly recommended"
E02006882,Harrow 033,E09000015,Harrow,london,34,0.769,5.88,0.0,94.12,"She has a cat, a very cute one, but if you are allergic to it, it might be a problem for you | Lucie is an amazing host ! very welcoming and flexible...I had to pick up the key earlier and than get to the room in the evening and she was surprised flexible with this ...i stayed one night only an | It was nice to know Pragna this  short period .the place and the eara is quiet and lovely ... everything you need is close by ..."
E02006887,Bristol 054,E06000023,"Bristol, City of",bristol,367,0.7766,3.0,1.09,95.91,"Terrible service!!! No message reply and no phone call response!!! After mass trial of communication, I would like to confirm the address. But they gave me the totally wrong address which made me tons | A great location next to the water and 5 mins to the train station which was really convenient. A lovely safe and pretty area and the walk to the city Center was a nice one at at around 15 minutes.  A | Great apartment walking distance to main area. Sadly from arrival poor info & communication from the real estate company that runs the apartment. I specifically asked after booking if it was self chec"
E02006888,Bristol 055,E06000023,"Bristol, City of",bristol,116,0.8504,0.0,0.86,99.14,"Just what we needed | Had a great stay in this lovely spacious house in central Bristol. With its homely 'rural aesthetic' it makes for the ideal urban retreat where you can have the best of both worlds. It has a delightfu | Great stay at Jenny's, a cosy home from home in the heart of Easton."
E02006889,Bristol 056,E06000023,"Bristol, City of",bristol,41,0.8318,0.0,2.44,97.56,"Would stay again. | I have just had a two night stay at Joanne's lovely warm, charming house in Bristol, which was just as shown and described.It was in a pleasant, quiet area  off the busy main roads although within a r | Great stay - no negatives at all. Natalie’s a really friendly girl and it shows in her hospitality and the accommodation she provides. Thank you"
E02006890,Bristol 057,E06000023,"Bristol, City of",bristol,217,0.7843,2.76,1.38,95.85000000000001,"On first glance, lovely little flat (Anstey heights). Day after arriving during the evening when using the bathroom I noticed something crawling on the floor. Following day went into bathroom to be gr | Lucy is a friendly and responsive host. Her place is absolutely beautiful, tastefully furnished and immaculately clean. The bed is very comfortable, and the surroundings are quiet. I had a great night | Booked for a visit to see family and was absolutely perfect for the night.<br/>Polly was easy to get hold of and always attentive."
E02006902,Manchester 054,E08000003,Manchester,manchester,1231,0.7724,2.92,1.3,95.78,"The New Dream is a scam—stay away!<br/>I booked this apartment in an urgent situation and requested a late check-in at 10 PM. The host agreed but charged me an extra £40. However, upon arrival, I was  | WOW! What an absolutely beautiful flat! Exactly like the pictures! Comfy, cosy, stylish - it had it all! <br/>The flat is massive, with lots of space and storage. There are 3 bedrooms and an open-spac | Beautiful and quiet place. Exactly what I was hoping for."
E02006912,Manchester 055,E08000003,Manchester,manchester,865,0.8058,2.54,1.27,96.17999999999999,"The apartment itself was okay, but the check-in and check-out experiences were very frustrating. The host was 30 minutes late to meet us for key handover, which left us waiting around unnecessarily.<b | I don't know what pictures were used to advertise the room we stayed in but it wasn't the one pictured. A couple of friends and I booked the triple room which in the images, had plenty of space with 3 | Brilliant service from this residence. Thanks so much for being so accommodative at short notice!<br/>Thanks!"
E02006913,Manchester 056,E08000003,Manchester,manchester,182,0.7326,3.85,2.1999999999999997,93.96,"So this hotel exists probably only from the booking you make, bevor you immediately cancel everything, after you get the Adress and check for more information/ review on Google. I got only 1/3 my mone | Excellent location for everything you’ll need. Fantastic views over the city and the sunset. The balcony is a great win as is the secure and easy parking. Curtis was super responsive and very friendly | Clean and comfortable, just what was needed for a short stay close to central Manchester"
E02006914,Manchester 057,E08000003,Manchester,manchester,326,0.7574,2.45,1.53,96.00999999999999,"This review is for two separate things: building vs flat<br/>1) Building: <br/>OMG. This building is so ghetto. I can't even! <br/>The moment you enter you feel like you are in a movie set for a horro | Maddie is an amazing host! From the moment I stepped through the door, I felt like I was visiting a longtime friend. Everything was so thoughtfully arranged and welcoming that it made my stay incredib | Great city centre location , parking onsite and everywhere walkable . <br/>Apartment was spotless and have everything needed for upto a weeks stay . <br/>Would certainly stay again when in Manchester "
E02006915,Manchester 058,E08000003,Manchester,manchester,93,0.7468,3.2300000000000004,1.08,95.7,"worst experience of my life this lady is a scammer do not stay here !!!!!! | I recently had the pleasure of staying at a truly exceptional AirBnb property, and I must say, it was an experience that will remain etched in my memory. From the moment I booked my stay until the tim | Good value of money. Surrounding is quiet. The bathroom is large. But I found a little bug in it. The location is good that near the bus stop and tram station."
E02006916,Manchester 059,E08000003,Manchester,manchester,385,0.7813,2.34,1.3,96.36,Paid £3000 for a 4 week stay <br/>Stains on cushions and curtains<br/>Duvet did not fit bed <br/>Not enough pillows or pillows not great<br/>No change of linen and towels had to search and open parcel | I stayed at Claud's place in the days leading up to a move overseas after having lived in Manchester for a while. Claud was a very personable and thoughtful host - we had some great conversations when | Host was really responsive and place was great
E02006917,Manchester 060,E08000003,Manchester,manchester,252,0.8005,1.9800000000000002,1.9800000000000002,96.03,"SCAM SCAM SCAM SCAM<br/>DONT TRUST<br/>HOW IS THIS ALLOWED IN AIRBNB WHAT A MISERABLE EXPERIENCE WE HAD. | This stay was absolutely perfect from start to finish. The apartment was stunning, even better than the photos (which truly don’t do it justice). Everything was exactly as described, spotless througho | It was a really nice place and the hosts were great."
E02006918,Hackney 028,E09000012,Hackney,london,245,0.8762,0.8200000000000001,0.41000000000000003,98.78,"We had a very nice stay, and the location was perfect for a wedding we were attending in Clapton. The bedrooms were all lovely, with quality linen and plenty of towels. The basement games room was coo | I had an absolutely delightful stay at Susannah's charming flat in Clapton. The house exudes character and warmth, making it a home away from home. The super comfy bed ensured a restful night's sleep, | Nice flat, well located... a good doggy friendly stay."
E02006921,Hackney 029,E09000012,Hackney,london,120,0.7976,2.5,0.83,96.67,"So upon arrival we quickly realised that it was a house with a shared entrance, and each room in the house was the entire ‘apartment’ described on advertising. <br/>The doors for each room in the hous | This charming house in Clapton is spacious and has all you need to have a great journey. <br/>We were 2 adults and 3 children and we had a very good experience. There were 5 bedrooms and 2 bathrooms. | Very convenient and the Sleepy team are quite responsive. Great place to stay."
E02006924,Redbridge 035,E09000026,Redbridge,london,148,0.793,2.03,2.7,95.27,"Booked for one night, paid & then only when I messaged did I get a response to say it was a minimum of 2 nights. Called customer service and got my money back and Leopald will be penalised and charged | Where do I even start. The best stay we’ve ever had at any AirBnb. Mehreen and family are so welcoming, so kind, caring and affectionate. She made us feel completely at home. The whole house is pristi | Great location for a group, easy for us to get to Stratford to watch hockey"
E02006925,Redbridge 036,E09000026,Redbridge,london,134,0.7207,2.2399999999999998,5.220000000000001,92.54,"The rooms themselves were ok and it's only a short walk to the tube station.  The problems were nothing to do with the landlord.  The other people staying there were a little noisy coming in late at n | I stayed in the top (roof) room which is big, with 2 sofas, a good work table and 2/3 smaller coffee tables.<br/>The only small issue was that being in the roof you do have to get used to ducking in c | Very clean. ideally located close to station."
E02006927,Greenwich 034,E09000011,Greenwich,london,52,0.8288,0.0,1.92,98.08,"Hicham sister gave us key outside but did not come inside to show us around. When inside there was no Towels and couldn’t find bedding for sofa bed first off. There was about a third of toilet roll so | I recently had the pleasure of staying at an Airbnb apartment that exceeded all my expectations. The apartment was impeccably clean and well-maintained, creating a welcoming and comfortable environmen | Lovely Place to stay, had a great time with my family"
E02006928,Greenwich 035,E09000011,Greenwich,london,172,0.8375,1.16,1.7399999999999998,97.09,"The apartment was damp and musty. Everything we have now smells of it. It made our stay a little sad. It was meant to be fun and romantic, and at times we felt sick at the smell of musty dampness.<br | Staying at Yan was such a great experience! From the minute I booked the stay, Yan was super communicative, responsive and very kind and friendly. She was there to welcome me and give me a tour of the | Lovely hosts, great location."
E02006930,Greenwich 037,E09000011,Greenwich,london,207,0.8314,2.9000000000000004,1.4500000000000002,95.65,"WiFi didn’t work in the rooms, heater don’t work,the place on a main road. The owner tried to move me into another property after I complained the first night, still refusing to give me back my money  | Faheem and Bobbie are the real super hosts! Not only because they are awesome people but also because their place is great! The new flat is very comfortable, modern, clean and very well located in one | Great spot for access to Greenwich and the marathon weekend we booked for. Walking distance to cutty sark, marathon start line, restaurants, pubs, Grenwich market. Comfortably sleeps 8 too so fitted o"
E02006931,Greenwich 038,E09000011,Greenwich,london,234,0.862,1.28,0.43,98.29,"The place is fine but the kitchen feels incomplete. Also there is no parking in the area. The shower was cold :( | Ian was the perfect host. Prior to  arrival, he provided us with directions and information to all local services. Due to a prior engagement, he was unable to meet us personally, but kindly arranged t | The flat was very well located in Greenwich. The flat was very comfortable and quiet. I would happily stay here again."
E02006941,Southwark 035,E09000028,Southwark,london,217,0.8282,2.3,0.45999999999999996,97.24000000000001,"Avoid this apartment if you value having a stress free stay and a helpful landlord. The owner is only interested in taking your money and refuses to take responsibility when things go wrong. We arrive | Where to start?  Paul is definitely the best host on earth, my experience was 1000% positive.  Paul does not miss anything, from fresh juices in the morning to a good espresso (as an Italian I really  | Marcos place is a perfect home base for your travels! It’s close to the train station and there are plenty of restaurants and nightlife close by. Excellent choice for any couple or single traveling to"
E02006942,Southwark 036,E09000028,Southwark,london,383,0.8265,2.6100000000000003,0.7799999999999999,96.61,"From the photos, location and being a whole town house I had high hopes. <br/>Unfortunately it started badly and we had to wait an hour after 3pm to check-in which ruined my plans for the day. <br/>Th | Toral is a genuine, lovely, intelligent lady who went above and beyond to make me feel welcome in her home. The apartment is in a fantastic location and the room is spacious and comfortable. The bathr | Nikki was a fantastic host and the place is really lovely.  We really joined our stay."
E02006949,Bristol 058,E06000023,"Bristol, City of",bristol,229,0.8058,1.7500000000000002,2.18,96.07,"Fine for a nights stay, but was a little shabby chic shall we say. Main issues we had was busy road meant it was hard to sleep. The bathroom door lock was broken which i was quite annoyed about. Lastl | We stayed a few nights at Michelle's place and enjoyed a relaxing getaway. The Stapleton Road train station is just a 13 minute walk and very convenient for quick trips into Bristol and Bath. The Spar | Was the perfect stay for me and my team when working in Bristol for the weekend.<br/>The place was very clean and spacious.<br/>Loved the extra touch of supplied breakfast goodies.<br/>Recommend!!"
E02006950,Bristol 059,E06000023,"Bristol, City of",bristol,461,0.8212,1.7399999999999998,0.8699999999999999,97.39999999999999,"Not a good experience. Photo are edited, the house is more worn out than it look. It is comprised of 3 levels,with the bedroom in a basement with less than 2m height and no windows. Ventilation there  | We had a beautiful stay at this lovely Airbnb in Bristol. The location was perfect - very central with great transport connections, making it easy to get around the city. The space itself was stunning | We had such a lovely stay! The space was so clean and cosy, a hidden gem in the middle of Bristol"
E02006951,Bristol 060,E06000023,"Bristol, City of",bristol,442,0.766,3.39,2.26,94.34,"Not for me. It’s a big apartment and in a decent location, but the host didn’t provide keys to open the windows and there is no fan or air con - so no ventilation at all. In summer that’s just crazy I | Great communication and instructions. Great flat generally . Perhaps more what I would think of as an “ attic “flat than “ penthouse” but very light and airy with skylights. Spacious  communal area wi | Great location. Everything you need is within walking distance from Simon’s apartment. The place is spotless and having a parking space in a gated area made me chose staying here over a hotel where yo"
E02006952,Bristol 061,E06000023,"Bristol, City of",bristol,521,0.7802,4.03,1.15,94.82000000000001,"***AVOID THIS PLACE***<br/>I booked to stay at Hopewell’s to be near the University complex. I was moved last minute as the room I booked had a leak. The new place was further away which was less conv | I had an incredible stay at Mark’s apartment in the heart of Bristol. The location couldn’t have been more perfect, with everything from the main shopping quarter to the vibrant Harbourside just steps | Great experience really enjoys the stay. The view was amazing Right across the road from the Marriott hotel. Nothing to complain about if I was nit pick, i would say that the beds needed a few more pi"
E02006953,Barnet 042,E09000003,Barnet,london,160,0.7576,4.38,1.8800000000000001,93.75,"I have low standards, but this was still the worst stay I’ve ever had:<br/>1. The mattress was torture. Feels like sleeping on a metal fence laid on a trampoline. Every movement dug into me, making it | We stayed at Gloria's lovely family home for 3 nights with our 4 year old and 9 month old, and absolutely loved our time there. The flat itself was great - bright, beautifully decorated and organised, | Jhanzeb’s place was a lovely stay with everything you needed. Would definitely stay again"
E02006954,Barnet 043,E09000003,Barnet,london,158,0.7387,4.43,2.53,93.04,"Our stay at this Airbnb was unfortunately not as expected. The listing advertised a 2-bedroom, 2-bathroom apartment with several mirrors, but in reality there was only one bathroom, just one mirror, a | The place is as described and has plenty of natural sunlight. The neighborhood feels safe and there are plenty of places to eat nearby as well as large supermarket with great prices on groceries a bus | Lovely apartment. I will use them again. Thank you for having us."
E02006955,Brent 035,E09000005,Brent,london,306,0.8037,2.94,0.98,96.08,"We want our money back.<br/>Two friends and I booked a 3-day stay in Wembley months in advance for a concert on October 11th. Just 20 hours before check-in, we were relocated to Wandsworth. Instead of | I stayed at Shweta's place when I attended Taylor Swift's concert in Wembley on the 16th of August. At first, I was a bit worried because It was my first time to experience Airbnb, but Shweta made me  | great place and very good location"
E02006956,Brent 036,E09000005,Brent,london,299,0.7811,3.34,1.0,95.65,"Traveling with kids has to experience incorrect location as given in address !! House outside pictures not posted as it’s extended house either in garage or open land close to house, house has big war | I don’t even know where to start… Simon and Nick are heroes; saving us last minute from an air BnB gone wrong. Not only did they accept us last minute, but they were so welcoming, kind and hospitable; | A great location for a trip to Wembley.<br/>Good layout for a sharing couple.<br/>Very accessable from the motorway."
E02006957,Salford 031,E08000006,Salford,manchester,23,0.7882,0.0,0.0,100.0,"Accepted my last minute booking and was accommodating with my requests. | Amazing host and Nice clean apartment, the cleaning and amenities were better then hotel felt like home, quite place out of main rood, nice big kitchen and big garden area, 3 good size rooms, 2 bathro | A cheap option gave me what I needed Ayuub was a good responsive communicator.  A fair price for what you get."
E02006958,Salford 032,E08000006,Salford,manchester,220,0.7654,4.09,0.91,95.0,"The location is horrible, very ugly neighbourhood and nothing to do. Felt unsafe as a solo female traveler as to get to the property I needed to walk through a road with no lights. There was only one  | We arrived by taxi directly from the airport (£42) and when we arrived at the door of the house, I honestly thought I had been scammed. The neighborhood, that particular street looks a little abandone | nice place. quite in a residential area. host was responsive. suggested a few changes and host noted it calmly."
E02006959,Salford 033,E08000006,Salford,manchester,386,0.7908,1.55,1.3,97.15,"Clean and close from city center (10 min walking) <br/>No elevator working and flat was in 5th floor, they didn’t mention that in description so was disappointed as we can’t left flat few times/ day o | I had such a fantastic stay! The apartment was spotless, and had everything we needed for a really comfortable visit. The bed was super cozy, the WiFi worked perfectly, and the whole space felt welcom | A good place to stay in Manchester. Pretty central placement. Easy checkin and checkout. A few minor flaws. The holder for the showerhead is broken and the coat and hat stand as well."
E02006960,Salford 034,E08000006,Salford,manchester,426,0.7696,2.58,1.6400000000000001,95.77,The accommodation was straightforward to check in too but was met with a miserable reception host who was not welcoming. Whole building and apartment had a bad smell. Towels smelled like BO and hadn’t | James is an amazing host! He checked in with us regularly and couldn’t do enough for us whilst we were there. The apartment was modernly decorated and the bed was nice and comfy and the location is re | Beautifully clean apartment and extremely stylish!
E02006961,Salford 035,E08000006,Salford,manchester,462,0.7409,3.9,2.16,93.94,"Saad was proactive to respond but he is not the owner thus doubt he know the details of the house. <br/>This is not a smart tv, it is just a LED TV which is broken. <br/>The oven is broken and was not | I thought Sid’s place looked a bit too good to be true for the price and was pleasantly surprised in it not being a stitch up! 🤣😅😁 we were in Salford visiting a mate whose gig we were up to see, in Ma | Great host and quirky but nice accommodation would recomend."
E02006962,Salford 036,E08000006,Salford,manchester,214,0.7225,5.140000000000001,1.4000000000000001,93.46,"When I booked this place, I selected it based on the description of a beautiful, non‑smoking location. To my surprise, the accommodation was situated directly across from a very busy gas station—hardl | Absolutely fantastic stay! The apartment was spotless, cozy, and had everything I needed for a perfect trip. The bed was incredibly comfortable, the Wi-Fi was strong and reliable, and I really appreci | Nice place and comfortable. Near to where we wanted to go in Manchester. There were a lot of the owners belongings there. Ie. Clothes and shoes, which I thought was a bit odd. Other than that no compl"
E02006963,Salford 037,E08000006,Salford,manchester,345,0.7783,3.7699999999999996,0.8699999999999999,95.36,"Organised to meet Chucks at 6.30 at the property. He wouldn't give the address, asked me to wait at Sainsburys, didn't turn up and called about 6.45pm to direct me to the property, where he said he wa | What a great find! City Nook really stands out furnishing wise - this really has the feel of a home which has been decorated and furnished for aesthetics and comfort, not just with the basic standard  | great place; will definitely visit again"
E02006968,Ealing 041,E09000009,Ealing,london,159,0.7823,3.1399999999999997,0.63,96.23,"i booked this place 1 day in advance and my profile clearly shows my age along with the IDs i sent to them which they requested, I am 22 and the person who was travelling with me in 25. they did not c | Matt’s place is a hidden gem. We were in town for a concert at Wembley Stadium - it’s just 15 mins by cab to the stadium and they’re able to drop you off surprisingly close! Then Paddington took us ab | Great place. Nice location  close to train station, many restaurants in area, will stay again"
E02006969,Ealing 042,E09000009,Ealing,london,175,0.7567,4.0,1.1400000000000001,94.86,"This was my worst Airbnb stay as:<br/>- dirty bed lines - the host asked me to change it<br/>- the flat was not properly cleaned, stains on the sink, a lose hair everywhere<br/>- the shower was on boi | Emma's Property was so nice and more than what we had expected or the photoes shown in the listing page. <br/>Not only a beautiful garden and nice rooms, but also many antiques and vintages which our  | We stayed here when we went into London last weekend. The place is clean and tidy. It’s a good spot if you’re planning on going into central London, as the train station is a few minutes away as well "
E02006970,Ealing 043,E09000009,Ealing,london,12,0.7922,8.33,0.0,91.67,"For the most part, things went smoothly and satisfactorily. <br/>The flat was clean, and relatively economically priced. <br/>On the downside, if you’re staying during below-zero temps, the combo of h | Visiting London is very exciting experience specially when you have a higher level of hospitality available. Manjot & Summer and their two daughters, A family in a southall, London. They are very flex | Great modern flat on the outskirts of London. Ideal for anyone who needs to stay near the airport. It would be an idea to clarify how to find the place though."
E02006971,Ealing 044,E09000009,Ealing,london,8,0.4468,25.0,0.0,75.0,I wasn't successful in staying in this room and was charged for it. Ihtisham asked me not to cancel the reservation for a reason I do not understand and he will cancel the reservation for me to receiv | This is a good place for a family and friends . Athul is a very good person and alwaya available on request and given 94e flexibility of using his property. Also flexibility check in and check out. pl | very friendly host!
E02006972,Hounslow 030,E09000018,Hounslow,london,193,0.726,5.18,2.59,92.23,"My family and I had an unfortunate experience at Mila’s place. When we arrived, the cleaning lady was still there finishing up, but stayed for 20 mins, which made us uncomfortable. When she left, we l | Incredible to think you can stay in such a peaceful oasis of calm so close to the centre of London.  We absolutely loved our stay on Adam and Lisa's beautiful boat.   We spent most of our time on the  | I stayed at this Airbnb for 4 weeks in June/July. Overall, the stay was pleasant with a few notable pros and cons.<br/>Pros: The host is extremely polite and easy to talk to, and the general manager i"
E02006973,Hounslow 031,E09000018,Hounslow,london,182,0.7909,4.95,0.5499999999999999,94.51,"faced a number of issues causing this to be an unpleasant experience. <br/>1. We had a check in time from 4pm. We arrived at 5pm to find the key box open with no key inside. (we only got inside the ap | The stay was great. The cottage is located in a quiet area with good infrastructure (bus connection, not far to the underground, grocery stores within walking distance, pubs with food in the neighborh | Great location , this condo is absolutely stunning and very modern"
E02006983,Manchester 061,E08000003,Manchester,manchester,417,0.7908,2.64,0.72,96.64,"The host is extremely insensitive and unprofessional. The fridge didn’t work at all, and the tiny freezer could only hold two small plates, so all the meals I brought for my children went bad, we tras | Of all the airbnbs I’ve stayed at, I felt the most at home here with Natalia! Not only was her place absolutely stunning and neat as could be, but Natalia herself was such an amazing host- super frien | Lovely place, thanks King!"
E02006984,Manchester 062,E08000003,Manchester,manchester,251,0.7472,4.38,1.2,94.42,"Would never go back to this place. I found a blood stained sanitary pad in one of the drawers found by my little daughter and condition of the unit is absolutely terrible. She tried to pin dirty sanit | I stayed at this apartment with some friends, it was really easy to find and the hosts gave super clear instructions. The apartment was beautiful, very clean and had everything we needed.<br/>Only a c | There were many fantastic elements to this flat. The location is perfect - a 20 minute walk into the Northern Quarter or a 5 minute walk to the nearest tram stop. The host was very responsive. The fla"
E02006985,Manchester 063,E08000003,Manchester,manchester,29,0.777,6.9,0.0,93.10000000000001,"I would highly recommend anyone to avoid this place. I booked regardless of the bad reviews as I needed somewhere cheap to stay, but all four of us felt unsafe from the start. No ID checks to start, a | I had an incredible stay at Faizan's Artsy Airbnb! The space is not only convenient but also beautifully designed, with every detail thoughtfully curated to ensure guests have everything they might ne | it was great for one night and clean space!"
E02006986,Manchester 064,E08000003,Manchester,manchester,34,0.7033,5.88,8.82,85.28999999999999,"Dear Airbnb Support,<br/>I am writing to formally raise a complaint and request a full refund for a booking we made and checked into today. This was meant to be a special weekend away with my partner, | Excellent place to stay in!<br/>The hosts were really proactive with communication - checked on me by messaging during the stay to see if things were going smoothly <br/>Property is very well built- v | The location is nice with many restaurants nearby. Place can comfortably host a group of 5-7. As mentioned in description parking is only available on street. 5/5 would stay again."
E02006987,Croydon 046,E09000008,Croydon,london,188,0.7473,3.19,2.13,94.67999999999999,"Host lives there and moves out when people stay. one of the wardrobes is full of his stuff. Dirty kitchen towels. Dirty towels. Left over food with potatoes sprouting shoots.  No iron. Broken washing  | The best way I can describe our stay is that it was like staying at a friend's. The apartment was clean and full of everything you'd need. Eneyi had included lots of nice little touches to help make t | Amazing place, really central i will come back for sure!"
E02006988,Croydon 047,E09000008,Croydon,london,74,0.7847,4.05,0.0,95.95,no one should ever book this place especially if its under the same host/manager. Awful experience. Never responded to messages or communicated. Pls note i had paid part since March 2024 and asked for | This was a great venue. The place was clean and as it seemed in the photos. There wasn’t noise from neighbours either which was great. The room was hot (middle of a heatwave) but luckily they had a hu | Clean modern flat near Croydon town centre and East Croydon train station.<br/>I would definitely stay here again. <br/>Definitely recommend this place. <br/>Thank you
E02006991,Greenwich 039,E09000011,Greenwich,london,200,0.7886,3.5000000000000004,0.5,96.0,"Avoid!! Seems like a scam. Lucien didn't respond to any of my messages about checkin. He called me the night before check in claiming that there had been a flood and that I needed to cancel. It should | This little apartment is just fabulous!  Liri herself - extremely responsive, solved issues straight away with a very friendly demeanour. She even arranged for me to have use of a yoga mat - so useful | Agne's place was wonderful and pleasant to stay in"
E02006992,Greenwich 040,E09000011,Greenwich,london,209,0.8401,0.96,0.96,98.09,"Decent, but not great bang for buck! | Amazing amazing host!<br/>Out of all the Airbnb stays we’ve had, this was truly one of the best. From the moment we arrived, we were welcomed so warmly and guided so kindly. The whole place had such a | generous size, nice kitchen appliances, easy access to groceries or fast food in just 5 minutes walk."
E02006993,Greenwich 041,E09000011,Greenwich,london,253,0.7995,2.77,0.79,96.44,"Con artists.<br/>- One toilet of the 2 was broken and made a loud gushing noise that kept us awake the entire time.<br/>- the 2nd bathroom had all but one bulb broken in the ceiling.<br/>- red wine st | Cara is a wonderful host. She is friendly, professional, extremely helpful, nothing is too much trouble. <br/>I faced a number of issues with my booking / stay. Cara was patient, supportive, kind and  | Our stayed at Stevens place was fenomenal!! The location is great. The view from the apartment is incredible. It’s only 10 min walking from his place to the tube and like 20 min from the tube to centr"
E02006994,Greenwich 042,E09000011,Greenwich,london,243,0.7761,3.6999999999999997,1.6500000000000001,94.65,"This flat was very very very dirty. The photos are so bright and everything seems ok, but we had a very unpleasant surprise when we arrived there. Pff, with what should I start???<br/>The walls were a | We had a wonderful stay at Sarah’s place! Everything was perfect, from booking to the arrival instructions, which were super clear and made check-in a breeze. The location was ideal, within walking di | Nice place with a great view …"
E02006995,Newham 038,E09000025,Newham,london,182,0.859,1.6500000000000001,1.0999999999999999,97.25,"Chaudary’s Airbnb experience was a complete letdown. Despite confirming my booking and receiving payment, I arrived to discover a double-booking situation after waiting for 6 hours. The lack of prior  | I cannot express enough how much Natalie did for us.  First off she was able to arrange with her parents a meeting place so they were able to show us to the apartment directly from the Tube. On our ar | Had a great stay here. Easy to get about and a short walk to the shops and transport. Zoe was very amenable and helped us with an earlier check in, we would recommend."
E02006996,Newham 039,E09000025,Newham,london,189,0.7939,3.17,1.06,95.77,"Although Henry was welcoming and friendly, I’m afraid there were a few significant issues with his listing and place. I have to give an honest review, hence my low rating. The following are the most s | This place was a lovely place to stay for my 3 weeks in London. The location was perfect, just 10 mins walk from the straford station and large shopping centre, which made it so convenient.<br/>Cleanl | The host Mr Nurudeen was really amazing and very prompt in reply. He helped us to store our luggage as we had arrived earlier than check in time and as the apartment wasn't ready yet he offered to kee"
E02006997,Newham 040,E09000025,Newham,london,209,0.7957,3.35,0.96,95.69,"Disappointed that the kitchen was badly stocked, what is the point in having 4 burner gas cooker and oven when there is no sharp knives, chopping board or other basic food preparation equipment.  Fort | I had a lovely stay in this spotless flat! <br/>Stratford is an amazing area conveniently located (great Olympic park with West ham stadium, huge shopping centre, close to Central London and the Dockl | Great place to stay. Good connections with public transport."
E02006998,Newham 041,E09000025,Newham,london,158,0.7668,2.53,2.53,94.94,"LONDON, 11 AUGUST 2025 - 21:21 HOURS (9:21 PM)<br/>FYI: We have had telephone conversations with your SUPPORT STAFF, 4 (FOUR) of them, explaining, sequentially during each call which lasted more than  | Ana was the perfect host; this is a lovely flat, all new & super clean, very tasteful & elegant. Bed extremely comfy, shower good; Ana very thoughtful, proactive & welcoming, happy to chat or leave yo | Lovely place, nice and central just what we needed"
E02006999,Newham 042,E09000025,Newham,london,365,0.7958,2.4699999999999998,1.6400000000000001,95.89,"On arrival flat was warm, nice. <br/>Mattresses adequate but linens of poor quality, 2 spare pillows provided but no pillow slips for them! <br/>No bedside lamps!<br/>One towel each, not nearly enough | John's apartment is a wonderful space to base yourself from if in the ExCeL, Canary Wharf district. It's homely, clean, decorated beautifully and really well located in terms of the nearest metro stat | Great location. Prefect if you have an event in the Excel."
E02007000,Oldham 036,E08000004,Oldham,manchester,10,0.6736,0.0,0.0,100.0,"It was okay to stay there, this is according to the feedback I got back from my sisters. I did not stay there personally. | Ade's place was great. We stayed for just under 2 weeks and found plenty of privacy and felt very comfortable using the shared spaces in the home. It was kept super clean throughout and during the wee | A really clean, spacious room with a friendly and straightforward service."
E02007001,Oldham 037,E08000004,Oldham,manchester,29,0.4318,17.24,3.45,79.31,"Must AVOID AT ALL COSTS!!!<br/>Host changed the address without notice. He just said it was a mistake!!!!<br/>Very slow to respond and took very long to address issues.<br/>Our original booking was ne | We did not realise the accommodation is a HMO type. It was bit awkward at first but at the end of the day it felt like being in the hotel (kind of). We had our private en-suite room, the kitchen was s | Good place to stay"
E02007008,Lewisham 040,E09000023,Lewisham,london,83,0.8288,0.0,0.0,100.0,"We like the location, bus stops and train station are just few steps away. a lot of nearby groceries. | Sarah's place was amazing. She was super responsive and very friendly. It was a very smooth check-in, and check out. The place had everything we needed, and Sarah made sure we had everything that we n | A modern and nice apartment, everything was very clean, a good location, I would come back again"
E02007009,Lewisham 041,E09000023,Lewisham,london,144,0.8499,0.0,0.69,99.31,"The apartment description is so apt. | Allan does justice to the term ""Superhost""!<br/>My wife and I generally go for hotels in places we visit, but this time we decided to go for an Airbnb experience - I've come to realize that AirBnb is  | Great place to stay, beautiful building !"
E02007017,Redbridge 037,E09000026,Redbridge,london,15,0.7652,0.0,6.67,93.33,"Reasonable | Chanel was not only a responsive and resourceful host, but she also went above and beyond to make our stay comfortable at her airbnb by meeting us at check-in, walking us through details about the ren | Great host, with good communication & understanding"
E02007018,Redbridge 038,E09000026,Redbridge,london,45,0.7192,4.44,2.22,93.33,"The host accepted my booking but on the day when I went to the place, nobody was there. he never replied my messages. I waited for 30mins and no one showed up. then I had to cancel my booking and Airb | Extremely lovely place and Cherry on the cake - he is a gentleman.<br/>He’s make u feel at home <br/>Take care of all your needs and ensure comfort. And the best part that fascinated me is the high of | Would book again 👌🏼"
E02007019,Redbridge 039,E09000026,Redbridge,london,18,0.4755,22.220000000000002,0.0,77.78,"The housekeeper was nice but I had experience some problems on that place<br/>At night when I go for shower water was so cold, Room Heater and Water Heater both stopped working - Next day housekeeper  | At first, we were very skeptical about the listing especially taking into consideration the perfect pictures and price tag. eventually we went ahead to book.<br/>Serena and her team were simply the be | Exactly as listed, good host. would stay again"
E02007020,Redbridge 040,E09000026,Redbridge,london,34,0.6219,11.76,0.0,88.24,"The experience on this stay was definitely not a good one. In the bedroom, the curtains rail were broken. The two-seater sofa was excessively stained. The Wi-Fi didn't work. The duvet on the double be | I met Zoe only once. He son dealt with the listing and accommodation. Much needs to be done to make this accommodation better and up to standard. Being their 1st guest and an Airbnb user for many year | Great stay"
E02007083,Wandsworth 038,E09000022,Lambeth,london,2,0.7262,3.02,1.21,95.77,"A week before our checkin the host messaged that the 4 bedroom beautiful home near Hyde park that we rented months ago would no longer be available to us.  She then offered another location in a diffe | When I first booked, I was a little nervous, but the hosts were incredibly kind, responsive, and reassuring. From the moment I arrived, they welcomed me warmly, and the place exceeded my expectations  | The flat was clean and well furnished, and extremely comfortable"
E02007083,Wandsworth 038,E09000032,Wandsworth,london,660,0.8114,3.02,1.21,95.77,"A week before our checkin the host messaged that the 4 bedroom beautiful home near Hyde park that we rented months ago would no longer be available to us.  She then offered another location in a diffe | When I first booked, I was a little nervous, but the hosts were incredibly kind, responsive, and reassuring. From the moment I arrived, they welcomed me warmly, and the place exceeded my expectations  | The flat was clean and well furnished, and extremely comfortable"
E02007084,Wandsworth 039,E09000032,Wandsworth,london,227,0.8432,0.44,1.32,98.24000000000001,"This is a co-living space with 4 other people, some renting short-term via Airbnb & some on a longer lease. I had the luck of having pretty decent roommates during my stay but there are also chances o | I had an absolutely wonderful experience at this Airbnb! The space was spotless, stylish, and exactly as described—if not better. From the moment I arrived, everything felt thoughtfully arranged to en | Location to 3 different types of public transport, beautiful  Battersea Park walking distance away, supermarket 1 minute away, this was a great choice for a sightseeing stay in London."
E02007108,Hackney 030,E09000012,Hackney,london,442,0.829,1.58,1.81,96.61,"Our experience in this place was horrific. We booked for a month, but upon arrival, found zero storage space; all cupboards are filled  with the Host’s belongings. When allowing a long stays, an empty | I stayed with Mel in her fantastic apartment for 2 nights while I was attending a work conference nearby.<br/>Dalston as an area is buzzing with life and creativity and Mel.'s apartment exemplified th | Beverly was so kind and helpful!"
E02007109,Hackney 031,E09000012,Hackney,london,324,0.8702,0.9299999999999999,0.31,98.77,"No wifi - it hasn’t been paid<br/>No tv - cable is broken <br/>No hot water on the first night (until 1am after us fiddling with the boiler)<br/>Shower switch doesn’t stay on unless held so cannot use | We had a great time staying with Nyasha, he was extremely kind and helpful. He made sure to check in on us and was quick to respond to all of our questions. Every time he saw us he made sure to say hi | It's a very nice apartment, just less than a minute from public transport (bus and metro). We’ve felt like at home. The area is also perfect. We would repeat! Or… we will repeat! 😉"
E02007110,Hackney 032,E09000012,Hackney,london,572,0.8091,1.92,1.4000000000000001,96.67999999999999,"Great location! Apartment was nice enough but could do with a few extras like a toaster/ cafetiere/ black out blinds for the bedrooms. It was fine for our needs as we were out a lot and were only ther | We recently had the pleasure of staying at this gorgeous apartment in London for three months, and it truly became a home away from home. From the moment we arrived, we were struck by how warm and bri | Unfortunately, there was a serious issue with the temperature during our stay. The heating was turned on 30•C degrees (86•F) — in the summer!<br/>The heat was unbearable, particularly inside the rooms"
E02007111,Hackney 033,E09000012,Hackney,london,1063,0.8175,2.8899999999999997,0.75,96.37,"The room was small, there was a mushy carpet everywhere but nothing abnormal for a budget hotel. The walls however are so thin you hear your neighbour coughing and breathing, which makes sleeping a di | Stunningly designed flat - looks even better than the photos! Very relaxing, spacious and super clean. Really quiet and peaceful despite being so central and close to everything! Can walk easily every | Nice place to stay for a weekend. Lively neighbourhood with restaurants and bars nearby. I recommend !"
E02007111,Hackney 033,E09000030,Tower Hamlets,london,10,0.9056,2.8899999999999997,0.75,96.37,"The room was small, there was a mushy carpet everywhere but nothing abnormal for a budget hotel. The walls however are so thin you hear your neighbour coughing and breathing, which makes sleeping a di | Stunningly designed flat - looks even better than the photos! Very relaxing, spacious and super clean. Really quiet and peaceful despite being so central and close to everything! Can walk easily every | Nice place to stay for a weekend. Lively neighbourhood with restaurants and bars nearby. I recommend !"
E02007112,Tower Hamlets 034,E09000030,Tower Hamlets,london,177,0.849,0.5599999999999999,0.0,99.44,"WiFi box was broken and hanging off the wall-it was very temperamental if it worked depending on wire connection..<br/>There was lights in living room that were tapped up with selotape to hold togethe | Just like an earlier review that I read, Rose's place was better than the photos indicated. A lovely new build with a great, modern kitchen and all the conveniences you need. The pull out bed was not  | Great location just a quick walk to the grocery store and tube stop. Easy check-in and check-out. Very comfortable with plenty of room for 4 adults. Lin Yee was quick to respond to questions."
E02007113,Tower Hamlets 035,E09000030,Tower Hamlets,london,221,0.7655,4.52,0.8999999999999999,94.57,"BUYER BEWARE: This is the worst AirBnB we ever experienced and looks nothing like the photos. We arrived after an 8-hr international flight with toddlers in tow to a dirty, dowdy apartment without eve | Staying with Lavin and her cheeky cat Joy was just one of the best Airbnb experience I’ve had in London. The only thing was the stairs when I had far too many suitcases(a me problem) but really, so mi | I enjoyed my 1 week stay at Pradeep's apartment. It is very close to Canary Wharf and I ran my errands around using public transport both buses and the DLR. For the few days he was around, it was quie"
E02007114,Tower Hamlets 036,E09000030,Tower Hamlets,london,338,0.784,3.55,0.59,95.86,"I requested a 3pm check-in, but received no acknowledgment, just an automated message stating check-in was at 4pm. I arrived at 4pm, only to be told I hadn’t given a 3-hour notice with my check-in tim | I booked this place on behalf of my parents, and their experience staying here for about 2 weeks was just perfect!<br/>Checking in was super easy as Mr Saket provided clear instructions on accessing t | great, thank you.!"
E02007115,Camden 029,E09000007,Camden,london,1111,0.7559,4.04,1.9800000000000002,93.97999999999999,"Firstly, the flat was very clean and the facilities looked new. Secondly, the location of the flat was good, close to King's Cross station. Thirdly, the price is cheap in London.<br/>However, there ar | Jin is the best host that I’ve ever met!! He was so friendly and super responsive both until I arrive and while I stay. The room was exactly what it looked like in the photos and it was very clean. I  | Tiny but great location. No elevator is to be expected but didn’t see it mentioned in the listing so be careful if you have a lot of luggage. Shower is very tiny so if you’re a larger person, might ha"
E02007115,Camden 029,E09000019,Islington,london,2,0.8774,4.04,1.9800000000000002,93.97999999999999,"Firstly, the flat was very clean and the facilities looked new. Secondly, the location of the flat was good, close to King's Cross station. Thirdly, the price is cheap in London.<br/>However, there ar | Jin is the best host that I’ve ever met!! He was so friendly and super responsive both until I arrive and while I stay. The room was exactly what it looked like in the photos and it was very clean. I  | Tiny but great location. No elevator is to be expected but didn’t see it mentioned in the listing so be careful if you have a lot of luggage. Shower is very tiny so if you’re a larger person, might ha"
